ticker,name,market,sector,market_cap,total_score,grade,growth_score,sector_score,momentum_score,value_score,d_eps_growth,d_revenue_cagr,d_operating_margin,d_sector_flow,d_analyst_reports,d_news_multiplier,d_volume_multiplier,d_week52_position,d_institutional_buying,d_forward_peg,d_pbr_ratio,raw_eps_growth_pct,raw_revenue_cagr_pct,raw_operating_margin_trend,raw_volume_multiplier,raw_week52_position_pct,raw_institutional_buying,raw_pbr_vs_sector,raw_forward_peg,raw_sector_flow,raw_analyst_count,raw_news_multiplier,last_updated
052260,현대바이오랜드,"market    KOSDAQ
market       KSQ
Name: 1049, dtype: object",,1620.0,15,제외,0,0,15,0,0,0,0,0,0,0,10,5,0,0,0,,,,10.07,86.7,,,,,0,,2026-09-30 13:30:16
900260,로스웰,"market    KOSDAQ
market       KSQ
Name: 1478, dtype: object",,869.9614434,13,제외,0,0,13,0,0,0,0,0,0,0,8,5,0,0,0,,,,9.68,90.16,,,,,0,,2026-09-30 13:38:54
097800,윈팩,"market    KOSDAQ
market       KSQ
Name: 1508, dtype: object",,828.25286575,13,제외,0,0,13,0,0,0,0,0,0,0,8,5,0,0,0,,,,8.91,80.61,,,,,0,,2026-09-30 13:39:27
013990,아가방컴퍼니,"market    KOSDAQ
market       KSQ
Name: 1027, dtype: object",,1680.5530896,11,제외,0,0,11,0,0,0,0,0,0,0,6,5,0,0,0,,,,6.01,89.77,,,,,0,,2026-09-30 13:29:52
054800,아이디스홀딩스,"market    KOSDAQ
market       KSQ
Name: 1081, dtype: object",,1552.1634,11,제외,0,0,11,0,0,0,0,0,0,0,6,5,0,0,0,,,,5.09,88.46,,,,,0,,2026-09-30 13:30:55
141000,비아트론,"market    KOSDAQ
market       KSQ
Name: 1206, dtype: object",,1272.04455,11,제외,0,0,11,0,0,0,0,0,0,0,6,5,0,0,0,,,,6.66,80.29,,,,,0,,2026-09-30 13:33:25
054050,NH농우바이오,"market    KOSDAQ
market       KSQ
Name: 1257, dtype: object",,1189.4676262,11,제외,0,0,11,0,0,0,0,0,0,0,6,5,0,0,0,,,,6.6,82.26,,,,,0,,2026-09-30 13:34:27
002710,TCC스틸,"market    KOSPI
market      STK
Name: 613, dtype: object",,3675.1603194,10,제외,0,0,10,0,0,0,0,0,0,0,10,0,0,0,0,,,,12.63,63.66,,,,,0,,2026-09-30 13:22:08
005720,넥센,"market    KOSPI
market      STK
Name: 673, dtype: object",,3163.1474154,10,제외,0,0,10,0,0,0,0,0,0,0,10,0,0,0,0,,,,21.61,74.41,,,,,0,,2026-09-30 13:23:14
112290,와이씨켐,"market    KOSDAQ
market       KSQ
Name: 786, dtype: object",,2501.348833,10,제외,0,0,10,0,0,0,0,0,0,0,10,0,0,0,0,,,,12.11,71.07,,,,,0,,2026-09-30 13:25:21
005010,휴스틸,"market    KOSPI
market      STK
Name: 819, dtype: object",,2359.89915,10,제외,0,0,10,0,0,0,0,0,0,0,10,0,0,0,0,,,,13.63,58.49,,,,,0,,2026-09-30 13:25:58
450950,아스테라시스,"market    KOSDAQ
market       KSQ
Name: 824, dtype: object",,2332.910704,10,제외,0,0,10,0,0,0,0,0,0,0,10,0,0,0,0,,,,15.85,34.38,,,,,0,,2026-09-30 13:26:03
084990,헬릭스미스,"market    KOSDAQ
market       KSQ
Name: 995, dtype: object",,1758.44020555,10,제외,0,0,10,0,0,0,0,0,0,0,10,0,0,0,0,,,,29.54,38.2,,,,,0,,2026-09-30 13:29:16
267320,나인테크,"market    KOSDAQ
market       KSQ
Name: 1050, dtype: object",,1619.111319,10,제외,0,0,10,0,0,0,0,0,0,0,10,0,0,0,0,,,,24.53,58.58,,,,,0,,2026-09-30 13:30:17
008970,KBI동양철관,"market    KOSPI
market      STK
Name: 1090, dtype: object",,1538.86323081,10,제외,0,0,10,0,0,0,0,0,0,0,10,0,0,0,0,,,,11.34,49.65,,,,,0,,2026-09-30 13:31:06
102120,어보브반도체,"market    KOSDAQ
market       KSQ
Name: 1130, dtype: object",,1454.4655954,10,제외,0,0,10,0,0,0,0,0,0,0,10,0,0,0,0,,,,10.68,48.9,,,,,0,,2026-09-30 13:31:52
010280,아이티센엔텍,"market    KOSDAQ
market       KSQ
Name: 1553, dtype: object",,781.48542,10,제외,0,0,10,0,0,0,0,0,0,0,10,0,0,0,0,,,,28.07,75.35,,,,,0,,2026-09-30 13:40:23
291650,츌립앤사이언스,"market    KOSDAQ
market       KSQ
Name: 1677, dtype: object",,685.16549145,10,제외,0,0,10,0,0,0,0,0,0,0,10,0,0,0,0,,,,10.07,55.93,,,,,0,,2026-09-30 13:42:46
145170,노브랜드,"market    KOSDAQ
market       KSQ
Name: 1751, dtype: object",,624.76556475,10,제외,0,0,10,0,0,0,0,0,0,0,10,0,0,0,0,,,,23.92,59.04,,,,,0,,2026-09-30 13:44:08
306200,세아제강,"market    KOSPI
market      STK
Name: 550, dtype: object",,4345.2116,9,제외,0,0,9,0,0,0,0,0,0,0,4,5,0,0,0,,,,4.71,82.54,,,,,0,,2026-09-30 13:21:00
105740,디케이락,"market    KOSDAQ
market       KSQ
Name: 1390, dtype: object",,978.2109506,9,제외,0,0,9,0,0,0,0,0,0,0,4,5,0,0,0,,,,3.59,82.36,,,,,0,,2026-09-30 13:37:08
007590,동방아그로,"market    KOSPI
market      STK
Name: 1575, dtype: object",,761.2225543,9,제외,0,0,9,0,0,0,0,0,0,0,4,5,0,0,0,,,,3.14,81.28,,,,,0,,2026-09-30 13:40:51
303360,프로티아,"market    KOSDAQ
market       KSQ
Name: 1583, dtype: object",,753.4633275,9,제외,0,0,9,0,0,0,0,0,0,0,4,5,0,0,0,,,,3.06,85.49,,,,,0,,2026-09-30 13:40:58
012790,신일제약,"market    KOSDAQ
market       KSQ
Name: 1585, dtype: object",,752.746862,9,제외,0,0,9,0,0,0,0,0,0,0,4,5,0,0,0,,,,4.69,90.47,,,,,0,,2026-09-30 13:40:58
018880,한온시스템,"market    KOSPI
market      STK
Name: 137, dtype: object",,36124.0472384,8,제외,0,0,8,0,0,0,0,0,0,0,8,0,0,0,0,,,,9.09,59.43,,,,,0,,2026-09-30 13:13:16
457190,이수스페셜티케미컬,"market    KOSPI
market      STK
Name: 185, dtype: object",,24084.440984,8,제외,0,0,8,0,0,0,0,0,0,0,8,0,0,0,0,,,,8.29,59.18,,,,,0,,2026-09-30 13:14:09
009410,태영건설,"market    KOSPI
market      STK
Name: 484, dtype: object",,5108.05566063,8,제외,0,0,8,0,0,0,0,0,0,0,8,0,0,0,0,,,,7.1,73.45,,,,,0,,2026-09-30 13:19:45
067630,HLB생명과학,"market    KOSDAQ
market       KSQ
Name: 502, dtype: object",,4791.3403794,8,제외,0,0,8,0,0,0,0,0,0,0,8,0,0,0,0,,,,8.39,73.73,,,,,0,,2026-09-30 13:20:06
047920,HLB제약,"market    KOSDAQ
market       KSQ
Name: 590, dtype: object",,3860.4842012,8,제외,0,0,8,0,0,0,0,0,0,0,8,0,0,0,0,,,,7.88,56.72,,,,,0,,2026-09-30 13:21:44
011500,한농화성,"market    KOSPI
market      STK
Name: 846, dtype: object",,2250.1703438,8,제외,0,0,8,0,0,0,0,0,0,0,8,0,0,0,0,,,,7.04,48.86,,,,,0,,2026-09-30 13:26:26
051980,중앙첨단소재,"market    KOSDAQ
market       KSQ
Name: 1278, dtype: object",,1149.79918815,8,제외,0,0,8,0,0,0,0,0,0,0,8,0,0,0,0,,,,8.42,23.77,,,,,0,,2026-09-30 13:34:48
439580,블루엠텍,"market    KOSDAQ
market       KSQ
Name: 1355, dtype: object",,1015.39641,8,제외,0,0,8,0,0,0,0,0,0,0,8,0,0,0,0,,,,7.67,44.07,,,,,0,,2026-09-30 13:36:25
071090,하이스틸,"market    KOSPI
market      STK
Name: 1539, dtype: object",,791.5056632,8,제외,0,0,8,0,0,0,0,0,0,0,8,0,0,0,0,,,,8.65,71.3,,,,,0,,2026-09-30 13:40:09
039610,화성밸브,"market    KOSDAQ
market       KSQ
Name: 1647, dtype: object",,704.78408,8,제외,0,0,8,0,0,0,0,0,0,0,8,0,0,0,0,,,,8.18,60.53,,,,,0,,2026-09-30 13:42:13
153710,옵티팜,"market    KOSDAQ
market       KSQ
Name: 1710, dtype: object",,661.6151058,8,제외,0,0,8,0,0,0,0,0,0,0,8,0,0,0,0,,,,7.02,74.24,,,,,0,,2026-09-30 13:43:21
360350,코셈,"market    KOSDAQ
market       KSQ
Name: 1774, dtype: object",,613.403016,8,제외,0,0,8,0,0,0,0,0,0,0,8,0,0,0,0,,,,9.45,60.17,,,,,0,,2026-09-30 13:44:35
030000,제일기획,"market    KOSPI
market      STK
Name: 203, dtype: object",,21558.725565,7,제외,0,0,7,0,0,0,0,0,0,0,2,5,0,0,0,,,,2.97,80.6,,,,,0,,2026-09-30 13:14:29
340450,지씨지놈,"market    KOSDAQ
market       KSQ
Name: 902, dtype: object",,2048.1586738,7,제외,0,0,7,0,0,0,0,0,0,0,2,5,0,0,0,,,,2.42,91.39,,,,,0,,2026-09-30 13:27:29
053260,금강철강,"market    KOSDAQ
market       KSQ
Name: 1099, dtype: object",,1518.192,7,제외,0,0,7,0,0,0,0,0,0,0,2,5,0,0,0,,,,2.62,89.09,,,,,0,,2026-09-30 13:31:17
049960,쎌바이오텍,"market    KOSDAQ
market       KSQ
Name: 1136, dtype: object",,1424.1,7,제외,0,0,7,0,0,0,0,0,0,0,2,5,0,0,0,,,,2.17,82.0,,,,,0,,2026-09-30 13:31:59
094280,효성ITX,"market    KOSPI
market      STK
Name: 1158, dtype: object",,1373.11416,7,제외,0,0,7,0,0,0,0,0,0,0,2,5,0,0,0,,,,2.1,88.53,,,,,0,,2026-09-30 13:32:27
246960,SCL사이언스,"market    KOSDAQ
market       KSQ
Name: 1461, dtype: object",,891.2466314,7,제외,0,0,7,0,0,0,0,0,0,0,2,5,0,0,0,,,,2.05,82.31,,,,,0,,2026-09-30 13:38:36
208140,정다운,"market    KOSDAQ
market       KSQ
Name: 1609, dtype: object",,733.7613227,7,제외,0,0,7,0,0,0,0,0,0,0,2,5,0,0,0,,,,2.49,81.15,,,,,0,,2026-09-30 13:41:26
066670,디티씨,"market    KOSDAQ
market       KSQ
Name: 1790, dtype: object",,603.7489514,7,제외,0,0,7,0,0,0,0,0,0,0,2,5,0,0,0,,,,2.13,87.7,,,,,0,,2026-09-30 13:44:50
001250,GS글로벌,"market    KOSPI
market      STK
Name: 822, dtype: object",,2348.0855858,6,제외,0,0,6,0,0,0,0,0,0,0,6,0,0,0,0,,,,6.36,51.23,,,,,0,,2026-09-30 13:26:00
382800,지앤비에스 에코,"market    KOSDAQ
market       KSQ
Name: 938, dtype: object",,1900.3131477,6,제외,0,0,6,0,0,0,0,0,0,0,6,0,0,0,0,,,,5.31,58.52,,,,,0,,2026-09-30 13:28:11
290690,아리바이오홀딩스,"market    KOSDAQ
market       KSQ
Name: 973, dtype: object",,1817.74357125,6,제외,0,0,6,0,0,0,0,0,0,0,6,0,0,0,0,,,,6.43,47.21,,,,,0,,2026-09-30 13:28:51
259630,엠플러스,"market    KOSDAQ
market       KSQ
Name: 1266, dtype: object",,1164.7943388,6,제외,0,0,6,0,0,0,0,0,0,0,6,0,0,0,0,,,,5.59,47.76,,,,,0,,2026-09-30 13:34:35
065450,빅텍,"market    KOSDAQ
market       KSQ
Name: 1438, dtype: object",,917.3194733,6,제외,0,0,6,0,0,0,0,0,0,0,6,0,0,0,0,,,,6.94,44.04,,,,,0,,2026-09-30 13:38:07
123010,MSDI,"market    KOSDAQ
market       KSQ
Name: 1515, dtype: object",,817.72777515,6,제외,0,0,6,0,0,0,0,0,0,0,6,0,0,0,0,,,,5.01,65.27,,,,,0,,2026-09-30 13:39:39
347860,알체라,"market    KOSDAQ
market       KSQ
Name: 1700, dtype: object",,671.50759671,6,제외,0,0,6,0,0,0,0,0,0,0,6,0,0,0,0,,,,6.3,47.56,,,,,0,,2026-09-30 13:43:08
464490,쿼드메디슨,"market    KOSDAQ
market       KSQ
Name: 1865, dtype: object",,540.874261,6,제외,0,0,6,0,0,0,0,0,0,0,6,0,0,0,0,,,,6.56,17.73,,,,,0,,2026-09-30 13:46:13
005935,삼성전자우,"market    KOSPI
market      STK
Name: 2, dtype: object",,1566228.588256,5,제외,0,0,5,0,0,0,0,0,0,0,0,5,0,0,0,,,,1.34,80.66,,,,,0,,2026-09-30 13:10:31
105560,KB금융,"market    KOSPI
market      STK
Name: 8, dtype: object",,598712.894992,5,제외,0,0,5,0,0,0,0,0,0,0,0,5,0,0,0,,,,0.92,87.3,,,,,0,,2026-09-30 13:10:51
055550,신한지주,"market    KOSPI
market      STK
Name: 13, dtype: object",,498086.703579,5,제외,0,0,5,0,0,0,0,0,0,0,0,5,0,0,0,,,,1.4,91.42,,,,,0,,2026-09-30 13:10:57
086790,하나금융지주,"market    KOSPI
market      STK
Name: 19, dtype: object",,352260.883,5,제외,0,0,5,0,0,0,0,0,0,0,0,5,0,0,0,,,,1.35,91.72,,,,,0,,2026-09-30 13:11:04
000810,삼성화재,"market    KOSPI
market      STK
Name: 24, dtype: object",,282618.50409,5,제외,0,0,5,0,0,0,0,0,0,0,0,5,0,0,0,,,,0.68,83.75,,,,,0,,2026-09-30 13:11:10
316140,우리금융지주,"market    KOSPI
market      STK
Name: 26, dtype: object",,257138.508393,5,제외,0,0,5,0,0,0,0,0,0,0,0,5,0,0,0,,,,0.87,83.98,,,,,0,,2026-09-30 13:11:12
096770,SK이노베이션,"market    KOSPI
market      STK
Name: 27, dtype: object",,251550.548544,5,제외,0,0,5,0,0,0,0,0,0,0,0,5,0,0,0,,,,0.46,90.59,,,,,0,,2026-09-30 13:11:12
138040,메리츠금융지주,"market    KOSPI
market      STK
Name: 35, dtype: object",,211359.605799,5,제외,0,0,5,0,0,0,0,0,0,0,0,5,0,0,0,,,,0.68,84.71,,,,,0,,2026-09-30 13:11:20
011200,HMM,"market    KOSPI
market      STK
Name: 36, dtype: object",,196665.116745,5,제외,0,0,5,0,0,0,0,0,0,0,0,5,0,0,0,,,,0.93,83.77,,,,,0,,2026-09-30 13:11:23
033780,KT&G,"market    KOSPI
market      STK
Name: 39, dtype: object",,182914.023472,5,제외,0,0,5,0,0,0,0,0,0,0,0,5,0,0,0,,,,1.13,91.74,,,,,0,,2026-09-30 13:11:25
010950,S-Oil,"market    KOSPI
market      STK
Name: 40, dtype: object",,182046.374664,5,제외,0,0,5,0,0,0,0,0,0,0,0,5,0,0,0,,,,0.6,91.47,,,,,0,,2026-09-30 13:11:26
005830,DB손해보험,"market    KOSPI
market      STK
Name: 60, dtype: object",,121175.64565,5,제외,0,0,5,0,0,0,0,0,0,0,0,5,0,0,0,,,,0.97,86.64,,,,,0,,2026-09-30 13:11:52
036930,주성엔지니어링,"market    KOSDAQ GLOBAL
market              KSQ
Name: 63, dtype: object",,108068.606325,5,제외,0,0,5,0,0,0,0,0,0,0,0,5,0,0,0,,,,1.04,82.16,,,,,0,,2026-09-30 13:11:55
443060,HD현대마린솔루션,"market    KOSPI
market      STK
Name: 65, dtype: object",,106703.6348,5,제외,0,0,5,0,0,0,0,0,0,0,0,5,0,0,0,,,,0.44,82.75,,,,,0,,2026-09-30 13:11:56
078930,GS,"market    KOSPI
market      STK
Name: 68, dtype: object",,99583.97064,5,제외,0,0,5,0,0,0,0,0,0,0,0,5,0,0,0,,,,0.8,80.03,,,,,0,,2026-09-30 13:12:01
000500,가온전선,"market    KOSPI
market      STK
Name: 73, dtype: object",,93799.46205,5,제외,0,0,5,0,0,0,0,0,0,0,0,5,0,0,0,,,,0.31,89.55,,,,,0,,2026-09-30 13:12:06
090430,아모레퍼시픽,"market    KOSPI
market      STK
Name: 81, dtype: object",,80953.978456,5,제외,0,0,5,0,0,0,0,0,0,0,0,5,0,0,0,,,,1.31,82.01,,,,,0,,2026-09-30 13:12:14
021240,코웨이,"market    KOSPI
market      STK
Name: 86, dtype: object",,70342.821444,5,제외,0,0,5,0,0,0,0,0,0,0,0,5,0,0,0,,,,0.88,91.03,,,,,0,,2026-09-30 13:12:21
039030,이오테크닉스,"market    KOSDAQ
market       KSQ
Name: 94, dtype: object",,64061.66,5,제외,0,0,5,0,0,0,0,0,0,0,0,5,0,0,0,,,,0.78,82.66,,,,,0,,2026-09-30 13:12:28
222800,심텍,"market    KOSDAQ GLOBAL
market              KSQ
Name: 102, dtype: object",,57842.242578,5,제외,0,0,5,0,0,0,0,0,0,0,0,5,0,0,0,,,,0.54,91.6,,,,,0,,2026-09-30 13:12:38
088980,맥쿼리인프라,"market    KOSPI
market      STK
Name: 113, dtype: object",,46886.4631147,5,제외,0,0,5,0,0,0,0,0,0,0,0,5,0,0,0,,,,0.76,82.51,,,,,0,,2026-09-30 13:12:49
001450,현대해상,"market    KOSPI
market      STK
Name: 127, dtype: object",,40791.287625,5,제외,0,0,5,0,0,0,0,0,0,0,0,5,0,0,0,,,,1.13,87.57,,,,,0,,2026-09-30 13:13:05
051900,LG생활건강,"market    KOSPI
market      STK
Name: 130, dtype: object",,40284.15687,5,제외,0,0,5,0,0,0,0,0,0,0,0,5,0,0,0,,,,1.43,80.63,,,,,0,,2026-09-30 13:13:09
008930,한미사이언스,"market    KOSPI
market      STK
Name: 138, dtype: object",,36110.7384,5,제외,0,0,5,0,0,0,0,0,0,0,0,5,0,0,0,,,,0.42,86.89,,,,,0,,2026-09-30 13:13:18
161890,한국콜마,"market    KOSPI
market      STK
Name: 139, dtype: object",,34463.41242,5,제외,0,0,5,0,0,0,0,0,0,0,0,5,0,0,0,,,,0.94,87.76,,,,,0,,2026-09-30 13:13:19
064760,티씨케이,"market    KOSDAQ GLOBAL
market              KSQ
Name: 140, dtype: object",,34041.32172,5,제외,0,0,5,0,0,0,0,0,0,0,0,5,0,0,0,,,,0.76,86.94,,,,,0,,2026-09-30 13:13:20
131290,티에스이,"market    KOSDAQ
market       KSQ
Name: 144, dtype: object",,31967.52981,5,제외,0,0,5,0,0,0,0,0,0,0,0,5,0,0,0,,,,0.4,90.58,,,,,0,,2026-09-30 13:13:24
067310,하나마이크론,"market    KOSDAQ
market       KSQ
Name: 147, dtype: object",,31483.4264715,5,제외,0,0,5,0,0,0,0,0,0,0,0,5,0,0,0,,,,0.8,81.37,,,,,0,,2026-09-30 13:13:28
028670,팬오션,"market    KOSPI
market      STK
Name: 149, dtype: object",,30844.6608424,5,제외,0,0,5,0,0,0,0,0,0,0,0,5,0,0,0,,,,0.55,87.12,,,,,0,,2026-09-30 13:13:29
192820,코스맥스,"market    KOSPI
market      STK
Name: 153, dtype: object",,30303.18903,5,제외,0,0,5,0,0,0,0,0,0,0,0,5,0,0,0,,,,0.82,87.77,,,,,0,,2026-09-30 13:13:34
139130,iM금융지주,"market    KOSPI
market      STK
Name: 161, dtype: object",,28932.9946416,5,제외,0,0,5,0,0,0,0,0,0,0,0,5,0,0,0,,,,1.78,82.91,,,,,0,,2026-09-30 13:13:42
003690,코리안리,"market    KOSPI
market      STK
Name: 174, dtype: object",,25783.5984229,5,제외,0,0,5,0,0,0,0,0,0,0,0,5,0,0,0,,,,1.35,93.55,,,,,0,,2026-09-30 13:13:56
026960,동서,"market    KOSPI
market      STK
Name: 178, dtype: object",,25273.95,5,제외,0,0,5,0,0,0,0,0,0,0,0,5,0,0,0,,,,0.93,82.23,,,,,0,,2026-09-30 13:14:01
282330,BGF리테일,"market    KOSPI
market      STK
Name: 196, dtype: object",,22469.0778,5,제외,0,0,5,0,0,0,0,0,0,0,0,5,0,0,0,,,,0.81,83.01,,,,,0,,2026-09-30 13:14:21
089860,롯데렌탈,"market    KOSPI
market      STK
Name: 230, dtype: object",,18372.550328,5,제외,0,0,5,0,0,0,0,0,0,0,0,5,0,0,0,,,,0.82,94.54,,,,,0,,2026-09-30 13:14:58
036540,SFA반도체,"market    KOSDAQ
market       KSQ
Name: 235, dtype: object",,17728.8206634,5,제외,0,0,5,0,0,0,0,0,0,0,0,5,0,0,0,,,,0.76,92.53,,,,,0,,2026-09-30 13:15:04
020560,아시아나항공,"market    KOSPI
market      STK
Name: 236, dtype: object",,17550.4085772,5,제외,0,0,5,0,0,0,0,0,0,0,0,5,0,0,0,,,,0.93,88.62,,,,,0,,2026-09-30 13:15:04
294870,IPARK현대산업개발,"market    KOSPI
market      STK
Name: 261, dtype: object",,15290.50056,5,제외,0,0,5,0,0,0,0,0,0,0,0,5,0,0,0,,,,0.89,91.32,,,,,0,,2026-09-30 13:15:35
012630,HDC,"market    KOSPI
market      STK
Name: 262, dtype: object",,15025.0428315,5,제외,0,0,5,0,0,0,0,0,0,0,0,5,0,0,0,,,,0.42,82.87,,,,,0,,2026-09-30 13:15:36
950260,인제니아테라퓨틱스(Reg.S),"market    KOSDAQ
market       KSQ
Name: 278, dtype: object",,12855.59782,5,제외,0,0,5,0,0,0,0,0,0,0,0,5,0,0,0,,,,0.43,90.24,,,,,0,,2026-09-30 13:15:52
415640,KB발해인프라,"market    KOSPI
market      STK
Name: 284, dtype: object",,12291.3184644,5,제외,0,0,5,0,0,0,0,0,0,0,0,5,0,0,0,,,,0.37,88.4,,,,,0,,2026-09-30 13:15:59
000815,삼성화재우,"market    KOSPI
market      STK
Name: 291, dtype: object",,11937.8694,5,제외,0,0,5,0,0,0,0,0,0,0,0,5,0,0,0,,,,1.14,84.44,,,,,0,,2026-09-30 13:16:11
330590,롯데리츠,"market    KOSPI
market      STK
Name: 295, dtype: object",,11789.9304672,5,제외,0,0,5,0,0,0,0,0,0,0,0,5,0,0,0,,,,0.74,83.67,,,,,0,,2026-09-30 13:16:12
003160,디아이,"market    KOSPI
market      STK
Name: 306, dtype: object",,10386.1,5,제외,0,0,5,0,0,0,0,0,0,0,0,5,0,0,0,,,,0.47,89.09,,,,,0,,2026-09-30 13:16:25
030190,NICE평가정보,"market    KOSPI
market      STK
Name: 325, dtype: object",,9282.2104413,5,제외,0,0,5,0,0,0,0,0,0,0,0,5,0,0,0,,,,0.81,86.49,,,,,0,,2026-09-30 13:16:46
053800,안랩,"market    KOSDAQ
market       KSQ
Name: 347, dtype: object",,8389.385524,5,제외,0,0,5,0,0,0,0,0,0,0,0,5,0,0,0,,,,1.24,94.92,,,,,0,,2026-09-30 13:17:12
425420,티에프이,"market    KOSDAQ
market       KSQ
Name: 361, dtype: object",,7889.848659,5,제외,0,0,5,0,0,0,0,0,0,0,0,5,0,0,0,,,,0.82,81.47,,,,,0,,2026-09-30 13:17:26
251970,펌텍코리아,"market    KOSDAQ GLOBAL
market              KSQ
Name: 369, dtype: object",,7601.2,5,제외,0,0,5,0,0,0,0,0,0,0,0,5,0,0,0,,,,0.51,88.32,,,,,0,,2026-09-30 13:17:35
005180,빙그레,"market    KOSPI
market      STK
Name: 372, dtype: object",,7577.423457,5,제외,0,0,5,0,0,0,0,0,0,0,0,5,0,0,0,,,,0.96,89.27,,,,,0,,2026-09-30 13:17:39
041960,코미팜,"market    KOSDAQ
market       KSQ
Name: 379, dtype: object",,7327.5073382,5,제외,0,0,5,0,0,0,0,0,0,0,0,5,0,0,0,,,,0.49,90.27,,,,,0,,2026-09-30 13:17:46
214320,이노션,"market    KOSPI
market      STK
Name: 384, dtype: object",,7284.0,5,제외,0,0,5,0,0,0,0,0,0,0,0,5,0,0,0,,,,0.89,80.53,,,,,0,,2026-09-30 13:17:52
064290,인텍플러스,"market    KOSDAQ
market       KSQ
Name: 398, dtype: object",,6971.176964,5,제외,0,0,5,0,0,0,0,0,0,0,0,5,0,0,0,,,,0.8,92.6,,,,,0,,2026-09-30 13:18:06
002960,한국쉘석유,"market    KOSPI
market      STK
Name: 405, dtype: object",,6812.0,5,제외,0,0,5,0,0,0,0,0,0,0,0,5,0,0,0,,,,0.72,83.71,,,,,0,,2026-09-30 13:18:16
293940,신한알파리츠,"market    KOSPI
market      STK
Name: 409, dtype: object",,6760.5528757,5,제외,0,0,5,0,0,0,0,0,0,0,0,5,0,0,0,,,,0.87,88.84,,,,,0,,2026-09-30 13:18:19
268280,미원에스씨,"market    KOSPI
market      STK
Name: 417, dtype: object",,6455.0,5,제외,0,0,5,0,0,0,0,0,0,0,0,5,0,0,0,,,,0.5,86.19,,,,,0,,2026-09-30 13:18:29
093050,LF,"market    KOSPI
market      STK
Name: 420, dtype: object",,6403.56,5,제외,0,0,5,0,0,0,0,0,0,0,0,5,0,0,0,,,,1.36,86.58,,,,,0,,2026-09-30 13:18:32
017940,E1,"market    KOSPI
market      STK
Name: 423, dtype: object",,6304.34,5,제외,0,0,5,0,0,0,0,0,0,0,0,5,0,0,0,,,,0.79,80.35,,,,,0,,2026-09-30 13:18:35
002840,미원상사,"market    KOSPI
market      STK
Name: 432, dtype: object",,6156.0,5,제외,0,0,5,0,0,0,0,0,0,0,0,5,0,0,0,,,,1.34,83.2,,,,,0,,2026-09-30 13:18:45
045100,한양이엔지,"market    KOSDAQ
market       KSQ
Name: 449, dtype: object",,5678.75,5,제외,0,0,5,0,0,0,0,0,0,0,0,5,0,0,0,,,,1.09,82.23,,,,,0,,2026-09-30 13:19:05
284740,쿠쿠홈시스,"market    KOSPI
market      STK
Name: 468, dtype: object",,5384.9592,5,제외,0,0,5,0,0,0,0,0,0,0,0,5,0,0,0,,,,0.61,85.51,,,,,0,,2026-09-30 13:19:26
079940,가비아,"market    KOSDAQ
market       KSQ
Name: 469, dtype: object",,5361.563258,5,제외,0,0,5,0,0,0,0,0,0,0,0,5,0,0,0,,,,0.12,83.4,,,,,0,,2026-09-30 13:19:27
192650,드림텍,"market    KOSPI
market      STK
Name: 473, dtype: object",,5238.0029055,5,제외,0,0,5,0,0,0,0,0,0,0,0,5,0,0,0,,,,0.55,86.95,,,,,0,,2026-09-30 13:19:31
101160,월덱스,"market    KOSDAQ
market       KSQ
Name: 475, dtype: object",,5233.984781,5,제외,0,0,5,0,0,0,0,0,0,0,0,5,0,0,0,,,,1.36,90.96,,,,,0,,2026-09-30 13:19:33
080580,오킨스전자,"market    KOSDAQ
market       KSQ
Name: 479, dtype: object",,5198.9204075,5,제외,0,0,5,0,0,0,0,0,0,0,0,5,0,0,0,,,,0.95,89.09,,,,,0,,2026-09-30 13:19:38
029460,케이씨,"market    KOSPI
market      STK
Name: 498, dtype: object",,4838.014865,5,제외,0,0,5,0,0,0,0,0,0,0,0,5,0,0,0,,,,1.17,94.35,,,,,0,,2026-09-30 13:20:00
145990,삼양사,"market    KOSPI
market      STK
Name: 505, dtype: object",,4744.18654,5,제외,0,0,5,0,0,0,0,0,0,0,0,5,0,0,0,,,,0.23,84.63,,,,,0,,2026-09-30 13:20:08
034950,한국기업평가,"market    KOSDAQ
market       KSQ
Name: 506, dtype: object",,4735.756102,5,제외,0,0,5,0,0,0,0,0,0,0,0,5,0,0,0,,,,0.87,90.7,,,,,0,,2026-09-30 13:20:08
098120,마이크로컨텍솔,"market    KOSDAQ
market       KSQ
Name: 520, dtype: object",,4638.523428,5,제외,0,0,5,0,0,0,0,0,0,0,0,5,0,0,0,,,,0.88,90.15,,,,,0,,2026-09-30 13:20:26
078340,컴투스,"market    KOSDAQ GLOBAL
market              KSQ
Name: 538, dtype: object",,4437.511871,5,제외,0,0,5,0,0,0,0,0,0,0,0,5,0,0,0,,,,0.78,86.73,,,,,0,,2026-09-30 13:20:46
417840,저스템,"market    KOSDAQ
market       KSQ
Name: 557, dtype: object",,4261.1986617,5,제외,0,0,5,0,0,0,0,0,0,0,0,5,0,0,0,,,,1.74,82.52,,,,,0,,2026-09-30 13:21:07
241770,메카로,"market    KOSDAQ
market       KSQ
Name: 568, dtype: object",,4107.63392,5,제외,0,0,5,0,0,0,0,0,0,0,0,5,0,0,0,,,,0.68,83.33,,,,,0,,2026-09-30 13:21:19
357120,코람코라이프인프라리츠,"market    KOSPI
market      STK
Name: 571, dtype: object",,4088.084868,5,제외,0,0,5,0,0,0,0,0,0,0,0,5,0,0,0,,,,1.22,85.15,,,,,0,,2026-09-30 13:21:22
002810,삼영무역,"market    KOSPI
market      STK
Name: 578, dtype: object",,4016.56119,5,제외,0,0,5,0,0,0,0,0,0,0,0,5,0,0,0,,,,0.27,88.59,,,,,0,,2026-09-30 13:21:31
236200,슈프리마,"market    KOSDAQ
market       KSQ
Name: 585, dtype: object",,3954.434337,5,제외,0,0,5,0,0,0,0,0,0,0,0,5,0,0,0,,,,0.89,87.85,,,,,0,,2026-09-30 13:21:39
159010,아스플로,"market    KOSDAQ
market       KSQ
Name: 588, dtype: object",,3913.7458965,5,제외,0,0,5,0,0,0,0,0,0,0,0,5,0,0,0,,,,0.81,91.6,,,,,0,,2026-09-30 13:21:40
015360,INVENI,"market    KOSPI
market      STK
Name: 591, dtype: object",,3858.75,5,제외,0,0,5,0,0,0,0,0,0,0,0,5,0,0,0,,,,0.41,81.09,,,,,0,,2026-09-30 13:21:45
092230,KPX홀딩스,"market    KOSPI
market      STK
Name: 595, dtype: object",,3810.600685,5,제외,0,0,5,0,0,0,0,0,0,0,0,5,0,0,0,,,,0.4,91.46,,,,,0,,2026-09-30 13:21:49
317400,자이에스앤디,"market    KOSPI
market      STK
Name: 596, dtype: object",,3804.565212,5,제외,0,0,5,0,0,0,0,0,0,0,0,5,0,0,0,,,,0.48,82.55,,,,,0,,2026-09-30 13:21:51
092730,네오팜,"market    KOSDAQ
market       KSQ
Name: 607, dtype: object",,3726.5074425,5,제외,0,0,5,0,0,0,0,0,0,0,0,5,0,0,0,,,,1.04,89.42,,,,,0,,2026-09-30 13:22:02
126560,현대퓨처넷,"market    KOSPI
market      STK
Name: 612, dtype: object",,3690.995152,5,제외,0,0,5,0,0,0,0,0,0,0,0,5,0,0,0,,,,0.89,90.4,,,,,0,,2026-09-30 13:22:07
001940,KISCO홀딩스,"market    KOSPI
market      STK
Name: 619, dtype: object",,3600.80052,5,제외,0,0,5,0,0,0,0,0,0,0,0,5,0,0,0,,,,0.37,90.05,,,,,0,,2026-09-30 13:22:15
003800,에이스침대,"market    KOSDAQ
market       KSQ
Name: 621, dtype: object",,3593.16,5,제외,0,0,5,0,0,0,0,0,0,0,0,5,0,0,0,,,,1.13,82.31,,,,,0,,2026-09-30 13:22:18
093520,매커스,"market    KOSDAQ
market       KSQ
Name: 630, dtype: object",,3511.041915,5,제외,0,0,5,0,0,0,0,0,0,0,0,5,0,0,0,,,,1.22,86.41,,,,,0,,2026-09-30 13:22:27
036800,나이스정보통신,"market    KOSDAQ
market       KSQ
Name: 631, dtype: object",,3508.05,5,제외,0,0,5,0,0,0,0,0,0,0,0,5,0,0,0,,,,0.91,92.55,,,,,0,,2026-09-30 13:22:28
007690,국도화학,"market    KOSPI
market      STK
Name: 636, dtype: object",,3486.703248,5,제외,0,0,5,0,0,0,0,0,0,0,0,5,0,0,0,,,,0.34,85.6,,,,,0,,2026-09-30 13:22:33
003350,한국화장품제조,"market    KOSPI
market      STK
Name: 643, dtype: object",,3405.798,5,제외,0,0,5,0,0,0,0,0,0,0,0,5,0,0,0,,,,0.15,83.75,,,,,0,,2026-09-30 13:22:40
121440,골프존홀딩스,"market    KOSDAQ
market       KSQ
Name: 652, dtype: object",,3328.4207586,5,제외,0,0,5,0,0,0,0,0,0,0,0,5,0,0,0,,,,0.57,91.35,,,,,0,,2026-09-30 13:22:52
096760,JW홀딩스,"market    KOSPI
market      STK
Name: 679, dtype: object",,3145.5062821,5,제외,0,0,5,0,0,0,0,0,0,0,0,5,0,0,0,,,,0.63,90.47,,,,,0,,2026-09-30 13:23:21
020120,키다리스튜디오,"market    KOSPI
market      STK
Name: 682, dtype: object",,3120.7690972,5,제외,0,0,5,0,0,0,0,0,0,0,0,5,0,0,0,,,,1.06,89.95,,,,,0,,2026-09-30 13:23:25
071200,인피니트헬스케어,"market    KOSDAQ
market       KSQ
Name: 709, dtype: object",,2890.980273,5,제외,0,0,5,0,0,0,0,0,0,0,0,5,0,0,0,,,,0.29,84.16,,,,,0,,2026-09-30 13:23:55
005430,한국공항,"market    KOSPI
market      STK
Name: 716, dtype: object",,2852.885855,5,제외,0,0,5,0,0,0,0,0,0,0,0,5,0,0,0,,,,1.99,92.91,,,,,0,,2026-09-30 13:24:03
044450,KSS해운,"market    KOSPI
market      STK
Name: 718, dtype: object",,2844.76815,5,제외,0,0,5,0,0,0,0,0,0,0,0,5,0,0,0,,,,0.51,86.94,,,,,0,,2026-09-30 13:24:06
033270,유나이티드제약,"market    KOSPI
market      STK
Name: 726, dtype: object",,2816.207175,5,제외,0,0,5,0,0,0,0,0,0,0,0,5,0,0,0,,,,0.84,81.28,,,,,0,,2026-09-30 13:24:15
244920,에이플러스에셋,"market    KOSPI
market      STK
Name: 732, dtype: object",,2776.2247004,5,제외,0,0,5,0,0,0,0,0,0,0,0,5,0,0,0,,,,0.61,82.05,,,,,0,,2026-09-30 13:24:22
032580,피델릭스,"market    KOSDAQ
market       KSQ
Name: 762, dtype: object",,2624.0594688,5,제외,0,0,5,0,0,0,0,0,0,0,0,5,0,0,0,,,,1.41,80.8,,,,,0,,2026-09-30 13:24:55
377450,리파인,"market    KOSDAQ
market       KSQ
Name: 780, dtype: object",,2544.044,5,제외,0,0,5,0,0,0,0,0,0,0,0,5,0,0,0,,,,0.02,85.09,,,,,0,,2026-09-30 13:25:15
036030,케이티알파,"market    KOSDAQ
market       KSQ
Name: 803, dtype: object",,2419.09460835,5,제외,0,0,5,0,0,0,0,0,0,0,0,5,0,0,0,,,,1.23,80.74,,,,,0,,2026-09-30 13:25:40
001790,대한제당,"market    KOSPI
market      STK
Name: 804, dtype: object",,2414.77362,5,제외,0,0,5,0,0,0,0,0,0,0,0,5,0,0,0,,,,0.96,86.2,,,,,0,,2026-09-30 13:25:41
011560,세보엠이씨,"market    KOSDAQ
market       KSQ
Name: 810, dtype: object",,2385.072228,5,제외,0,0,5,0,0,0,0,0,0,0,0,5,0,0,0,,,,0.66,80.55,,,,,0,,2026-09-30 13:25:48
044820,코스맥스비티아이,"market    KOSPI
market      STK
Name: 818, dtype: object",,2362.564566,5,제외,0,0,5,0,0,0,0,0,0,0,0,5,0,0,0,,,,0.76,85.25,,,,,0,,2026-09-30 13:25:56
028100,동아지질,"market    KOSPI
market      STK
Name: 856, dtype: object",,2211.8792607,5,제외,0,0,5,0,0,0,0,0,0,0,0,5,0,0,0,,,,0.16,88.18,,,,,0,,2026-09-30 13:26:37
009680,모토닉,"market    KOSPI
market      STK
Name: 860, dtype: object",,2192.8691846,5,제외,0,0,5,0,0,0,0,0,0,0,0,5,0,0,0,,,,0.91,84.81,,,,,0,,2026-09-30 13:26:42
036190,금화피에스시,"market    KOSDAQ
market       KSQ
Name: 897, dtype: object",,2064.0,5,제외,0,0,5,0,0,0,0,0,0,0,0,5,0,0,0,,,,0.31,81.18,,,,,0,,2026-09-30 13:27:23
049430,코메론,"market    KOSDAQ
market       KSQ
Name: 917, dtype: object",,2004.132,5,제외,0,0,5,0,0,0,0,0,0,0,0,5,0,0,0,,,,0.81,93.87,,,,,0,,2026-09-30 13:27:46
100250,진양홀딩스,"market    KOSPI
market      STK
Name: 923, dtype: object",,1974.51,5,제외,0,0,5,0,0,0,0,0,0,0,0,5,0,0,0,,,,0.24,92.26,,,,,0,,2026-09-30 13:27:53
039570,HDC랩스,"market    KOSPI
market      STK
Name: 929, dtype: object",,1952.0115952,5,제외,0,0,5,0,0,0,0,0,0,0,0,5,0,0,0,,,,0.21,85.55,,,,,0,,2026-09-30 13:27:59
086670,비엠티,"market    KOSDAQ
market       KSQ
Name: 936, dtype: object",,1901.799566,5,제외,0,0,5,0,0,0,0,0,0,0,0,5,0,0,0,,,,0.73,86.04,,,,,0,,2026-09-30 13:28:07
016580,환인제약,"market    KOSPI
market      STK
Name: 955, dtype: object",,1856.286986,5,제외,0,0,5,0,0,0,0,0,0,0,0,5,0,0,0,,,,0.58,82.78,,,,,0,,2026-09-30 13:28:29
066620,국보디자인,"market    KOSDAQ
market       KSQ
Name: 957, dtype: object",,1852.5,5,제외,0,0,5,0,0,0,0,0,0,0,0,5,0,0,0,,,,0.67,90.33,,,,,0,,2026-09-30 13:28:32
192440,슈피겐코리아,"market    KOSDAQ
market       KSQ
Name: 967, dtype: object",,1833.827085,5,제외,0,0,5,0,0,0,0,0,0,0,0,5,0,0,0,,,,1.42,85.69,,,,,0,,2026-09-30 13:28:43
005160,동국산업,"market    KOSDAQ
market       KSQ
Name: 968, dtype: object",,1833.4634916,5,제외,0,0,5,0,0,0,0,0,0,0,0,5,0,0,0,,,,1.18,85.05,,,,,0,,2026-09-30 13:28:46
003610,방림,"market    KOSPI
market      STK
Name: 992, dtype: object",,1759.6706344,5,제외,0,0,5,0,0,0,0,0,0,0,0,5,0,0,0,,,,0.36,86.62,,,,,0,,2026-09-30 13:29:14
068790,DMS,"market    KOSDAQ
market       KSQ
Name: 994, dtype: object",,1759.2010332,5,제외,0,0,5,0,0,0,0,0,0,0,0,5,0,0,0,,,,1.35,87.27,,,,,0,,2026-09-30 13:29:16
015230,대창단조,"market    KOSPI
market      STK
Name: 1001, dtype: object",,1745.334766,5,제외,0,0,5,0,0,0,0,0,0,0,0,5,0,0,0,,,,0.56,86.38,,,,,0,,2026-09-30 13:29:23
016450,한세예스24홀딩스,"market    KOSPI
market      STK
Name: 1005, dtype: object",,1740.0,5,제외,0,0,5,0,0,0,0,0,0,0,0,5,0,0,0,,,,0.19,86.31,,,,,0,,2026-09-30 13:29:28
000700,유수홀딩스,"market    KOSPI
market      STK
Name: 1007, dtype: object",,1736.9888604,5,제외,0,0,5,0,0,0,0,0,0,0,0,5,0,0,0,,,,0.32,92.5,,,,,0,,2026-09-30 13:29:29
014710,사조씨푸드,"market    KOSPI
market      STK
Name: 1019, dtype: object",,1704.635757,5,제외,0,0,5,0,0,0,0,0,0,0,0,5,0,0,0,,,,0.75,88.08,,,,,0,,2026-09-30 13:29:42
051160,지어소프트,"market    KOSDAQ
market       KSQ
Name: 1059, dtype: object",,1599.0420528,5,제외,0,0,5,0,0,0,0,0,0,0,0,5,0,0,0,,,,0.3,89.55,,,,,0,,2026-09-30 13:30:29
093190,빅솔론,"market    KOSDAQ
market       KSQ
Name: 1065, dtype: object",,1585.285772,5,제외,0,0,5,0,0,0,0,0,0,0,0,5,0,0,0,,,,0.57,83.49,,,,,0,,2026-09-30 13:30:37
023910,대한약품,"market    KOSDAQ
market       KSQ
Name: 1073, dtype: object",,1569.0,5,제외,0,0,5,0,0,0,0,0,0,0,0,5,0,0,0,,,,0.75,82.33,,,,,0,,2026-09-30 13:30:46
002170,SYTS,"market    KOSPI
market      STK
Name: 1076, dtype: object",,1563.0,5,제외,0,0,5,0,0,0,0,0,0,0,0,5,0,0,0,,,,0.52,82.3,,,,,0,,2026-09-30 13:30:49
011040,경동제약,"market    KOSDAQ
market       KSQ
Name: 1084, dtype: object",,1550.7458064,5,제외,0,0,5,0,0,0,0,0,0,0,0,5,0,0,0,,,,0.04,80.22,,,,,0,,2026-09-30 13:30:59
041520,이엘씨,"market    KOSDAQ
market       KSQ
Name: 1088, dtype: object",,1539.436599,5,제외,0,0,5,0,0,0,0,0,0,0,0,5,0,0,0,,,,0.65,92.73,,,,,0,,2026-09-30 13:31:04
000970,한국주철관,"market    KOSPI
market      STK
Name: 1109, dtype: object",,1502.55295,5,제외,0,0,5,0,0,0,0,0,0,0,0,5,0,0,0,,,,1.26,83.76,,,,,0,,2026-09-30 13:31:28
004970,신라교역,"market    KOSPI
market      STK
Name: 1131, dtype: object",,1444.8,5,제외,0,0,5,0,0,0,0,0,0,0,0,5,0,0,0,,,,0.15,85.47,,,,,0,,2026-09-30 13:31:54
023600,삼보판지,"market    KOSDAQ
market       KSQ
Name: 1132, dtype: object",,1442.34783,5,제외,0,0,5,0,0,0,0,0,0,0,0,5,0,0,0,,,,0.94,81.08,,,,,0,,2026-09-30 13:31:56
005990,매일홀딩스,"market    KOSDAQ
market       KSQ
Name: 1142, dtype: object",,1416.269376,5,제외,0,0,5,0,0,0,0,0,0,0,0,5,0,0,0,,,,0.55,82.23,,,,,0,,2026-09-30 13:32:09
107590,미원홀딩스,"market    KOSPI
market      STK
Name: 1146, dtype: object",,1412.88,5,제외,0,0,5,0,0,0,0,0,0,0,0,5,0,0,0,,,,0.14,82.74,,,,,0,,2026-09-30 13:32:12
089600,KT나스미디어,"market    KOSDAQ
market       KSQ
Name: 1151, dtype: object",,1404.147536,5,제외,0,0,5,0,0,0,0,0,0,0,0,5,0,0,0,,,,0.33,81.73,,,,,0,,2026-09-30 13:32:18
015890,태경산업,"market    KOSPI
market      STK
Name: 1157, dtype: object",,1378.1355625,5,제외,0,0,5,0,0,0,0,0,0,0,0,5,0,0,0,,,,1.21,88.69,,,,,0,,2026-09-30 13:32:25
035610,솔본,"market    KOSDAQ
market       KSQ
Name: 1165, dtype: object",,1361.8306506,5,제외,0,0,5,0,0,0,0,0,0,0,0,5,0,0,0,,,,0.17,88.93,,,,,0,,2026-09-30 13:32:34
004080,신흥,"market    KOSPI
market      STK
Name: 1168, dtype: object",,1347.57,5,제외,0,0,5,0,0,0,0,0,0,0,0,5,0,0,0,,,,1.39,89.37,,,,,0,,2026-09-30 13:32:38
052860,아이앤씨,"market    KOSDAQ
market       KSQ
Name: 1191, dtype: object",,1306.0670274,5,제외,0,0,5,0,0,0,0,0,0,0,0,5,0,0,0,,,,0.98,89.9,,,,,0,,2026-09-30 13:33:06
024090,디씨엠,"market    KOSPI
market      STK
Name: 1193, dtype: object",,1304.16,5,제외,0,0,5,0,0,0,0,0,0,0,0,5,0,0,0,,,,0.33,88.21,,,,,0,,2026-09-30 13:33:08
094840,슈프리마에이치큐,"market    KOSDAQ
market       KSQ
Name: 1210, dtype: object",,1264.0074501,5,제외,0,0,5,0,0,0,0,0,0,0,0,5,0,0,0,,,,1.51,83.46,,,,,0,,2026-09-30 13:33:30
267290,경동도시가스,"market    KOSPI
market      STK
Name: 1214, dtype: object",,1249.826072,5,제외,0,0,5,0,0,0,0,0,0,0,0,5,0,0,0,,,,0.58,88.27,,,,,0,,2026-09-30 13:33:34
350520,이지스레지던스리츠,"market    KOSPI
market      STK
Name: 1248, dtype: object",,1203.6814953,5,제외,0,0,5,0,0,0,0,0,0,0,0,5,0,0,0,,,,0.84,80.76,,,,,0,,2026-09-30 13:34:14
227840,현대코퍼레이션홀딩스,"market    KOSPI
market      STK
Name: 1260, dtype: object",,1181.2885128,5,제외,0,0,5,0,0,0,0,0,0,0,0,5,0,0,0,,,,0.61,89.2,,,,,0,,2026-09-30 13:34:29
034590,인천도시가스,"market    KOSPI
market      STK
Name: 1273, dtype: object",,1154.935056,5,제외,0,0,5,0,0,0,0,0,0,0,0,5,0,0,0,,,,0.23,93.99,,,,,0,,2026-09-30 13:34:42
049520,유아이엘,"market    KOSDAQ
market       KSQ
Name: 1275, dtype: object",,1151.97204375,5,제외,0,0,5,0,0,0,0,0,0,0,0,5,0,0,0,,,,0.28,85.96,,,,,0,,2026-09-30 13:34:46
023450,동남합성,"market    KOSPI
market      STK
Name: 1296, dtype: object",,1118.25,5,제외,0,0,5,0,0,0,0,0,0,0,0,5,0,0,0,,,,0.49,91.03,,,,,0,,2026-09-30 13:35:10
004100,태양금속,"market    KOSPI
market      STK
Name: 1297, dtype: object",,1117.515,5,제외,0,0,5,0,0,0,0,0,0,0,0,5,0,0,0,,,,0.75,80.34,,,,,0,,2026-09-30 13:35:12
018120,진로발효,"market    KOSDAQ
market       KSQ
Name: 1302, dtype: object",,1113.010272,5,제외,0,0,5,0,0,0,0,0,0,0,0,5,0,0,0,,,,0.28,86.19,,,,,0,,2026-09-30 13:35:18
051360,토비스,"market    KOSDAQ
market       KSQ
Name: 1306, dtype: object",,1101.7440324,5,제외,0,0,5,0,0,0,0,0,0,0,0,5,0,0,0,,,,1.24,86.52,,,,,0,,2026-09-30 13:35:23
217190,제너셈,"market    KOSDAQ
market       KSQ
Name: 1333, dtype: object",,1053.6162561,5,제외,0,0,5,0,0,0,0,0,0,0,0,5,0,0,0,,,,0.6,83.35,,,,,0,,2026-09-30 13:35:56
078935,GS우,"market    KOSPI
market      STK
Name: 1334, dtype: object",,1053.568192,5,제외,0,0,5,0,0,0,0,0,0,0,0,5,0,0,0,,,,0.53,88.62,,,,,0,,2026-09-30 13:35:57
352090,스톰테크,"market    KOSDAQ
market       KSQ
Name: 1381, dtype: object",,984.8953767,5,제외,0,0,5,0,0,0,0,0,0,0,0,5,0,0,0,,,,0.42,87.86,,,,,0,,2026-09-30 13:36:53
173130,오파스넷,"market    KOSDAQ
market       KSQ
Name: 1379, dtype: object",,985.0087115,5,제외,0,0,5,0,0,0,0,0,0,0,0,5,0,0,0,,,,0.91,88.45,,,,,0,,2026-09-30 13:36:53
032560,황금에스티,"market    KOSPI
market      STK
Name: 1422, dtype: object",,936.7,5,제외,0,0,5,0,0,0,0,0,0,0,0,5,0,0,0,,,,1.45,82.98,,,,,0,,2026-09-30 13:37:46
014440,영보화학,"market    KOSPI
market      STK
Name: 1424, dtype: object",,934.0,5,제외,0,0,5,0,0,0,0,0,0,0,0,5,0,0,0,,,,0.54,86.32,,,,,0,,2026-09-30 13:37:46
040420,정상제이엘에스,"market    KOSDAQ
market       KSQ
Name: 1439, dtype: object",,915.5690368,5,제외,0,0,5,0,0,0,0,0,0,0,0,5,0,0,0,,,,0.35,85.26,,,,,0,,2026-09-30 13:38:09
058860,KTis,"market    KOSPI
market      STK
Name: 1455, dtype: object",,894.4114,5,제외,0,0,5,0,0,0,0,0,0,0,0,5,0,0,0,,,,0.34,80.37,,,,,0,,2026-09-30 13:38:29
009300,삼아제약,"market    KOSDAQ
market       KSQ
Name: 1459, dtype: object",,891.8,5,제외,0,0,5,0,0,0,0,0,0,0,0,5,0,0,0,,,,0.57,80.03,,,,,0,,2026-09-30 13:38:32
096775,SK이노베이션우,"market    KOSPI
market      STK
Name: 1460, dtype: object",,891.376164,5,제외,0,0,5,0,0,0,0,0,0,0,0,5,0,0,0,,,,0.47,84.06,,,,,0,,2026-09-30 13:38:34
023000,삼원강재,"market    KOSPI
market      STK
Name: 1471, dtype: object",,880.2400254,5,제외,0,0,5,0,0,0,0,0,0,0,0,5,0,0,0,,,,0.79,87.94,,,,,0,,2026-09-30 13:38:46
093920,서원인텍,"market    KOSDAQ
market       KSQ
Name: 1472, dtype: object",,879.78,5,제외,0,0,5,0,0,0,0,0,0,0,0,5,0,0,0,,,,1.56,82.78,,,,,0,,2026-09-30 13:38:47
006090,사조오양,"market    KOSPI
market      STK
Name: 1491, dtype: object",,847.1039664,5,제외,0,0,5,0,0,0,0,0,0,0,0,5,0,0,0,,,,0.25,85.75,,,,,0,,2026-09-30 13:39:12
072020,중앙백신,"market    KOSDAQ
market       KSQ
Name: 1492, dtype: object",,845.1441053,5,제외,0,0,5,0,0,0,0,0,0,0,0,5,0,0,0,,,,0.67,88.5,,,,,0,,2026-09-30 13:39:12
140070,서플러스글로벌,"market    KOSDAQ
market       KSQ
Name: 1495, dtype: object",,841.477,5,제외,0,0,5,0,0,0,0,0,0,0,0,5,0,0,0,,,,0.83,82.78,,,,,0,,2026-09-30 13:39:13
004890,동일산업,"market    KOSPI
market      STK
Name: 1498, dtype: object",,839.12439,5,제외,0,0,5,0,0,0,0,0,0,0,0,5,0,0,0,,,,0.89,82.44,,,,,0,,2026-09-30 13:39:19
002600,조흥,"market    KOSPI
market      STK
Name: 1513, dtype: object",,822.0,5,제외,0,0,5,0,0,0,0,0,0,0,0,5,0,0,0,,,,0.72,83.33,,,,,0,,2026-09-30 13:39:34
000850,화천기공,"market    KOSPI
market      STK
Name: 1512, dtype: object",,822.8,5,제외,0,0,5,0,0,0,0,0,0,0,0,5,0,0,0,,,,0.42,83.17,,,,,0,,2026-09-30 13:39:34
036640,HRS,"market    KOSDAQ
market       KSQ
Name: 1516, dtype: object",,812.01582,5,제외,0,0,5,0,0,0,0,0,0,0,0,5,0,0,0,,,,0.94,88.03,,,,,0,,2026-09-30 13:39:39
037760,쎄니트,"market    KOSDAQ
market       KSQ
Name: 1519, dtype: object",,810.29845795,5,제외,0,0,5,0,0,0,0,0,0,0,0,5,0,0,0,,,,0.32,93.93,,,,,0,,2026-09-30 13:39:41
032540,TJ미디어,"market    KOSDAQ
market       KSQ
Name: 1537, dtype: object",,792.0119527,5,제외,0,0,5,0,0,0,0,0,0,0,0,5,0,0,0,,,,0.22,83.46,,,,,0,,2026-09-30 13:40:02
069730,DSR제강,"market    KOSPI
market      STK
Name: 1551, dtype: object",,783.36,5,제외,0,0,5,0,0,0,0,0,0,0,0,5,0,0,0,,,,1.24,88.62,,,,,0,,2026-09-30 13:40:23
080010,이상네트웍스,"market    KOSDAQ
market       KSQ
Name: 1615, dtype: object",,728.7787611,5,제외,0,0,5,0,0,0,0,0,0,0,0,5,0,0,0,,,,1.05,90.85,,,,,0,,2026-09-30 13:41:33
002795,아모레퍼시픽홀딩스우,"market    KOSPI
market      STK
Name: 1625, dtype: object",,721.7105532,5,제외,0,0,5,0,0,0,0,0,0,0,0,5,0,0,0,,,,0.5,81.82,,,,,0,,2026-09-30 13:41:46
234920,자이글,"market    KOSDAQ
market       KSQ
Name: 1628, dtype: object",,718.491321,5,제외,0,0,5,0,0,0,0,0,0,0,0,5,0,0,0,,,,,84.69,,,,,0,,2026-09-30 13:41:47
024900,디와이덕양,"market    KOSPI
market      STK
Name: 1636, dtype: object",,713.173062,5,제외,0,0,5,0,0,0,0,0,0,0,0,5,0,0,0,,,,0.36,85.96,,,,,0,,2026-09-30 13:42:00
332370,아이디피,"market    KOSDAQ
market       KSQ
Name: 1642, dtype: object",,708.8169684,5,제외,0,0,5,0,0,0,0,0,0,0,0,5,0,0,0,,,,0.1,93.03,,,,,0,,2026-09-30 13:42:07
155660,DSR,"market    KOSPI
market      STK
Name: 1681, dtype: object",,683.2,5,제외,0,0,5,0,0,0,0,0,0,0,0,5,0,0,0,,,,0.27,90.21,,,,,0,,2026-09-30 13:42:48
109860,동일금속,"market    KOSDAQ
market       KSQ
Name: 1692, dtype: object",,677.04,5,제외,0,0,5,0,0,0,0,0,0,0,0,5,0,0,0,,,,0.18,86.81,,,,,0,,2026-09-30 13:43:01
004780,대륙제관,"market    KOSDAQ
market       KSQ
Name: 1715, dtype: object",,654.41663885,5,제외,0,0,5,0,0,0,0,0,0,0,0,5,0,0,0,,,,0.98,91.49,,,,,0,,2026-09-30 13:43:27
100030,인지소프트,"market    KOSDAQ
market       KSQ
Name: 1720, dtype: object",,650.8321148,5,제외,0,0,5,0,0,0,0,0,0,0,0,5,0,0,0,,,,0.99,83.5,,,,,0,,2026-09-30 13:43:34
137080,나래나노텍,"market    KOSDAQ
market       KSQ
Name: 1725, dtype: object",,645.8099247,5,제외,0,0,5,0,0,0,0,0,0,0,0,5,0,0,0,,,,0.84,85.48,,,,,0,,2026-09-30 13:43:39
010240,흥국,"market    KOSDAQ
market       KSQ
Name: 1785, dtype: object",,608.712,5,제외,0,0,5,0,0,0,0,0,0,0,0,5,0,0,0,,,,0.3,84.94,,,,,0,,2026-09-30 13:44:46
008370,원풍,"market    KOSDAQ
market       KSQ
Name: 1787, dtype: object",,606.0,5,제외,0,0,5,0,0,0,0,0,0,0,0,5,0,0,0,,,,0.27,88.5,,,,,0,,2026-09-30 13:44:48
039420,케이엘넷,"market    KOSDAQ
market       KSQ
Name: 1788, dtype: object",,605.8006416,5,제외,0,0,5,0,0,0,0,0,0,0,0,5,0,0,0,,,,0.45,81.6,,,,,0,,2026-09-30 13:44:49
263690,디알젬,"market    KOSDAQ
market       KSQ
Name: 1812, dtype: object",,585.534037,5,제외,0,0,5,0,0,0,0,0,0,0,0,5,0,0,0,,,,0.98,81.96,,,,,0,,2026-09-30 13:45:16
053620,태양,"market    KOSDAQ
market       KSQ
Name: 1814, dtype: object",,583.08,5,제외,0,0,5,0,0,0,0,0,0,0,0,5,0,0,0,,,,0.22,83.19,,,,,0,,2026-09-30 13:45:16
075180,새론오토모티브,"market    KOSPI
market      STK
Name: 1850, dtype: object",,555.84,5,제외,0,0,5,0,0,0,0,0,0,0,0,5,0,0,0,,,,1.24,84.12,,,,,0,,2026-09-30 13:45:57
025530,SJM홀딩스,"market    KOSPI
market      STK
Name: 1871, dtype: object",,536.1308872,5,제외,0,0,5,0,0,0,0,0,0,0,0,5,0,0,0,,,,0.22,90.01,,,,,0,,2026-09-30 13:46:20
267260,HD현대일렉트릭,"market    KOSPI
market      STK
Name: 31, dtype: object",,238632.0337,4,제외,0,0,4,0,0,0,0,0,0,0,4,0,0,0,0,,,,3.5,46.64,,,,,0,,2026-09-30 13:11:18
357780,솔브레인,"market    KOSDAQ GLOBAL
market              KSQ
Name: 146, dtype: object",,31736.54928,4,제외,0,0,4,0,0,0,0,0,0,0,4,0,0,0,0,,,,3.15,76.42,,,,,0,,2026-09-30 13:13:27
417200,LS머트리얼즈,"market    KOSDAQ
market       KSQ
Name: 322, dtype: object",,9410.4848669,4,제외,0,0,4,0,0,0,0,0,0,0,4,0,0,0,0,,,,3.9,42.9,,,,,0,,2026-09-30 13:16:44
490470,세미파이브,"market    KOSDAQ
market       KSQ
Name: 428, dtype: object",,6216.447888,4,제외,0,0,4,0,0,0,0,0,0,0,4,0,0,0,0,,,,3.07,36.02,,,,,0,,2026-09-30 13:18:40
104830,원익머트리얼즈,"market    KOSDAQ
market       KSQ
Name: 485, dtype: object",,5087.328,4,제외,0,0,4,0,0,0,0,0,0,0,4,0,0,0,0,,,,3.83,71.75,,,,,0,,2026-09-30 13:19:46
475960,토모큐브,"market    KOSDAQ
market       KSQ
Name: 510, dtype: object",,4716.6609,4,제외,0,0,4,0,0,0,0,0,0,0,4,0,0,0,0,,,,3.65,51.25,,,,,0,,2026-09-30 13:20:13
200470,에이팩트,"market    KOSDAQ
market       KSQ
Name: 572, dtype: object",,4084.3554192,4,제외,0,0,4,0,0,0,0,0,0,0,4,0,0,0,0,,,,3.65,70.46,,,,,0,,2026-09-30 13:21:24
425040,티이엠씨,"market    KOSDAQ
market       KSQ
Name: 683, dtype: object",,3115.2438058,4,제외,0,0,4,0,0,0,0,0,0,0,4,0,0,0,0,,,,3.37,47.0,,,,,0,,2026-09-30 13:23:26
482630,삼양엔씨켐,"market    KOSDAQ
market       KSQ
Name: 688, dtype: object",,3084.058652,4,제외,0,0,4,0,0,0,0,0,0,0,4,0,0,0,0,,,,3.09,55.72,,,,,0,,2026-09-30 13:23:32
151860,KG에코솔루션,"market    KOSDAQ
market       KSQ
Name: 792, dtype: object",,2480.1164042,4,제외,0,0,4,0,0,0,0,0,0,0,4,0,0,0,0,,,,3.09,69.08,,,,,0,,2026-09-30 13:25:28
099430,바이오플러스,"market    KOSDAQ
market       KSQ
Name: 859, dtype: object",,2200.5737754,4,제외,0,0,4,0,0,0,0,0,0,0,4,0,0,0,0,,,,3.37,48.44,,,,,0,,2026-09-30 13:26:41
061090,세나테크놀로지,"market    KOSDAQ
market       KSQ
Name: 922, dtype: object",,1979.2531,4,제외,0,0,4,0,0,0,0,0,0,0,4,0,0,0,0,,,,3.23,23.13,,,,,0,,2026-09-30 13:27:52
083930,아바코,"market    KOSDAQ
market       KSQ
Name: 974, dtype: object",,1812.6402515,4,제외,0,0,4,0,0,0,0,0,0,0,4,0,0,0,0,,,,3.04,70.97,,,,,0,,2026-09-30 13:28:54
445180,퓨릿,"market    KOSDAQ
market       KSQ
Name: 1039, dtype: object",,1660.4755608,4,제외,0,0,4,0,0,0,0,0,0,0,4,0,0,0,0,,,,4.33,71.27,,,,,0,,2026-09-30 13:30:05
251370,와이엠티,"market    KOSDAQ
market       KSQ
Name: 1083, dtype: object",,1550.9376393,4,제외,0,0,4,0,0,0,0,0,0,0,4,0,0,0,0,,,,4.29,36.81,,,,,0,,2026-09-30 13:30:59
220260,켐트로스,"market    KOSDAQ
market       KSQ
Name: 1129, dtype: object",,1456.071297,4,제외,0,0,4,0,0,0,0,0,0,0,4,0,0,0,0,,,,3.89,47.6,,,,,0,,2026-09-30 13:31:51
014280,금강공업,"market    KOSPI
market      STK
Name: 1148, dtype: object",,1410.7420717,4,제외,0,0,4,0,0,0,0,0,0,0,4,0,0,0,0,,,,3.14,57.26,,,,,0,,2026-09-30 13:32:16
056090,시지메드텍,"market    KOSDAQ
market       KSQ
Name: 1234, dtype: object",,1228.7825284,4,제외,0,0,4,0,0,0,0,0,0,0,4,0,0,0,0,,,,4.56,33.47,,,,,0,,2026-09-30 13:33:57
072950,빛샘전자,"market    KOSDAQ
market       KSQ
Name: 1237, dtype: object",,1222.386198,4,제외,0,0,4,0,0,0,0,0,0,0,4,0,0,0,0,,,,3.15,58.6,,,,,0,,2026-09-30 13:34:01
091440,한울소재과학,"market    KOSDAQ
market       KSQ
Name: 1353, dtype: object",,1021.7319798,4,제외,0,0,4,0,0,0,0,0,0,0,4,0,0,0,0,,,,3.79,70.0,,,,,0,,2026-09-30 13:36:24
003580,HLB글로벌,"market    KOSPI
market      STK
Name: 1374, dtype: object",,993.004698,4,제외,0,0,4,0,0,0,0,0,0,0,4,0,0,0,0,,,,3.21,60.99,,,,,0,,2026-09-30 13:36:45
394420,리센스메디컬,"market    KOSDAQ
market       KSQ
Name: 1403, dtype: object",,967.973688,4,제외,0,0,4,0,0,0,0,0,0,0,4,0,0,0,0,,,,4.12,21.93,,,,,0,,2026-09-30 13:37:24
412350,레이저쎌,"market    KOSDAQ
market       KSQ
Name: 1404, dtype: object",,966.7214466,4,제외,0,0,4,0,0,0,0,0,0,0,4,0,0,0,0,,,,3.31,45.42,,,,,0,,2026-09-30 13:37:25
348350,위드텍,"market    KOSDAQ
market       KSQ
Name: 1443, dtype: object",,911.87688,4,제외,0,0,4,0,0,0,0,0,0,0,4,0,0,0,0,,,,3.76,74.98,,,,,0,,2026-09-30 13:38:15
251120,바이오에프디엔씨,"market    KOSDAQ
market       KSQ
Name: 1483, dtype: object",,862.61344,4,제외,0,0,4,0,0,0,0,0,0,0,4,0,0,0,0,,,,3.57,53.16,,,,,0,,2026-09-30 13:39:00
009830,한화솔루션,"market    KOSPI
market      STK
Name: 83, dtype: object",,76238.569704,2,제외,0,0,2,0,0,0,0,0,0,0,2,0,0,0,0,,,,2.65,59.18,,,,,0,,2026-09-30 13:12:16
011790,SKC,"market    KOSPI
market      STK
Name: 110, dtype: object",,49251.109914,2,제외,0,0,2,0,0,0,0,0,0,0,2,0,0,0,0,,,,2.83,53.63,,,,,0,,2026-09-30 13:12:47
178320,서진시스템,"market    KOSDAQ
market       KSQ
Name: 183, dtype: object",,24469.819776,2,제외,0,0,2,0,0,0,0,0,0,0,2,0,0,0,0,,,,2.52,46.64,,,,,0,,2026-09-30 13:14:07
005290,동진쎄미켐,"market    KOSDAQ
market       KSQ
Name: 184, dtype: object",,24287.265039,2,제외,0,0,2,0,0,0,0,0,0,0,2,0,0,0,0,,,,2.61,66.76,,,,,0,,2026-09-30 13:14:08
323280,태성,"market    KOSDAQ
market       KSQ
Name: 233, dtype: object",,17803.64234,2,제외,0,0,2,0,0,0,0,0,0,0,2,0,0,0,0,,,,2.3,60.74,,,,,0,,2026-09-30 13:15:03
093370,후성,"market    KOSPI
market      STK
Name: 251, dtype: object",,16088.2995,2,제외,0,0,2,0,0,0,0,0,0,0,2,0,0,0,0,,,,2.75,63.99,,,,,0,,2026-09-30 13:15:23
290650,엘앤씨바이오,"market    KOSDAQ
market       KSQ
Name: 270, dtype: object",,13970.306672,2,제외,0,0,2,0,0,0,0,0,0,0,2,0,0,0,0,,,,2.1,42.46,,,,,0,,2026-09-30 13:15:44
001800,오리온홀딩스,"market    KOSPI
market      STK
Name: 271, dtype: object",,13956.343264,2,제외,0,0,2,0,0,0,0,0,0,0,2,0,0,0,0,,,,2.28,78.13,,,,,0,,2026-09-30 13:15:45
241710,코스메카코리아,"market    KOSDAQ GLOBAL
market              KSQ
Name: 286, dtype: object",,12153.84,2,제외,0,0,2,0,0,0,0,0,0,0,2,0,0,0,0,,,,2.17,73.38,,,,,0,,2026-09-30 13:16:04
003570,SNT다이내믹스,"market    KOSPI
market      STK
Name: 310, dtype: object",,10275.083373,2,제외,0,0,2,0,0,0,0,0,0,0,2,0,0,0,0,,,,2.2,40.58,,,,,0,,2026-09-30 13:16:31
281740,레이크머티리얼즈,"market    KOSDAQ
market       KSQ
Name: 373, dtype: object",,7559.01302,2,제외,0,0,2,0,0,0,0,0,0,0,2,0,0,0,0,,,,2.72,40.35,,,,,0,,2026-09-30 13:17:39
053610,프로텍,"market    KOSDAQ
market       KSQ
Name: 381, dtype: object",,7308.0,2,제외,0,0,2,0,0,0,0,0,0,0,2,0,0,0,0,,,,2.2,79.0,,,,,0,,2026-09-30 13:17:49
126340,비나텍,"market    KOSDAQ
market       KSQ
Name: 415, dtype: object",,6641.88295,2,제외,0,0,2,0,0,0,0,0,0,0,2,0,0,0,0,,,,2.12,45.13,,,,,0,,2026-09-30 13:18:26
248070,솔루엠,"market    KOSPI
market      STK
Name: 419, dtype: object",,6412.1572476,2,제외,0,0,2,0,0,0,0,0,0,0,2,0,0,0,0,,,,2.47,55.03,,,,,0,,2026-09-30 13:18:31
222080,SFA넥셀,"market    KOSDAQ GLOBAL
market              KSQ
Name: 434, dtype: object",,6121.2973328,2,제외,0,0,2,0,0,0,0,0,0,0,2,0,0,0,0,,,,2.74,40.09,,,,,0,,2026-09-30 13:18:46
077360,덕산하이메탈,"market    KOSDAQ
market       KSQ
Name: 435, dtype: object",,6097.6456684,2,제외,0,0,2,0,0,0,0,0,0,0,2,0,0,0,0,,,,2.04,63.84,,,,,0,,2026-09-30 13:18:49
397030,에이프릴바이오,"market    KOSDAQ
market       KSQ
Name: 457, dtype: object",,5566.873964,2,제외,0,0,2,0,0,0,0,0,0,0,2,0,0,0,0,,,,2.54,26.34,,,,,0,,2026-09-30 13:19:13
003030,세아제강지주,"market    KOSPI
market      STK
Name: 494, dtype: object",,4870.588632,2,제외,0,0,2,0,0,0,0,0,0,0,2,0,0,0,0,,,,2.65,46.15,,,,,0,,2026-09-30 13:19:55
092790,넥스틸,"market    KOSPI
market      STK
Name: 604, dtype: object",,3744.288,2,제외,0,0,2,0,0,0,0,0,0,0,2,0,0,0,0,,,,2.22,63.83,,,,,0,,2026-09-30 13:21:59
039440,에스티아이,"market    KOSDAQ
market       KSQ
Name: 625, dtype: object",,3566.62081,2,제외,0,0,2,0,0,0,0,0,0,0,2,0,0,0,0,,,,2.14,53.7,,,,,0,,2026-09-30 13:22:21
005610,삼립,"market    KOSPI
market      STK
Name: 632, dtype: object",,3507.6921585,2,제외,0,0,2,0,0,0,0,0,0,0,2,0,0,0,0,,,,2.33,71.96,,,,,0,,2026-09-30 13:22:30
002310,아세아제지,"market    KOSPI
market      STK
Name: 686, dtype: object",,3096.786535,2,제외,0,0,2,0,0,0,0,0,0,0,2,0,0,0,0,,,,2.29,69.68,,,,,0,,2026-09-30 13:23:30
086390,유니테스트,"market    KOSDAQ
market       KSQ
Name: 700, dtype: object",,2969.344703,2,제외,0,0,2,0,0,0,0,0,0,0,2,0,0,0,0,,,,2.14,59.28,,,,,0,,2026-09-30 13:23:46
314130,지놈앤컴퍼니,"market    KOSDAQ
market       KSQ
Name: 750, dtype: object",,2667.270675,2,제외,0,0,2,0,0,0,0,0,0,0,2,0,0,0,0,,,,2.11,50.39,,,,,0,,2026-09-30 13:24:42
091700,파트론,"market    KOSDAQ
market       KSQ
Name: 773, dtype: object",,2580.0,2,제외,0,0,2,0,0,0,0,0,0,0,2,0,0,0,0,,,,2.09,59.34,,,,,0,,2026-09-30 13:25:07
452280,한선엔지니어링,"market    KOSDAQ
market       KSQ
Name: 774, dtype: object",,2575.338246,2,제외,0,0,2,0,0,0,0,0,0,0,2,0,0,0,0,,,,2.78,36.81,,,,,0,,2026-09-30 13:25:08
267980,매일유업,"market    KOSDAQ
market       KSQ
Name: 779, dtype: object",,2544.327816,2,제외,0,0,2,0,0,0,0,0,0,0,2,0,0,0,0,,,,2.6,79.71,,,,,0,,2026-09-30 13:25:14
115450,HLB테라퓨틱스,"market    KOSDAQ
market       KSQ
Name: 805, dtype: object",,2414.423997,2,제외,0,0,2,0,0,0,0,0,0,0,2,0,0,0,0,,,,2.28,60.82,,,,,0,,2026-09-30 13:25:42
216080,제테마,"market    KOSDAQ
market       KSQ
Name: 825, dtype: object",,2326.7149776,2,제외,0,0,2,0,0,0,0,0,0,0,2,0,0,0,0,,,,2.22,55.32,,,,,0,,2026-09-30 13:26:05
025560,미래산업,"market    KOSPI
market      STK
Name: 841, dtype: object",,2263.962257,2,제외,0,0,2,0,0,0,0,0,0,0,2,0,0,0,0,,,,2.1,61.34,,,,,0,,2026-09-30 13:26:22
180400,DXVX,"market    KOSDAQ
market       KSQ
Name: 844, dtype: object",,2254.0339928,2,제외,0,0,2,0,0,0,0,0,0,0,2,0,0,0,0,,,,2.08,42.72,,,,,0,,2026-09-30 13:26:24
462350,이노스페이스,"market    KOSDAQ
market       KSQ
Name: 921, dtype: object",,1988.8482764,2,제외,0,0,2,0,0,0,0,0,0,0,2,0,0,0,0,,,,2.63,28.5,,,,,0,,2026-09-30 13:27:50
487570,HS효성,"market    KOSPI
market      STK
Name: 920, dtype: object",,1997.096872,2,제외,0,0,2,0,0,0,0,0,0,0,2,0,0,0,0,,,,2.56,69.23,,,,,0,,2026-09-30 13:27:50
419530,SAMG엔터,"market    KOSDAQ
market       KSQ
Name: 960, dtype: object",,1849.5694644,2,제외,0,0,2,0,0,0,0,0,0,0,2,0,0,0,0,,,,2.26,27.69,,,,,0,,2026-09-30 13:28:35
308430,셀비온,"market    KOSDAQ
market       KSQ
Name: 979, dtype: object",,1801.5730396,2,제외,0,0,2,0,0,0,0,0,0,0,2,0,0,0,0,,,,2.69,33.13,,,,,0,,2026-09-30 13:28:59
119830,아이텍,"market    KOSDAQ
market       KSQ
Name: 980, dtype: object",,1799.3127408,2,제외,0,0,2,0,0,0,0,0,0,0,2,0,0,0,0,,,,2.21,69.89,,,,,0,,2026-09-30 13:29:01
355150,코스텍시스,"market    KOSDAQ
market       KSQ
Name: 998, dtype: object",,1754.40375,2,제외,0,0,2,0,0,0,0,0,0,0,2,0,0,0,0,,,,2.09,35.41,,,,,0,,2026-09-30 13:29:20
494120,큐리오시스,"market    KOSDAQ
market       KSQ
Name: 1110, dtype: object",,1498.5088248,2,제외,0,0,2,0,0,0,0,0,0,0,2,0,0,0,0,,,,2.55,20.37,,,,,0,,2026-09-30 13:31:29
950250,테라뷰,"market    KOSDAQ
market       KSQ
Name: 1116, dtype: object",,1484.9923712,2,제외,0,0,2,0,0,0,0,0,0,0,2,0,0,0,0,,,,2.15,20.14,,,,,0,,2026-09-30 13:31:35
101360,에코앤드림,"market    KOSDAQ
market       KSQ
Name: 1126, dtype: object",,1456.6827366,2,제외,0,0,2,0,0,0,0,0,0,0,2,0,0,0,0,,,,2.2,30.45,,,,,0,,2026-09-30 13:31:48
264660,씨앤지하이테크,"market    KOSDAQ
market       KSQ
Name: 1147, dtype: object",,1412.4862916,2,제외,0,0,2,0,0,0,0,0,0,0,2,0,0,0,0,,,,2.73,55.79,,,,,0,,2026-09-30 13:32:13
228850,레이언스,"market    KOSDAQ
market       KSQ
Name: 1153, dtype: object",,1387.0087704,2,제외,0,0,2,0,0,0,0,0,0,0,2,0,0,0,0,,,,2.7,95.31,,,,,0,,2026-09-30 13:32:21
071280,로체시스템즈,"market    KOSDAQ
market       KSQ
Name: 1198, dtype: object",,1291.0332932,2,제외,0,0,2,0,0,0,0,0,0,0,2,0,0,0,0,,,,2.09,59.7,,,,,0,,2026-09-30 13:33:16
009780,엠에스씨,"market    KOSDAQ
market       KSQ
Name: 1239, dtype: object",,1221.44,2,제외,0,0,2,0,0,0,0,0,0,0,2,0,0,0,0,,,,2.5,52.79,,,,,0,,2026-09-30 13:34:05
290720,푸드나무,"market    KOSDAQ
market       KSQ
Name: 1290, dtype: object",,1136.8483354,2,제외,0,0,2,0,0,0,0,0,0,0,2,0,0,0,0,,,,2.39,75.0,,,,,0,,2026-09-30 13:35:02
338220,뷰노,"market    KOSDAQ
market       KSQ
Name: 1298, dtype: object",,1117.3454754,2,제외,0,0,2,0,0,0,0,0,0,0,2,0,0,0,0,,,,2.59,28.15,,,,,0,,2026-09-30 13:35:15
073560,우리손에프앤지,"market    KOSDAQ
market       KSQ
Name: 1344, dtype: object",,1038.564645,2,제외,0,0,2,0,0,0,0,0,0,0,2,0,0,0,0,,,,2.45,69.58,,,,,0,,2026-09-30 13:36:10
088130,동아엘텍,"market    KOSDAQ
market       KSQ
Name: 1383, dtype: object",,982.6746468,2,제외,0,0,2,0,0,0,0,0,0,0,2,0,0,0,0,,,,2.76,38.3,,,,,0,,2026-09-30 13:36:58
054540,삼영엠텍,"market    KOSDAQ
market       KSQ
Name: 1463, dtype: object",,886.6,2,제외,0,0,2,0,0,0,0,0,0,0,2,0,0,0,0,,,,2.38,29.82,,,,,0,,2026-09-30 13:38:38
004650,창해에탄올,"market    KOSDAQ
market       KSQ
Name: 1490, dtype: object",,847.399597,2,제외,0,0,2,0,0,0,0,0,0,0,2,0,0,0,0,,,,2.11,69.17,,,,,0,,2026-09-30 13:39:08
104040,디에스엠,"market    KOSDAQ
market       KSQ
Name: 1602, dtype: object",,737.3730375,2,제외,0,0,2,0,0,0,0,0,0,0,2,0,0,0,0,,,,2.3,44.46,,,,,0,,2026-09-30 13:41:19
323350,다원넥스뷰,"market    KOSDAQ
market       KSQ
Name: 1626, dtype: object",,719.3673256,2,제외,0,0,2,0,0,0,0,0,0,0,2,0,0,0,0,,,,2.95,32.74,,,,,0,,2026-09-30 13:41:46
096250,와이즈넛,"market    KOSDAQ
market       KSQ
Name: 1733, dtype: object",,636.8220859,2,제외,0,0,2,0,0,0,0,0,0,0,2,0,0,0,0,,,,2.34,33.28,,,,,0,,2026-09-30 13:43:48
005870,휴니드,"market    KOSPI
market      STK
Name: 1738, dtype: object",,633.10327275,2,제외,0,0,2,0,0,0,0,0,0,0,2,0,0,0,0,,,,2.01,37.76,,,,,0,,2026-09-30 13:43:54
104540,코렌텍,"market    KOSDAQ
market       KSQ
Name: 1771, dtype: object",,615.400119,2,제외,0,0,2,0,0,0,0,0,0,0,2,0,0,0,0,,,,2.66,61.83,,,,,0,,2026-09-30 13:44:29
278650,HLB바이오스텝,"market    KOSDAQ
market       KSQ
Name: 1835, dtype: object",,567.4244898,2,제외,0,0,2,0,0,0,0,0,0,0,2,0,0,0,0,,,,2.54,32.23,,,,,0,,2026-09-30 13:45:41
348150,고바이오랩,"market    KOSDAQ
market       KSQ
Name: 1842, dtype: object",,561.2058921,2,제외,0,0,2,0,0,0,0,0,0,0,2,0,0,0,0,,,,2.04,32.82,,,,,0,,2026-09-30 13:45:48
071670,에이테크솔루션,"market    KOSDAQ
market       KSQ
Name: 1888, dtype: object",,529.0,2,제외,0,0,2,0,0,0,0,0,0,0,2,0,0,0,0,,,,2.33,37.05,,,,,0,,2026-09-30 13:46:44
355690,에이텀,"market    KOSDAQ
market       KSQ
Name: 1911, dtype: object",,508.1876559,2,제외,0,0,2,0,0,0,0,0,0,0,2,0,0,0,0,,,,2.21,66.95,,,,,0,,2026-09-30 13:47:11
347740,피엔케이피부임상연구센타,"market    KOSDAQ
market       KSQ
Name: 1919, dtype: object",,501.77683072,2,제외,0,0,2,0,0,0,0,0,0,0,2,0,0,0,0,,,,2.07,55.32,,,,,0,,2026-09-30 13:47:19
373220,LG에너지솔루션,"market    KOSPI
market      STK
Name: 5, dtype: object",,835380.0,0,제외,0,0,0,0,0,0,0,0,0,0,0,0,0,0,0,,,,0.6,67.46,,,,,0,,2026-09-30 13:10:31
005930,삼성전자,"market    KOSPI
market      STK
Name: 0, dtype: object",,15697258.06248,0,제외,0,0,0,0,0,0,0,0,0,0,0,0,0,0,0,,,,0.93,71.96,,,,,0,,2026-09-30 13:10:31
009150,삼성전기,"market    KOSPI
market      STK
Name: 4, dtype: object",,1130115.62048,0,제외,0,0,0,0,0,0,0,0,0,0,0,0,0,0,0,,,,0.81,62.64,,,,,0,,2026-09-30 13:10:31
000660,SK하이닉스,"market    KOSPI
market      STK
Name: 1, dtype: object",,12973544.4024,0,제외,0,0,0,0,0,0,0,0,0,0,0,0,0,0,0,,,,0.91,59.69,,,,,0,,2026-09-30 13:10:31
402340,SK스퀘어,"market    KOSPI
market      STK
Name: 3, dtype: object",,1502614.33722,0,제외,0,0,0,0,0,0,0,0,0,0,0,0,0,0,0,,,,0.85,51.71,,,,,0,,2026-09-30 13:10:31
005380,현대차,"market    KOSPI
market      STK
Name: 6, dtype: object",,701959.3974,0,제외,0,0,0,0,0,0,0,0,0,0,0,0,0,0,0,,,,0.94,44.32,,,,,0,,2026-09-30 13:10:49
207940,삼성바이오로직스,"market    KOSPI
market      STK
Name: 7, dtype: object",,643907.12841,0,제외,0,0,0,0,0,0,0,0,0,0,0,0,0,0,0,,,,1.31,70.16,,,,,0,,2026-09-30 13:10:51
028260,삼성물산,"market    KOSPI
market      STK
Name: 10, dtype: object",,553802.289115,0,제외,0,0,0,0,0,0,0,0,0,0,0,0,0,0,0,,,,0.77,60.62,,,,,0,,2026-09-30 13:10:51
032830,삼성생명,"market    KOSPI
market      STK
Name: 9, dtype: object",,564000.0,0,제외,0,0,0,0,0,0,0,0,0,0,0,0,0,0,0,,,,0.83,54.79,,,,,0,,2026-09-30 13:10:51
034020,두산에너빌리티,"market    KOSPI
market      STK
Name: 11, dtype: object",,522697.895136,0,제외,0,0,0,0,0,0,0,0,0,0,0,0,0,0,0,,,,0.52,58.84,,,,,0,,2026-09-30 13:10:52
012450,한화에어로스페이스,"market    KOSPI
market      STK
Name: 12, dtype: object",,519243.44807,0,제외,0,0,0,0,0,0,0,0,0,0,0,0,0,0,0,,,,0.63,60.97,,,,,0,,2026-09-30 13:10:57
329180,HD현대중공업,"market    KOSPI
market      STK
Name: 14, dtype: object",,455006.910375,0,제외,0,0,0,0,0,0,0,0,0,0,0,0,0,0,0,,,,0.6,56.8,,,,,0,,2026-09-30 13:10:58
034730,SK,"market    KOSPI
market      STK
Name: 16, dtype: object",,426315.89364,0,제외,0,0,0,0,0,0,0,0,0,0,0,0,0,0,0,,,,1.16,66.59,,,,,0,,2026-09-30 13:10:58
000270,기아,"market    KOSPI
market      STK
Name: 15, dtype: object",,440385.861744,0,제외,0,0,0,0,0,0,0,0,0,0,0,0,0,0,0,,,,1.15,53.46,,,,,0,,2026-09-30 13:10:58
006400,삼성SDI,"market    KOSPI
market      STK
Name: 17, dtype: object",,415015.4795,0,제외,0,0,0,0,0,0,0,0,0,0,0,0,0,0,0,,,,0.6,70.95,,,,,0,,2026-09-30 13:10:59
068270,셀트리온,"market    KOSPI
market      STK
Name: 18, dtype: object",,413360.721752,0,제외,0,0,0,0,0,0,0,0,0,0,0,0,0,0,0,,,,0.87,74.32,,,,,0,,2026-09-30 13:11:03
066570,LG전자,"market    KOSPI
market      STK
Name: 20, dtype: object",,346129.85575,0,제외,0,0,0,0,0,0,0,0,0,0,0,0,0,0,0,,,,0.95,48.74,,,,,0,,2026-09-30 13:11:05
012330,현대모비스,"market    KOSPI
market      STK
Name: 21, dtype: object",,329641.54695,0,제외,0,0,0,0,0,0,0,0,0,0,0,0,0,0,0,,,,1.46,46.78,,,,,0,,2026-09-30 13:11:05
010120,LS ELECTRIC,"market    KOSPI
market      STK
Name: 22, dtype: object",,307500.0,0,제외,0,0,0,0,0,0,0,0,0,0,0,0,0,0,0,,,,0.61,61.34,,,,,0,,2026-09-30 13:11:06
035420,NAVER,"market    KOSPI
market      STK
Name: 23, dtype: object",,294606.792753,0,제외,0,0,0,0,0,0,0,0,0,0,0,0,0,0,0,,,,0.76,63.65,,,,,0,,2026-09-30 13:11:06
298040,효성중공업,"market    KOSPI
market      STK
Name: 25, dtype: object",,258569.71604,0,제외,0,0,0,0,0,0,0,0,0,0,0,0,0,0,0,,,,0.8,58.77,,,,,0,,2026-09-30 13:11:11
042700,한미반도체,"market    KOSPI
market      STK
Name: 28, dtype: object",,244475.793,0,제외,0,0,0,0,0,0,0,0,0,0,0,0,0,0,0,,,,0.69,60.56,,,,,0,,2026-09-30 13:11:13
005490,POSCO홀딩스,"market    KOSPI
market      STK
Name: 29, dtype: object",,242479.07262,0,제외,0,0,0,0,0,0,0,0,0,0,0,0,0,0,0,,,,0.74,56.55,,,,,0,,2026-09-30 13:11:13
042660,한화오션,"market    KOSPI
market      STK
Name: 30, dtype: object",,241453.754472,0,제외,0,0,0,0,0,0,0,0,0,0,0,0,0,0,0,,,,1.03,50.9,,,,,0,,2026-09-30 13:11:17
009540,HD한국조선해양,"market    KOSPI
market      STK
Name: 32, dtype: object",,228951.03026,0,제외,0,0,0,0,0,0,0,0,0,0,0,0,0,0,0,,,,1.19,66.03,,,,,0,,2026-09-30 13:11:18
010130,고려아연,"market    KOSPI
market      STK
Name: 33, dtype: object",,223340.7683,0,제외,0,0,0,0,0,0,0,0,0,0,0,0,0,0,0,,,,0.84,48.86,,,,,0,,2026-09-30 13:11:19
000150,두산,"market    KOSPI
market      STK
Name: 34, dtype: object",,221531.6628,0,제외,0,0,0,0,0,0,0,0,0,0,0,0,0,0,0,,,,0.55,55.04,,,,,0,,2026-09-30 13:11:19
015760,한국전력,"market    KOSPI
market      STK
Name: 37, dtype: object",,192268.2410615,0,제외,0,0,0,0,0,0,0,0,0,0,0,0,0,0,0,,,,0.55,43.24,,,,,0,,2026-09-30 13:11:24
017670,SK텔레콤,"market    KOSPI
market      STK
Name: 38, dtype: object",,183860.285368,0,제외,0,0,0,0,0,0,0,0,0,0,0,0,0,0,0,,,,0.53,61.43,,,,,0,,2026-09-30 13:11:25
196170,알테오젠,"market    KOSDAQ GLOBAL
market              KSQ
Name: 41, dtype: object",,177272.313485,0,제외,0,0,0,0,0,0,0,0,0,0,0,0,0,0,0,,,,0.43,58.36,,,,,0,,2026-09-30 13:11:27
051910,LG화학,"market    KOSPI
market      STK
Name: 42, dtype: object",,177186.78093,0,제외,0,0,0,0,0,0,0,0,0,0,0,0,0,0,0,,,,0.88,57.37,,,,,0,,2026-09-30 13:11:30
010140,삼성중공업,"market    KOSPI
market      STK
Name: 43, dtype: object",,173360.0,0,제외,0,0,0,0,0,0,0,0,0,0,0,0,0,0,0,,,,1.08,56.12,,,,,0,,2026-09-30 13:11:31
003550,LG,"market    KOSPI
market      STK
Name: 46, dtype: object",,167520.740432,0,제외,0,0,0,0,0,0,0,0,0,0,0,0,0,0,0,,,,0.61,59.6,,,,,0,,2026-09-30 13:11:33
018260,삼성에스디에스,"market    KOSPI
market      STK
Name: 44, dtype: object",,169457.382,0,제외,0,0,0,0,0,0,0,0,0,0,0,0,0,0,0,,,,0.73,56.24,,,,,0,,2026-09-30 13:11:31
006800,미래에셋증권,"market    KOSPI
market      STK
Name: 45, dtype: object",,168065.0152845,0,제외,0,0,0,0,0,0,0,0,0,0,0,0,0,0,0,,,,0.72,35.14,,,,,0,,2026-09-30 13:11:32
024110,기업은행,"market    KOSPI
market      STK
Name: 47, dtype: object",,161080.025538,0,제외,0,0,0,0,0,0,0,0,0,0,0,0,0,0,0,,,,1.19,68.53,,,,,0,,2026-09-30 13:11:33
267250,HD현대,"market    KOSPI
market      STK
Name: 48, dtype: object",,159960.997125,0,제외,0,0,0,0,0,0,0,0,0,0,0,0,0,0,0,,,,0.78,61.11,,,,,0,,2026-09-30 13:11:37
003670,포스코퓨처엠,"market    KOSPI
market      STK
Name: 49, dtype: object",,159035.84136,0,제외,0,0,0,0,0,0,0,0,0,0,0,0,0,0,0,,,,0.58,59.87,,,,,0,,2026-09-30 13:11:38
079550,LIG디펜스앤에어로스페이스,"market    KOSPI
market      STK
Name: 50, dtype: object",,150040.0,0,제외,0,0,0,0,0,0,0,0,0,0,0,0,0,0,0,,,,0.49,61.0,,,,,0,,2026-09-30 13:11:40
035720,카카오,"market    KOSPI
market      STK
Name: 51, dtype: object",,148626.4674565,0,제외,0,0,0,0,0,0,0,0,0,0,0,0,0,0,0,,,,0.59,48.21,,,,,0,,2026-09-30 13:11:40
086280,현대글로비스,"market    KOSPI
market      STK
Name: 52, dtype: object",,147600.0,0,제외,0,0,0,0,0,0,0,0,0,0,0,0,0,0,0,,,,0.87,66.86,,,,,0,,2026-09-30 13:11:40
272210,한화시스템,"market    KOSPI
market      STK
Name: 53, dtype: object",,141689.54175,0,제외,0,0,0,0,0,0,0,0,0,0,0,0,0,0,0,,,,1.26,40.87,,,,,0,,2026-09-30 13:11:41
278470,에이피알,"market    KOSPI
market      STK
Name: 54, dtype: object",,137023.6473,0,제외,0,0,0,0,0,0,0,0,0,0,0,0,0,0,0,,,,0.75,76.84,,,,,0,,2026-09-30 13:11:45
011070,LG이노텍,"market    KOSPI
market      STK
Name: 55, dtype: object",,133482.48348,0,제외,0,0,0,0,0,0,0,0,0,0,0,0,0,0,0,,,,1.08,31.54,,,,,0,,2026-09-30 13:11:46
030200,KT,"market    KOSPI
market      STK
Name: 56, dtype: object",,131807.341255,0,제외,0,0,0,0,0,0,0,0,0,0,0,0,0,0,0,,,,0.98,75.22,,,,,0,,2026-09-30 13:11:47
000720,현대건설,"market    KOSPI
market      STK
Name: 57, dtype: object",,130843.023875,0,제외,0,0,0,0,0,0,0,0,0,0,0,0,0,0,0,,,,0.42,59.53,,,,,0,,2026-09-30 13:11:47
047810,한국항공우주,"market    KOSPI
market      STK
Name: 58, dtype: object",,123013.585034,0,제외,0,0,0,0,0,0,0,0,0,0,0,0,0,0,0,,,,0.55,58.79,,,,,0,,2026-09-30 13:11:48
064350,현대로템,"market    KOSPI
market      STK
Name: 59, dtype: object",,121802.798988,0,제외,0,0,0,0,0,0,0,0,0,0,0,0,0,0,0,,,,1.75,40.14,,,,,0,,2026-09-30 13:11:49
003490,대한항공,"market    KOSPI
market      STK
Name: 61, dtype: object",,117830.59488,0,제외,0,0,0,0,0,0,0,0,0,0,0,0,0,0,0,,,,0.92,98.46,,,,,0,,2026-09-30 13:11:52
086520,에코프로,"market    KOSDAQ GLOBAL
market              KSQ
Name: 62, dtype: object",,109435.578512,0,제외,0,0,0,0,0,0,0,0,0,0,0,0,0,0,0,,,,0.87,42.16,,,,,0,,2026-09-30 13:11:54
247540,에코프로비엠,"market    KOSDAQ GLOBAL
market              KSQ
Name: 64, dtype: object",,106733.003494,0,제외,0,0,0,0,0,0,0,0,0,0,0,0,0,0,0,,,,0.71,42.59,,,,,0,,2026-09-30 13:11:55
307950,현대오토에버,"market    KOSPI
market      STK
Name: 66, dtype: object",,101331.61349,0,제외,0,0,0,0,0,0,0,0,0,0,0,0,0,0,0,,,,0.52,34.99,,,,,0,,2026-09-30 13:11:59
047050,포스코인터내셔널,"market    KOSPI
market      STK
Name: 67, dtype: object",,100100.066372,0,제외,0,0,0,0,0,0,0,0,0,0,0,0,0,0,0,,,,0.23,63.93,,,,,0,,2026-09-30 13:11:59
006260,LS,"market    KOSPI
market      STK
Name: 70, dtype: object",,96252.0,0,제외,0,0,0,0,0,0,0,0,0,0,0,0,0,0,0,,,,0.94,51.32,,,,,0,,2026-09-30 13:12:02
071050,한국금융지주,"market    KOSPI
market      STK
Name: 69, dtype: object",,98635.00584,0,제외,0,0,0,0,0,0,0,0,0,0,0,0,0,0,0,,,,1.39,58.94,,,,,0,,2026-09-30 13:12:02
005940,NH투자증권,"market    KOSPI
market      STK
Name: 71, dtype: object",,95993.5873,0,제외,0,0,0,0,0,0,0,0,0,0,0,0,0,0,0,,,,1.11,61.15,,,,,0,,2026-09-30 13:12:03
323410,카카오뱅크,"market    KOSPI
market      STK
Name: 72, dtype: object",,94899.2549193,0,제외,0,0,0,0,0,0,0,0,0,0,0,0,0,0,0,,,,1.16,67.63,,,,,0,,2026-09-30 13:12:06
028050,삼성E&A,"market    KOSPI
market      STK
Name: 74, dtype: object",,93492.0,0,제외,0,0,0,0,0,0,0,0,0,0,0,0,0,0,0,,,,0.59,71.17,,,,,0,,2026-09-30 13:12:08
003230,삼양식품,"market    KOSPI
market      STK
Name: 75, dtype: object",,91375.47195,0,제외,0,0,0,0,0,0,0,0,0,0,0,0,0,0,0,,,,0.47,75.31,,,,,0,,2026-09-30 13:12:08
259960,크래프톤,"market    KOSPI
market      STK
Name: 76, dtype: object",,89490.650412,0,제외,0,0,0,0,0,0,0,0,0,0,0,0,0,0,0,,,,1.45,59.97,,,,,0,,2026-09-30 13:12:08
180640,한진칼,"market    KOSPI
market      STK
Name: 77, dtype: object",,88393.2521,0,제외,0,0,0,0,0,0,0,0,0,0,0,0,0,0,0,,,,0.91,75.1,,,,,0,,2026-09-30 13:12:09
0126Z0,삼성에피스홀딩스,"market    KOSPI
market      STK
Name: 78, dtype: object",,86095.34954,0,제외,0,0,0,0,0,0,0,0,0,0,0,0,0,0,0,,,,0.65,45.08,,,,,0,,2026-09-30 13:12:12
007660,이수페타시스,"market    KOSPI
market      STK
Name: 79, dtype: object",,84494.011069,0,제외,0,0,0,0,0,0,0,0,0,0,0,0,0,0,0,,,,0.89,70.19,,,,,0,,2026-09-30 13:12:12
277810,레인보우로보틱스,"market    KOSDAQ
market       KSQ
Name: 80, dtype: object",,81091.40644,0,제외,0,0,0,0,0,0,0,0,0,0,0,0,0,0,0,,,,0.57,42.85,,,,,0,,2026-09-30 13:12:14
016360,삼성증권,"market    KOSPI
market      STK
Name: 82, dtype: object",,78941.2,0,제외,0,0,0,0,0,0,0,0,0,0,0,0,0,0,0,,,,1.2,54.42,,,,,0,,2026-09-30 13:12:15
161390,한국타이어앤테크놀로지,"market    KOSPI
market      STK
Name: 84, dtype: object",,73086.29071,0,제외,0,0,0,0,0,0,0,0,0,0,0,0,0,0,0,,,,1.27,75.51,,,,,0,,2026-09-30 13:12:18
047040,대우건설,"market    KOSPI
market      STK
Name: 85, dtype: object",,72895.0149812,0,제외,0,0,0,0,0,0,0,0,0,0,0,0,0,0,0,,,,0.72,43.94,,,,,0,,2026-09-30 13:12:19
000880,한화,"market    KOSPI
market      STK
Name: 88, dtype: object",,66927.765735,0,제외,0,0,0,0,0,0,0,0,0,0,0,0,0,0,0,,,,0.67,62.63,,,,,0,,2026-09-30 13:12:21
352820,하이브,"market    KOSPI
market      STK
Name: 87, dtype: object",,67505.305176,0,제외,0,0,0,0,0,0,0,0,0,0,0,0,0,0,0,,,,0.69,38.69,,,,,0,,2026-09-30 13:12:21
064400,LG씨엔에스,"market    KOSPI
market      STK
Name: 89, dtype: object",,66657.532224,0,제외,0,0,0,0,0,0,0,0,0,0,0,0,0,0,0,,,,0.68,45.01,,,,,0,,2026-09-30 13:12:22
039490,키움증권,"market    KOSPI
market      STK
Name: 90, dtype: object",,65964.21474,0,제외,0,0,0,0,0,0,0,0,0,0,0,0,0,0,0,,,,0.86,48.65,,,,,0,,2026-09-30 13:12:25
353200,대덕전자,"market    KOSPI
market      STK
Name: 91, dtype: object",,65477.425625,0,제외,0,0,0,0,0,0,0,0,0,0,0,0,0,0,0,,,,0.91,66.82,,,,,0,,2026-09-30 13:12:25
062040,산일전기,"market    KOSPI
market      STK
Name: 92, dtype: object",,65116.05625,0,제외,0,0,0,0,0,0,0,0,0,0,0,0,0,0,0,,,,0.91,62.17,,,,,0,,2026-09-30 13:12:28
240810,원익IPS,"market    KOSDAQ GLOBAL
market              KSQ
Name: 93, dtype: object",,64545.329815,0,제외,0,0,0,0,0,0,0,0,0,0,0,0,0,0,0,,,,0.98,70.13,,,,,0,,2026-09-30 13:12:28
128940,한미약품,"market    KOSPI
market      STK
Name: 95, dtype: object",,63926.84509,0,제외,0,0,0,0,0,0,0,0,0,0,0,0,0,0,0,,,,0.6,77.05,,,,,0,,2026-09-30 13:12:29
005387,현대차2우B,"market    KOSPI
market      STK
Name: 97, dtype: object",,59949.83225,0,제외,0,0,0,0,0,0,0,0,0,0,0,0,0,0,0,,,,0.68,53.16,,,,,0,,2026-09-30 13:12:32
032640,LG유플러스,"market    KOSPI
market      STK
Name: 96, dtype: object",,61669.3494596,0,제외,0,0,0,0,0,0,0,0,0,0,0,0,0,0,0,,,,1.03,77.5,,,,,0,,2026-09-30 13:12:31
000990,DB하이텍,"market    KOSPI
market      STK
Name: 98, dtype: object",,59427.267208,0,제외,0,0,0,0,0,0,0,0,0,0,0,0,0,0,0,,,,0.75,59.74,,,,,0,,2026-09-30 13:12:34
267270,HD건설기계,"market    KOSPI
market      STK
Name: 99, dtype: object",,58659.27171,0,제외,0,0,0,0,0,0,0,0,0,0,0,0,0,0,0,,,,0.66,57.06,,,,,0,,2026-09-30 13:12:35
326030,SK바이오팜,"market    KOSPI
market      STK
Name: 100, dtype: object",,58265.058,0,제외,0,0,0,0,0,0,0,0,0,0,0,0,0,0,0,,,,0.66,51.77,,,,,0,,2026-09-30 13:12:35
001440,대한전선,"market    KOSPI
market      STK
Name: 101, dtype: object",,58111.804714,0,제외,0,0,0,0,0,0,0,0,0,0,0,0,0,0,0,,,,0.94,39.33,,,,,0,,2026-09-30 13:12:35
058470,리노공업,"market    KOSDAQ GLOBAL
market              KSQ
Name: 103, dtype: object",,55939.4979,0,제외,0,0,0,0,0,0,0,0,0,0,0,0,0,0,0,,,,0.74,57.13,,,,,0,,2026-09-30 13:12:38
028300,HLB,"market    KOSDAQ
market       KSQ
Name: 104, dtype: object",,55144.064322,0,제외,0,0,0,0,0,0,0,0,0,0,0,0,0,0,0,,,,1.2,59.75,,,,,0,,2026-09-30 13:12:40
175330,JB금융지주,"market    KOSPI
market      STK
Name: 105, dtype: object",,54277.850784,0,제외,0,0,0,0,0,0,0,0,0,0,0,0,0,0,0,,,,1.34,75.45,,,,,0,,2026-09-30 13:12:41
000100,유한양행,"market    KOSPI
market      STK
Name: 107, dtype: object",,53592.288568,0,제외,0,0,0,0,0,0,0,0,0,0,0,0,0,0,0,,,,0.8,56.27,,,,,0,,2026-09-30 13:12:42
377300,카카오페이,"market    KOSPI
market      STK
Name: 106, dtype: object",,53917.297867,0,제외,0,0,0,0,0,0,0,0,0,0,0,0,0,0,0,,,,0.3,50.38,,,,,0,,2026-09-30 13:12:42
403870,HPSP,"market    KOSDAQ GLOBAL
market              KSQ
Name: 108, dtype: object",,52425.1,0,제외,0,0,0,0,0,0,0,0,0,0,0,0,0,0,0,,,,1.69,69.02,,,,,0,,2026-09-30 13:12:45
241560,두산밥캣,"market    KOSPI
market      STK
Name: 109, dtype: object",,52337.41149,0,제외,0,0,0,0,0,0,0,0,0,0,0,0,0,0,0,,,,1.36,68.63,,,,,0,,2026-09-30 13:12:45
029780,삼성카드,"market    KOSPI
market      STK
Name: 111, dtype: object",,48892.452002,0,제외,0,0,0,0,0,0,0,0,0,0,0,0,0,0,0,,,,0.84,61.27,,,,,0,,2026-09-30 13:12:48
138930,BNK금융지주,"market    KOSPI
market      STK
Name: 112, dtype: object",,48848.8883592,0,제외,0,0,0,0,0,0,0,0,0,0,0,0,0,0,0,,,,1.25,68.85,,,,,0,,2026-09-30 13:12:49
088350,한화생명,"market    KOSPI
market      STK
Name: 115, dtype: object",,46292.649,0,제외,0,0,0,0,0,0,0,0,0,0,0,0,0,0,0,,,,1.3,71.16,,,,,0,,2026-09-30 13:12:52
052690,한전기술,"market    KOSPI
market      STK
Name: 114, dtype: object",,46857.72,0,제외,0,0,0,0,0,0,0,0,0,0,0,0,0,0,0,,,,0.25,62.78,,,,,0,,2026-09-30 13:12:51
066970,엘앤에프,"market    KOSPI
market      STK
Name: 116, dtype: object",,45609.212264,0,제외,0,0,0,0,0,0,0,0,0,0,0,0,0,0,0,,,,0.47,49.78,,,,,0,,2026-09-30 13:12:54
095340,ISC,"market    KOSDAQ
market       KSQ
Name: 117, dtype: object",,45255.71883,0,제외,0,0,0,0,0,0,0,0,0,0,0,0,0,0,0,,,,0.82,72.82,,,,,0,,2026-09-30 13:12:55
036570,NC,"market    KOSPI
market      STK
Name: 118, dtype: object",,45027.00598,0,제외,0,0,0,0,0,0,0,0,0,0,0,0,0,0,0,,,,1.07,62.3,,,,,0,,2026-09-30 13:12:55
454910,두산로보틱스,"market    KOSPI
market      STK
Name: 119, dtype: object",,44466.50628,0,제외,0,0,0,0,0,0,0,0,0,0,0,0,0,0,0,,,,0.56,40.29,,,,,0,,2026-09-30 13:12:56
271560,오리온,"market    KOSPI
market      STK
Name: 121, dtype: object",,42256.274372,0,제외,0,0,0,0,0,0,0,0,0,0,0,0,0,0,0,,,,1.04,71.29,,,,,0,,2026-09-30 13:12:58
319660,피에스케이,"market    KOSDAQ
market       KSQ
Name: 120, dtype: object",,43015.57029,0,제외,0,0,0,0,0,0,0,0,0,0,0,0,0,0,0,,,,0.73,67.65,,,,,0,,2026-09-30 13:12:58
108490,로보티즈,"market    KOSDAQ
market       KSQ
Name: 122, dtype: object",,41947.70008,0,제외,0,0,0,0,0,0,0,0,0,0,0,0,0,0,0,,,,0.3,62.18,,,,,0,,2026-09-30 13:13:01
010060,OCI홀딩스,"market    KOSPI
market      STK
Name: 123, dtype: object",,41727.96852,0,제외,0,0,0,0,0,0,0,0,0,0,0,0,0,0,0,,,,0.84,53.5,,,,,0,,2026-09-30 13:13:02
440110,파두,"market    KOSDAQ
market       KSQ
Name: 125, dtype: object",,40940.709059,0,제외,0,0,0,0,0,0,0,0,0,0,0,0,0,0,0,,,,0.82,63.68,,,,,0,,2026-09-30 13:13:02
034220,LG디스플레이,"market    KOSPI
market      STK
Name: 124, dtype: object",,41650.0,0,제외,0,0,0,0,0,0,0,0,0,0,0,0,0,0,0,,,,0.45,46.46,,,,,0,,2026-09-30 13:13:02
082740,한화엔진,"market    KOSPI
market      STK
Name: 126, dtype: object",,40889.09958,0,제외,0,0,0,0,0,0,0,0,0,0,0,0,0,0,0,,,,1.22,52.28,,,,,0,,2026-09-30 13:13:05
000250,삼천당제약,"market    KOSDAQ
market       KSQ
Name: 128, dtype: object",,40534.511616,0,제외,0,0,0,0,0,0,0,0,0,0,0,0,0,0,0,,,,1.34,13.98,,,,,0,,2026-09-30 13:13:07
002380,KCC,"market    KOSPI
market      STK
Name: 129, dtype: object",,40429.57568,0,제외,0,0,0,0,0,0,0,0,0,0,0,0,0,0,0,,,,0.9,67.99,,,,,0,,2026-09-30 13:13:08
004020,현대제철,"market    KOSPI
market      STK
Name: 131, dtype: object",,40033.7355,0,제외,0,0,0,0,0,0,0,0,0,0,0,0,0,0,0,,,,0.65,60.32,,,,,0,,2026-09-30 13:13:09
005385,현대차우,"market    KOSPI
market      STK
Name: 132, dtype: object",,39717.085343,0,제외,0,0,0,0,0,0,0,0,0,0,0,0,0,0,0,,,,0.72,53.43,,,,,0,,2026-09-30 13:13:12
103590,일진전기,"market    KOSPI
market      STK
Name: 133, dtype: object",,39340.44675,0,제외,0,0,0,0,0,0,0,0,0,0,0,0,0,0,0,,,,0.92,55.85,,,,,0,,2026-09-30 13:13:12
001040,CJ,"market    KOSPI
market      STK
Name: 134, dtype: object",,39155.531316,0,제외,0,0,0,0,0,0,0,0,0,0,0,0,0,0,0,,,,0.69,57.19,,,,,0,,2026-09-30 13:13:14
031980,피에스케이홀딩스,"market    KOSDAQ
market       KSQ
Name: 135, dtype: object",,38510.43747,0,제외,0,0,0,0,0,0,0,0,0,0,0,0,0,0,0,,,,0.65,96.02,,,,,0,,2026-09-30 13:13:15
084370,유진테크,"market    KOSDAQ
market       KSQ
Name: 136, dtype: object",,38407.286392,0,제외,0,0,0,0,0,0,0,0,0,0,0,0,0,0,0,,,,1.08,72.87,,,,,0,,2026-09-30 13:13:15
095610,테스,"market    KOSDAQ GLOBAL
market              KSQ
Name: 141, dtype: object",,32466.72,0,제외,0,0,0,0,0,0,0,0,0,0,0,0,0,0,0,,,,0.73,71.33,,,,,0,,2026-09-30 13:13:21
214450,파마리서치,"market    KOSDAQ GLOBAL
market              KSQ
Name: 142, dtype: object",,32259.85704,0,제외,0,0,0,0,0,0,0,0,0,0,0,0,0,0,0,,,,1.04,48.74,,,,,0,,2026-09-30 13:13:22
036460,한국가스공사,"market    KOSPI
market      STK
Name: 143, dtype: object",,32124.924,0,제외,0,0,0,0,0,0,0,0,0,0,0,0,0,0,0,,,,0.73,76.48,,,,,0,,2026-09-30 13:13:22
004170,신세계,"market    KOSPI
market      STK
Name: 145, dtype: object",,31783.034065,0,제외,0,0,0,0,0,0,0,0,0,0,0,0,0,0,0,,,,0.52,42.55,,,,,0,,2026-09-30 13:13:25
012750,에스원,"market    KOSPI
market      STK
Name: 148, dtype: object",,31387.321028,0,제외,0,0,0,0,0,0,0,0,0,0,0,0,0,0,0,,,,0.71,79.71,,,,,0,,2026-09-30 13:13:28
087010,펩트론,"market    KOSDAQ
market       KSQ
Name: 150, dtype: object",,30685.6326,0,제외,0,0,0,0,0,0,0,0,0,0,0,0,0,0,0,,,,0.81,33.55,,,,,0,,2026-09-30 13:13:31
035250,강원랜드,"market    KOSPI
market      STK
Name: 151, dtype: object",,30507.9153,0,제외,0,0,0,0,0,0,0,0,0,0,0,0,0,0,0,,,,1.18,73.0,,,,,0,,2026-09-30 13:13:31
111770,영원무역,"market    KOSPI
market      STK
Name: 152, dtype: object",,30486.289984,0,제외,0,0,0,0,0,0,0,0,0,0,0,0,0,0,0,,,,1.12,67.05,,,,,0,,2026-09-30 13:13:33
375500,DL이앤씨,"market    KOSPI
market      STK
Name: 155, dtype: object",,30103.638694,0,제외,0,0,0,0,0,0,0,0,0,0,0,0,0,0,0,,,,0.6,72.98,,,,,0,,2026-09-30 13:13:35
022100,포스코DX,"market    KOSPI
market      STK
Name: 154, dtype: object",,30270.1145439,0,제외,0,0,0,0,0,0,0,0,0,0,0,0,0,0,0,,,,0.13,43.75,,,,,0,,2026-09-30 13:13:35
336260,두산퓨얼셀,"market    KOSPI
market      STK
Name: 156, dtype: object",,29832.392193,0,제외,0,0,0,0,0,0,0,0,0,0,0,0,0,0,0,,,,0.57,42.06,,,,,0,,2026-09-30 13:13:37
141080,리가켐바이오,"market    KOSDAQ GLOBAL
market              KSQ
Name: 157, dtype: object",,29541.495564,0,제외,0,0,0,0,0,0,0,0,0,0,0,0,0,0,0,,,,0.68,35.64,,,,,0,,2026-09-30 13:13:38
031210,서울보증보험,"market    KOSPI
market      STK
Name: 158, dtype: object",,29429.803557,0,제외,0,0,0,0,0,0,0,0,0,0,0,0,0,0,0,,,,1.03,65.51,,,,,0,,2026-09-30 13:13:40
006360,GS건설,"market    KOSPI
market      STK
Name: 159, dtype: object",,29054.915855,0,제외,0,0,0,0,0,0,0,0,0,0,0,0,0,0,0,,,,0.44,76.03,,,,,0,,2026-09-30 13:13:41
011780,금호석유화학,"market    KOSPI
market      STK
Name: 160, dtype: object",,29006.395725,0,제외,0,0,0,0,0,0,0,0,0,0,0,0,0,0,0,,,,0.75,70.92,,,,,0,,2026-09-30 13:13:42
023530,롯데쇼핑,"market    KOSPI
market      STK
Name: 162, dtype: object",,28684.79757,0,제외,0,0,0,0,0,0,0,0,0,0,0,0,0,0,0,,,,0.7,48.1,,,,,0,,2026-09-30 13:13:44
251270,넷마블,"market    KOSPI
market      STK
Name: 163, dtype: object",,28606.4982,0,제외,0,0,0,0,0,0,0,0,0,0,0,0,0,0,0,,,,0.18,49.86,,,,,0,,2026-09-30 13:13:45
017800,현대엘리베이터,"market    KOSPI
market      STK
Name: 164, dtype: object",,28537.44105,0,제외,0,0,0,0,0,0,0,0,0,0,0,0,0,0,0,,,,0.64,64.64,,,,,0,,2026-09-30 13:13:46
302440,SK바이오사이언스,"market    KOSPI
market      STK
Name: 166, dtype: object",,28322.815633,0,제외,0,0,0,0,0,0,0,0,0,0,0,0,0,0,0,,,,0.75,58.73,,,,,0,,2026-09-30 13:13:48
007340,DN오토모티브,"market    KOSPI
market      STK
Name: 165, dtype: object",,28494.791255,0,제외,0,0,0,0,0,0,0,0,0,0,0,0,0,0,0,,,,1.22,72.15,,,,,0,,2026-09-30 13:13:48
014680,한솔케미칼,"market    KOSPI
market      STK
Name: 167, dtype: object",,27902.58306,0,제외,0,0,0,0,0,0,0,0,0,0,0,0,0,0,0,,,,1.78,75.61,,,,,0,,2026-09-30 13:13:49
298380,에이비엘바이오,"market    KOSDAQ GLOBAL
market              KSQ
Name: 168, dtype: object",,27153.919555,0,제외,0,0,0,0,0,0,0,0,0,0,0,0,0,0,0,,,,0.78,18.87,,,,,0,,2026-09-30 13:13:50
080220,제주반도체,"market    KOSDAQ
market       KSQ
Name: 169, dtype: object",,26968.738239,0,제외,0,0,0,0,0,0,0,0,0,0,0,0,0,0,0,,,,1.04,56.88,,,,,0,,2026-09-30 13:13:51
097950,CJ제일제당,"market    KOSPI
market      STK
Name: 170, dtype: object",,26946.99294,0,제외,0,0,0,0,0,0,0,0,0,0,0,0,0,0,0,,,,0.75,70.95,,,,,0,,2026-09-30 13:13:53
004800,효성,"market    KOSPI
market      STK
Name: 172, dtype: object",,26181.996548,0,제외,0,0,0,0,0,0,0,0,0,0,0,0,0,0,0,,,,0.53,49.56,,,,,0,,2026-09-30 13:13:54
383220,F&F,"market    KOSPI
market      STK
Name: 171, dtype: object",,26278.65345,0,제외,0,0,0,0,0,0,0,0,0,0,0,0,0,0,0,,,,0.6,76.97,,,,,0,,2026-09-30 13:13:54
010170,대한광통신,"market    KOSDAQ
market       KSQ
Name: 173, dtype: object",,25935.008088,0,제외,0,0,0,0,0,0,0,0,0,0,0,0,0,0,0,,,,0.41,53.14,,,,,0,,2026-09-30 13:13:56
085620,미래에셋생명,"market    KOSPI
market      STK
Name: 175, dtype: object",,25765.308,0,제외,0,0,0,0,0,0,0,0,0,0,0,0,0,0,0,,,,0.31,50.56,,,,,0,,2026-09-30 13:13:57
011170,롯데케미칼,"market    KOSPI
market      STK
Name: 176, dtype: object",,25665.2514,0,제외,0,0,0,0,0,0,0,0,0,0,0,0,0,0,0,,,,0.27,50.46,,,,,0,,2026-09-30 13:13:59
489790,한화비전,"market    KOSPI
market      STK
Name: 177, dtype: object",,25446.14856,0,제외,0,0,0,0,0,0,0,0,0,0,0,0,0,0,0,,,,1.39,51.79,,,,,0,,2026-09-30 13:14:01
257720,실리콘투,"market    KOSDAQ
market       KSQ
Name: 179, dtype: object",,25017.340138,0,제외,0,0,0,0,0,0,0,0,0,0,0,0,0,0,0,,,,0.55,68.27,,,,,0,,2026-09-30 13:14:02
310210,보로노이,"market    KOSDAQ
market       KSQ
Name: 180, dtype: object",,24908.961294,0,제외,0,0,0,0,0,0,0,0,0,0,0,0,0,0,0,,,,0.85,35.66,,,,,0,,2026-09-30 13:14:03
450080,에코프로머티,"market    KOSPI
market      STK
Name: 181, dtype: object",,24643.22676,0,제외,0,0,0,0,0,0,0,0,0,0,0,0,0,0,0,,,,1.27,39.36,,,,,0,,2026-09-30 13:14:04
004370,농심,"market    KOSPI
market      STK
Name: 182, dtype: object",,24543.46047,0,제외,0,0,0,0,0,0,0,0,0,0,0,0,0,0,0,,,,0.59,76.95,,,,,0,,2026-09-30 13:14:06
004990,롯데지주,"market    KOSPI
market      STK
Name: 186, dtype: object",,23969.138128,0,제외,0,0,0,0,0,0,0,0,0,0,0,0,0,0,0,,,,0.56,60.61,,,,,0,,2026-09-30 13:14:09
000240,한국앤컴퍼니,"market    KOSPI
market      STK
Name: 187, dtype: object",,23828.74524,0,제외,0,0,0,0,0,0,0,0,0,0,0,0,0,0,0,,,,0.81,68.72,,,,,0,,2026-09-30 13:14:10
005440,현대지에프홀딩스,"market    KOSPI
market      STK
Name: 188, dtype: object",,23493.1811919,0,제외,0,0,0,0,0,0,0,0,0,0,0,0,0,0,0,,,,1.36,64.68,,,,,0,,2026-09-30 13:14:12
483650,달바글로벌,"market    KOSPI
market      STK
Name: 189, dtype: object",,23375.68989,0,제외,0,0,0,0,0,0,0,0,0,0,0,0,0,0,0,,,,0.47,65.94,,,,,0,,2026-09-30 13:14:14
226950,올릭스,"market    KOSDAQ GLOBAL
market              KSQ
Name: 190, dtype: object",,23319.302475,0,제외,0,0,0,0,0,0,0,0,0,0,0,0,0,0,0,,,,0.53,47.28,,,,,0,,2026-09-30 13:14:14
009420,한올바이오파마,"market    KOSPI
market      STK
Name: 191, dtype: object",,23038.121358,0,제외,0,0,0,0,0,0,0,0,0,0,0,0,0,0,0,,,,0.88,60.48,,,,,0,,2026-09-30 13:14:16
001720,신영증권,"market    KOSPI
market      STK
Name: 192, dtype: object",,23032.44,0,제외,0,0,0,0,0,0,0,0,0,0,0,0,0,0,0,,,,1.72,51.21,,,,,0,,2026-09-30 13:14:16
005850,에스엘,"market    KOSPI
market      STK
Name: 193, dtype: object",,22899.12036,0,제외,0,0,0,0,0,0,0,0,0,0,0,0,0,0,0,,,,0.75,62.45,,,,,0,,2026-09-30 13:14:17
319400,현대무벡스,"market    KOSDAQ
market       KSQ
Name: 194, dtype: object",,22665.0239365,0,제외,0,0,0,0,0,0,0,0,0,0,0,0,0,0,0,,,,0.78,40.77,,,,,0,,2026-09-30 13:14:19
145020,휴젤,"market    KOSDAQ
market       KSQ
Name: 195, dtype: object",,22489.765881,0,제외,0,0,0,0,0,0,0,0,0,0,0,0,0,0,0,,,,0.86,54.84,,,,,0,,2026-09-30 13:14:21
140410,메지온,"market    KOSDAQ
market       KSQ
Name: 197, dtype: object",,22323.200346,0,제외,0,0,0,0,0,0,0,0,0,0,0,0,0,0,0,,,,0.85,40.52,,,,,0,,2026-09-30 13:14:22
018670,SK가스,"market    KOSPI
market      STK
Name: 198, dtype: object",,22199.83938,0,제외,0,0,0,0,0,0,0,0,0,0,0,0,0,0,0,,,,0.46,79.8,,,,,0,,2026-09-30 13:14:23
020150,롯데에너지머티리얼즈,"market    KOSPI
market      STK
Name: 199, dtype: object",,21993.49446,0,제외,0,0,0,0,0,0,0,0,0,0,0,0,0,0,0,,,,0.52,50.66,,,,,0,,2026-09-30 13:14:24
214370,케어젠,"market    KOSDAQ
market       KSQ
Name: 200, dtype: object",,21942.5775,0,제외,0,0,0,0,0,0,0,0,0,0,0,0,0,0,0,,,,1.15,26.56,,,,,0,,2026-09-30 13:14:25
279570,케이뱅크,"market    KOSPI
market      STK
Name: 201, dtype: object",,21866.9686389,0,제외,0,0,0,0,0,0,0,0,0,0,0,0,0,0,0,,,,0.73,54.66,,,,,0,,2026-09-30 13:14:28
103140,풍산,"market    KOSPI
market      STK
Name: 202, dtype: object",,21746.839728,0,제외,0,0,0,0,0,0,0,0,0,0,0,0,0,0,0,,,,0.55,48.93,,,,,0,,2026-09-30 13:14:28
112610,씨에스윈드,"market    KOSPI
market      STK
Name: 204, dtype: object",,21465.244127,0,제외,0,0,0,0,0,0,0,0,0,0,0,0,0,0,0,,,,0.89,64.74,,,,,0,,2026-09-30 13:14:30
058610,에스피지,"market    KOSDAQ
market       KSQ
Name: 205, dtype: object",,21445.50712,0,제외,0,0,0,0,0,0,0,0,0,0,0,0,0,0,0,,,,0.24,58.6,,,,,0,,2026-09-30 13:14:30
204320,HL만도,"market    KOSPI
market      STK
Name: 206, dtype: object",,21435.92528,0,제외,0,0,0,0,0,0,0,0,0,0,0,0,0,0,0,,,,0.57,57.9,,,,,0,,2026-09-30 13:14:32
032820,우리기술,"market    KOSDAQ
market       KSQ
Name: 207, dtype: object",,21252.507276,0,제외,0,0,0,0,0,0,0,0,0,0,0,0,0,0,0,,,,0.24,40.89,,,,,0,,2026-09-30 13:14:34
098460,고영,"market    KOSDAQ
market       KSQ
Name: 208, dtype: object",,21109.2039235,0,제외,0,0,0,0,0,0,0,0,0,0,0,0,0,0,0,,,,0.88,68.56,,,,,0,,2026-09-30 13:14:34
009970,영원무역홀딩스,"market    KOSPI
market      STK
Name: 209, dtype: object",,21036.998808,0,제외,0,0,0,0,0,0,0,0,0,0,0,0,0,0,0,,,,1.18,61.98,,,,,0,,2026-09-30 13:14:35
263750,펄어비스,"market    KOSDAQ
market       KSQ
Name: 210, dtype: object",,20801.33421,0,제외,0,0,0,0,0,0,0,0,0,0,0,0,0,0,0,,,,0.94,41.67,,,,,0,,2026-09-30 13:14:36
030530,원익홀딩스,"market    KOSDAQ
market       KSQ
Name: 211, dtype: object",,20390.826984,0,제외,0,0,0,0,0,0,0,0,0,0,0,0,0,0,0,,,,0.22,52.27,,,,,0,,2026-09-30 13:14:37
043260,성호전자,"market    KOSDAQ
market       KSQ
Name: 212, dtype: object",,19957.013796,0,제외,0,0,0,0,0,0,0,0,0,0,0,0,0,0,0,,,,1.57,45.89,,,,,0,,2026-09-30 13:14:38
081660,미스토홀딩스,"market    KOSPI
market      STK
Name: 213, dtype: object",,19909.44,0,제외,0,0,0,0,0,0,0,0,0,0,0,0,0,0,0,,,,0.93,67.56,,,,,0,,2026-09-30 13:14:41
002790,아모레퍼시픽홀딩스,"market    KOSPI
market      STK
Name: 214, dtype: object",,19764.43953,0,제외,0,0,0,0,0,0,0,0,0,0,0,0,0,0,0,,,,1.19,72.04,,,,,0,,2026-09-30 13:14:41
139480,이마트,"market    KOSPI
market      STK
Name: 215, dtype: object",,19731.010585,0,제외,0,0,0,0,0,0,0,0,0,0,0,0,0,0,0,,,,0.99,52.57,,,,,0,,2026-09-30 13:14:42
214150,클래시스,"market    KOSDAQ GLOBAL
market              KSQ
Name: 216, dtype: object",,19701.169018,0,제외,0,0,0,0,0,0,0,0,0,0,0,0,0,0,0,,,,0.44,39.11,,,,,0,,2026-09-30 13:14:42
051600,한전KPS,"market    KOSPI
market      STK
Name: 217, dtype: object",,19665.0,0,제외,0,0,0,0,0,0,0,0,0,0,0,0,0,0,0,,,,1.6,63.77,,,,,0,,2026-09-30 13:14:44
069960,현대백화점,"market    KOSPI
market      STK
Name: 218, dtype: object",,19322.161152,0,제외,0,0,0,0,0,0,0,0,0,0,0,0,0,0,0,,,,0.62,40.27,,,,,0,,2026-09-30 13:14:45
089030,테크윙,"market    KOSDAQ
market       KSQ
Name: 220, dtype: object",,19230.841755,0,제외,0,0,0,0,0,0,0,0,0,0,0,0,0,0,0,,,,1.19,70.81,,,,,0,,2026-09-30 13:14:48
347850,디앤디파마텍,"market    KOSDAQ
market       KSQ
Name: 219, dtype: object",,19249.4050965,0,제외,0,0,0,0,0,0,0,0,0,0,0,0,0,0,0,,,,0.58,35.89,,,,,0,,2026-09-30 13:14:48
140860,파크시스템스,"market    KOSDAQ GLOBAL
market              KSQ
Name: 221, dtype: object",,19221.777405,0,제외,0,0,0,0,0,0,0,0,0,0,0,0,0,0,0,,,,1.04,78.89,,,,,0,,2026-09-30 13:14:49
073240,금호타이어,"market    KOSPI
market      STK
Name: 222, dtype: object",,19160.2611429,0,제외,0,0,0,0,0,0,0,0,0,0,0,0,0,0,0,,,,0.61,75.82,,,,,0,,2026-09-30 13:14:49
237690,에스티팜,"market    KOSDAQ GLOBAL
market              KSQ
Name: 223, dtype: object",,19143.877046,0,제외,0,0,0,0,0,0,0,0,0,0,0,0,0,0,0,,,,0.47,53.46,,,,,0,,2026-09-30 13:14:50
229640,LS에코에너지,"market    KOSPI
market      STK
Name: 224, dtype: object",,18987.42498,0,제외,0,0,0,0,0,0,0,0,0,0,0,0,0,0,0,,,,0.79,56.83,,,,,0,,2026-09-30 13:14:51
131970,두산테스나,"market    KOSDAQ GLOBAL
market              KSQ
Name: 225, dtype: object",,18882.711526,0,제외,0,0,0,0,0,0,0,0,0,0,0,0,0,0,0,,,,0.6,49.72,,,,,0,,2026-09-30 13:14:55
007070,GS리테일,"market    KOSPI
market      STK
Name: 226, dtype: object",,18769.8646675,0,제외,0,0,0,0,0,0,0,0,0,0,0,0,0,0,0,,,,0.64,75.13,,,,,0,,2026-09-30 13:14:55
041510,에스엠,"market    KOSDAQ GLOBAL
market              KSQ
Name: 227, dtype: object",,18659.17235,0,제외,0,0,0,0,0,0,0,0,0,0,0,0,0,0,0,,,,0.63,53.73,,,,,0,,2026-09-30 13:14:56
000155,두산우,"market    KOSPI
market      STK
Name: 228, dtype: object",,18623.51292,0,제외,0,0,0,0,0,0,0,0,0,0,0,0,0,0,0,,,,0.72,55.36,,,,,0,,2026-09-30 13:14:56
083650,비에이치아이,"market    KOSDAQ
market       KSQ
Name: 229, dtype: object",,18566.625,0,제외,0,0,0,0,0,0,0,0,0,0,0,0,0,0,0,,,,0.42,53.15,,,,,0,,2026-09-30 13:14:57
462870,시프트업,"market    KOSPI
market      STK
Name: 231, dtype: object",,18033.76023,0,제외,0,0,0,0,0,0,0,0,0,0,0,0,0,0,0,,,,1.17,72.01,,,,,0,,2026-09-30 13:15:02
007810,코리아써키트,"market    KOSPI
market      STK
Name: 232, dtype: object",,17819.08666,0,제외,0,0,0,0,0,0,0,0,0,0,0,0,0,0,0,,,,0.78,50.24,,,,,0,,2026-09-30 13:15:02
181710,NHN,"market    KOSPI
market      STK
Name: 234, dtype: object",,17780.93075,0,제외,0,0,0,0,0,0,0,0,0,0,0,0,0,0,0,,,,0.74,70.46,,,,,0,,2026-09-30 13:15:03
183300,코미코,"market    KOSDAQ
market       KSQ
Name: 237, dtype: object",,17489.1951375,0,제외,0,0,0,0,0,0,0,0,0,0,0,0,0,0,0,,,,0.61,61.22,,,,,0,,2026-09-30 13:15:08
281820,케이씨텍,"market    KOSPI
market      STK
Name: 238, dtype: object",,17403.023019,0,제외,0,0,0,0,0,0,0,0,0,0,0,0,0,0,0,,,,0.73,70.91,,,,,0,,2026-09-30 13:15:09
439260,대한조선,"market    KOSPI
market      STK
Name: 239, dtype: object",,17120.884135,0,제외,0,0,0,0,0,0,0,0,0,0,0,0,0,0,0,,,,0.49,41.66,,,,,0,,2026-09-30 13:15:09
068760,셀트리온제약,"market    KOSDAQ
market       KSQ
Name: 240, dtype: object",,16917.288492,0,제외,0,0,0,0,0,0,0,0,0,0,0,0,0,0,0,,,,1.17,48.6,,,,,0,,2026-09-30 13:15:10
060370,LS마린솔루션,"market    KOSDAQ
market       KSQ
Name: 241, dtype: object",,16820.910988,0,제외,0,0,0,0,0,0,0,0,0,0,0,0,0,0,0,,,,1.28,62.5,,,,,0,,2026-09-30 13:15:10
475150,SK이터닉스,"market    KOSPI
market      STK
Name: 242, dtype: object",,16812.066474,0,제외,0,0,0,0,0,0,0,0,0,0,0,0,0,0,0,,,,0.56,56.78,,,,,0,,2026-09-30 13:15:10
001120,LX인터내셔널,"market    KOSPI
market      STK
Name: 243, dtype: object",,16783.08,0,제외,0,0,0,0,0,0,0,0,0,0,0,0,0,0,0,,,,1.77,75.22,,,,,0,,2026-09-30 13:15:15
089970,브이엠,"market    KOSDAQ
market       KSQ
Name: 244, dtype: object",,16585.86195,0,제외,0,0,0,0,0,0,0,0,0,0,0,0,0,0,0,,,,1.08,51.11,,,,,0,,2026-09-30 13:15:16
096530,씨젠,"market    KOSDAQ GLOBAL
market              KSQ
Name: 245, dtype: object",,16567.345509,0,제외,0,0,0,0,0,0,0,0,0,0,0,0,0,0,0,,,,1.84,99.16,,,,,0,,2026-09-30 13:15:16
120110,코오롱인더,"market    KOSPI
market      STK
Name: 246, dtype: object",,16500.263632,0,제외,0,0,0,0,0,0,0,0,0,0,0,0,0,0,0,,,,0.34,52.43,,,,,0,,2026-09-30 13:15:16
071970,HD현대마린엔진,"market    KOSPI
market      STK
Name: 247, dtype: object",,16485.84657,0,제외,0,0,0,0,0,0,0,0,0,0,0,0,0,0,0,,,,1.29,41.2,,,,,0,,2026-09-30 13:15:17
023590,다우기술,"market    KOSPI
market      STK
Name: 248, dtype: object",,16232.742,0,제외,0,0,0,0,0,0,0,0,0,0,0,0,0,0,0,,,,0.8,60.59,,,,,0,,2026-09-30 13:15:17
001430,세아베스틸지주,"market    KOSPI
market      STK
Name: 249, dtype: object",,16120.0224905,0,제외,0,0,0,0,0,0,0,0,0,0,0,0,0,0,0,,,,0.84,48.86,,,,,0,,2026-09-30 13:15:22
420770,기가비스,"market    KOSDAQ
market       KSQ
Name: 250, dtype: object",,16110.888418,0,제외,0,0,0,0,0,0,0,0,0,0,0,0,0,0,0,,,,0.69,61.7,,,,,0,,2026-09-30 13:15:22
000120,CJ대한통운,"market    KOSPI
market      STK
Name: 252, dtype: object",,15968.6408,0,제외,0,0,0,0,0,0,0,0,0,0,0,0,0,0,0,,,,0.49,45.65,,,,,0,,2026-09-30 13:15:23
395400,SK리츠,"market    KOSPI
market      STK
Name: 253, dtype: object",,15743.221526,0,제외,0,0,0,0,0,0,0,0,0,0,0,0,0,0,0,,,,0.69,72.64,,,,,0,,2026-09-30 13:15:24
437730,삼현,"market    KOSDAQ
market       KSQ
Name: 254, dtype: object",,15679.3918815,0,제외,0,0,0,0,0,0,0,0,0,0,0,0,0,0,0,,,,0.41,65.15,,,,,0,,2026-09-30 13:15:24
006040,동원산업,"market    KOSPI
market      STK
Name: 255, dtype: object",,15581.709107,0,제외,0,0,0,0,0,0,0,0,0,0,0,0,0,0,0,,,,0.52,68.83,,,,,0,,2026-09-30 13:15:28
007390,네이처셀,"market    KOSDAQ
market       KSQ
Name: 256, dtype: object",,15561.066024,0,제외,0,0,0,0,0,0,0,0,0,0,0,0,0,0,0,,,,0.73,65.63,,,,,0,,2026-09-30 13:15:29
218410,RFHIC,"market    KOSDAQ
market       KSQ
Name: 257, dtype: object",,15546.63357,0,제외,0,0,0,0,0,0,0,0,0,0,0,0,0,0,0,,,,0.43,46.02,,,,,0,,2026-09-30 13:15:29
001820,삼화콘덴서,"market    KOSPI
market      STK
Name: 258, dtype: object",,15509.34,0,제외,0,0,0,0,0,0,0,0,0,0,0,0,0,0,0,,,,0.87,76.63,,,,,0,,2026-09-30 13:15:30
009155,삼성전기우,"market    KOSPI
market      STK
Name: 260, dtype: object",,15290.73584,0,제외,0,0,0,0,0,0,0,0,0,0,0,0,0,0,0,,,,0.32,52.18,,,,,0,,2026-09-30 13:15:30
008770,호텔신라,"market    KOSPI
market      STK
Name: 259, dtype: object",,15444.1356135,0,제외,0,0,0,0,0,0,0,0,0,0,0,0,0,0,0,,,,1.62,56.19,,,,,0,,2026-09-30 13:15:30
0009K0,에임드바이오,"market    KOSDAQ
market       KSQ
Name: 264, dtype: object",,14558.2672335,0,제외,0,0,0,0,0,0,0,0,0,0,0,0,0,0,0,,,,1.05,27.81,,,,,0,,2026-09-30 13:15:36
078600,대주전자재료,"market    KOSDAQ
market       KSQ
Name: 263, dtype: object",,14824.706272,0,제외,0,0,0,0,0,0,0,0,0,0,0,0,0,0,0,,,,1.45,51.17,,,,,0,,2026-09-30 13:15:36
006280,녹십자,"market    KOSPI
market      STK
Name: 265, dtype: object",,14374.44174,0,제외,0,0,0,0,0,0,0,0,0,0,0,0,0,0,0,,,,1.0,66.97,,,,,0,,2026-09-30 13:15:37
322000,HD현대에너지솔루션,"market    KOSPI
market      STK
Name: 266, dtype: object",,14369.6,0,제외,0,0,0,0,0,0,0,0,0,0,0,0,0,0,0,,,,1.31,50.27,,,,,0,,2026-09-30 13:15:37
005070,코스모신소재,"market    KOSPI
market      STK
Name: 267, dtype: object",,14365.3019575,0,제외,0,0,0,0,0,0,0,0,0,0,0,0,0,0,0,,,,1.2,65.51,,,,,0,,2026-09-30 13:15:42
011210,현대위아,"market    KOSPI
market      STK
Name: 269, dtype: object",,14168.638243,0,제외,0,0,0,0,0,0,0,0,0,0,0,0,0,0,0,,,,0.96,46.63,,,,,0,,2026-09-30 13:15:44
361610,SK아이이테크놀로지,"market    KOSPI
market      STK
Name: 268, dtype: object",,14190.06185,0,제외,0,0,0,0,0,0,0,0,0,0,0,0,0,0,0,,,,0.27,49.26,,,,,0,,2026-09-30 13:15:44
039200,오스코텍,"market    KOSDAQ
market       KSQ
Name: 272, dtype: object",,13639.039744,0,제외,0,0,0,0,0,0,0,0,0,0,0,0,0,0,0,,,,0.7,54.17,,,,,0,,2026-09-30 13:15:45
035900,JYP Ent.,"market    KOSDAQ GLOBAL
market              KSQ
Name: 273, dtype: object",,13342.450746,0,제외,0,0,0,0,0,0,0,0,0,0,0,0,0,0,0,,,,0.64,42.54,,,,,0,,2026-09-30 13:15:50
097230,HJ중공업,"market    KOSPI
market      STK
Name: 274, dtype: object",,13228.267896,0,제외,0,0,0,0,0,0,0,0,0,0,0,0,0,0,0,,,,0.91,43.14,,,,,0,,2026-09-30 13:15:51
950160,코오롱티슈진,"market    KOSDAQ
market       KSQ
Name: 275, dtype: object",,13051.416576,0,제외,0,0,0,0,0,0,0,0,0,0,0,0,0,0,0,,,,0.56,10.36,,,,,0,,2026-09-30 13:15:51
00680K,미래에셋증권2우B,"market    KOSPI
market      STK
Name: 276, dtype: object",,13032.56576,0,제외,0,0,0,0,0,0,0,0,0,0,0,0,0,0,0,,,,1.19,42.39,,,,,0,,2026-09-30 13:15:51
204270,제이앤티씨,"market    KOSDAQ
market       KSQ
Name: 277, dtype: object",,12871.283685,0,제외,0,0,0,0,0,0,0,0,0,0,0,0,0,0,0,,,,1.11,73.42,,,,,0,,2026-09-30 13:15:52
082920,비츠로셀,"market    KOSDAQ GLOBAL
market              KSQ
Name: 279, dtype: object",,12706.7627755,0,제외,0,0,0,0,0,0,0,0,0,0,0,0,0,0,0,,,,0.3,41.59,,,,,0,,2026-09-30 13:15:57
007310,오뚜기,"market    KOSPI
market      STK
Name: 280, dtype: object",,12624.6645,0,제외,0,0,0,0,0,0,0,0,0,0,0,0,0,0,0,,,,0.62,71.1,,,,,0,,2026-09-30 13:15:58
066575,LG전자우,"market    KOSPI
market      STK
Name: 281, dtype: object",,12473.623074,0,제외,0,0,0,0,0,0,0,0,0,0,0,0,0,0,0,,,,0.62,53.18,,,,,0,,2026-09-30 13:15:58
001740,SK네트웍스,"market    KOSPI
market      STK
Name: 282, dtype: object",,12456.8805069,0,제외,0,0,0,0,0,0,0,0,0,0,0,0,0,0,0,,,,1.05,38.18,,,,,0,,2026-09-30 13:15:58
069620,대웅제약,"market    KOSPI
market      STK
Name: 283, dtype: object",,12316.529225,0,제외,0,0,0,0,0,0,0,0,0,0,0,0,0,0,0,,,,0.68,53.56,,,,,0,,2026-09-30 13:15:59
192080,더블유게임즈,"market    KOSPI
market      STK
Name: 285, dtype: object",,12280.61144,0,제외,0,0,0,0,0,0,0,0,0,0,0,0,0,0,0,,,,1.09,75.56,,,,,0,,2026-09-30 13:16:04
003380,하림지주,"market    KOSDAQ GLOBAL
market              KSQ
Name: 287, dtype: object",,12096.607068,0,제외,0,0,0,0,0,0,0,0,0,0,0,0,0,0,0,,,,0.55,55.07,,,,,0,,2026-09-30 13:16:05
003540,대신증권,"market    KOSPI
market      STK
Name: 289, dtype: object",,12059.529878,0,제외,0,0,0,0,0,0,0,0,0,0,0,0,0,0,0,,,,1.02,49.32,,,,,0,,2026-09-30 13:16:06
298020,효성티앤씨,"market    KOSPI
market      STK
Name: 288, dtype: object",,12074.23278,0,제외,0,0,0,0,0,0,0,0,0,0,0,0,0,0,0,,,,1.47,50.0,,,,,0,,2026-09-30 13:16:05
232140,와이씨,"market    KOSDAQ
market       KSQ
Name: 290, dtype: object",,11986.825635,0,제외,0,0,0,0,0,0,0,0,0,0,0,0,0,0,0,,,,1.07,60.83,,,,,0,,2026-09-30 13:16:06
300720,한일시멘트,"market    KOSPI
market      STK
Name: 292, dtype: object",,11906.9693371,0,제외,0,0,0,0,0,0,0,0,0,0,0,0,0,0,0,,,,0.88,76.26,,,,,0,,2026-09-30 13:16:11
252990,샘씨엔에스,"market    KOSDAQ
market       KSQ
Name: 293, dtype: object",,11887.0112886,0,제외,0,0,0,0,0,0,0,0,0,0,0,0,0,0,0,,,,0.65,98.13,,,,,0,,2026-09-30 13:16:12
166090,하나머티리얼즈,"market    KOSDAQ
market       KSQ
Name: 294, dtype: object",,11866.6044,0,제외,0,0,0,0,0,0,0,0,0,0,0,0,0,0,0,,,,0.5,68.03,,,,,0,,2026-09-30 13:16:12
006120,SK디스커버리,"market    KOSPI
market      STK
Name: 296, dtype: object",,11423.420656,0,제외,0,0,0,0,0,0,0,0,0,0,0,0,0,0,0,,,,1.35,95.61,,,,,0,,2026-09-30 13:16:13
347700,스피어,"market    KOSDAQ
market       KSQ
Name: 297, dtype: object",,11392.851002,0,제외,0,0,0,0,0,0,0,0,0,0,0,0,0,0,0,,,,0.57,38.31,,,,,0,,2026-09-30 13:16:17
127120,제이에스링크,"market    KOSDAQ
market       KSQ
Name: 298, dtype: object",,11324.869605,0,제외,0,0,0,0,0,0,0,0,0,0,0,0,0,0,0,,,,0.55,60.82,,,,,0,,2026-09-30 13:16:18
280360,롯데웰푸드,"market    KOSPI
market      STK
Name: 299, dtype: object",,11294.012298,0,제외,0,0,0,0,0,0,0,0,0,0,0,0,0,0,0,,,,0.54,78.71,,,,,0,,2026-09-30 13:16:18
030610,교보증권,"market    KOSPI
market      STK
Name: 300, dtype: object",,11225.3516585,0,제외,0,0,0,0,0,0,0,0,0,0,0,0,0,0,0,,,,0.46,54.34,,,,,0,,2026-09-30 13:16:18
004000,롯데정밀화학,"market    KOSPI
market      STK
Name: 301, dtype: object",,11145.6,0,제외,0,0,0,0,0,0,0,0,0,0,0,0,0,0,0,,,,0.61,60.45,,,,,0,,2026-09-30 13:16:19
195940,HK이노엔,"market    KOSDAQ GLOBAL
market              KSQ
Name: 302, dtype: object",,11076.987381,0,제외,0,0,0,0,0,0,0,0,0,0,0,0,0,0,0,,,,0.61,66.81,,,,,0,,2026-09-30 13:16:19
356860,티엘비,"market    KOSDAQ
market       KSQ
Name: 303, dtype: object",,10819.62519,0,제외,0,0,0,0,0,0,0,0,0,0,0,0,0,0,0,,,,0.65,67.82,,,,,0,,2026-09-30 13:16:24
195870,해성디에스,"market    KOSPI
market      STK
Name: 304, dtype: object",,10523.0,0,제외,0,0,0,0,0,0,0,0,0,0,0,0,0,0,0,,,,0.88,57.33,,,,,0,,2026-09-30 13:16:24
496320,본시스템즈,"market    KONEX
market      KNX
Name: 305, dtype: object",,10393.40379,0,제외,0,0,0,0,0,0,0,0,0,0,0,0,0,0,0,,,,,,,,,,0,,2026-09-30 13:16:25
000080,하이트진로,"market    KOSPI
market      STK
Name: 308, dtype: object",,10365.7477058,0,제외,0,0,0,0,0,0,0,0,0,0,0,0,0,0,0,,,,1.68,76.1,,,,,0,,2026-09-30 13:16:26
000210,DL,"market    KOSPI
market      STK
Name: 307, dtype: object",,10383.640522,0,제외,0,0,0,0,0,0,0,0,0,0,0,0,0,0,0,,,,0.77,63.9,,,,,0,,2026-09-30 13:16:25
017960,한국카본,"market    KOSPI
market      STK
Name: 309, dtype: object",,10361.135443,0,제외,0,0,0,0,0,0,0,0,0,0,0,0,0,0,0,,,,0.96,37.15,,,,,0,,2026-09-30 13:16:30
056190,SFA,"market    KOSDAQ GLOBAL
market              KSQ
Name: 311, dtype: object",,10269.90536,0,제외,0,0,0,0,0,0,0,0,0,0,0,0,0,0,0,,,,0.85,79.18,,,,,0,,2026-09-30 13:16:31
003240,태광산업,"market    KOSPI
market      STK
Name: 313, dtype: object",,10131.94,0,제외,0,0,0,0,0,0,0,0,0,0,0,0,0,0,0,,,,1.3,55.75,,,,,0,,2026-09-30 13:16:32
445680,큐리옥스바이오시스템즈,"market    KOSDAQ
market       KSQ
Name: 314, dtype: object",,9886.977226,0,제외,0,0,0,0,0,0,0,0,0,0,0,0,0,0,0,,,,1.47,38.61,,,,,0,,2026-09-30 13:16:32
006340,대원전선,"market    KOSPI
market      STK
Name: 312, dtype: object",,10186.0326384,0,제외,0,0,0,0,0,0,0,0,0,0,0,0,0,0,0,,,,0.57,63.94,,,,,0,,2026-09-30 13:16:32
458870,씨어스,"market    KOSDAQ
market       KSQ
Name: 315, dtype: object",,9835.585353,0,제외,0,0,0,0,0,0,0,0,0,0,0,0,0,0,0,,,,0.73,39.62,,,,,0,,2026-09-30 13:16:36
086450,동국제약,"market    KOSDAQ GLOBAL
market              KSQ
Name: 317, dtype: object",,9724.5403,0,제외,0,0,0,0,0,0,0,0,0,0,0,0,0,0,0,,,,0.77,69.12,,,,,0,,2026-09-30 13:16:38
293490,카카오게임즈,"market    KOSDAQ GLOBAL
market              KSQ
Name: 316, dtype: object",,9831.2389065,0,제외,0,0,0,0,0,0,0,0,0,0,0,0,0,0,0,,,,0.71,50.38,,,,,0,,2026-09-30 13:16:38
451800,한화리츠,"market    KOSPI
market      STK
Name: 319, dtype: object",,9608.6,0,제외,0,0,0,0,0,0,0,0,0,0,0,0,0,0,0,,,,0.83,76.22,,,,,0,,2026-09-30 13:16:39
101490,에스앤에스텍,"market    KOSDAQ GLOBAL
market              KSQ
Name: 318, dtype: object",,9632.6978685,0,제외,0,0,0,0,0,0,0,0,0,0,0,0,0,0,0,,,,0.75,41.79,,,,,0,,2026-09-30 13:16:38
192400,쿠쿠홀딩스,"market    KOSPI
market      STK
Name: 320, dtype: object",,9584.0088575,0,제외,0,0,0,0,0,0,0,0,0,0,0,0,0,0,0,,,,1.02,76.2,,,,,0,,2026-09-30 13:16:39
003530,한화투자증권,"market    KOSPI
market      STK
Name: 321, dtype: object",,9547.3759875,0,제외,0,0,0,0,0,0,0,0,0,0,0,0,0,0,0,,,,1.66,44.95,,,,,0,,2026-09-30 13:16:43
119850,지엔씨에너지,"market    KOSDAQ
market       KSQ
Name: 323, dtype: object",,9408.775948,0,제외,0,0,0,0,0,0,0,0,0,0,0,0,0,0,0,,,,0.61,95.59,,,,,0,,2026-09-30 13:16:45
161580,필옵틱스,"market    KOSDAQ
market       KSQ
Name: 326, dtype: object",,9247.9664415,0,제외,0,0,0,0,0,0,0,0,0,0,0,0,0,0,0,,,,1.33,60.4,,,,,0,,2026-09-30 13:16:46
083450,GST,"market    KOSDAQ
market       KSQ
Name: 324, dtype: object",,9399.3,0,제외,0,0,0,0,0,0,0,0,0,0,0,0,0,0,0,,,,1.51,72.32,,,,,0,,2026-09-30 13:16:46
006110,삼아알미늄,"market    KOSPI
market      STK
Name: 327, dtype: object",,9240.431005,0,제외,0,0,0,0,0,0,0,0,0,0,0,0,0,0,0,,,,0.83,58.13,,,,,0,,2026-09-30 13:16:50
009240,한샘,"market    KOSPI
market      STK
Name: 329, dtype: object",,9189.998884,0,제외,0,0,0,0,0,0,0,0,0,0,0,0,0,0,0,,,,0.74,70.89,,,,,0,,2026-09-30 13:16:52
032350,롯데관광개발,"market    KOSPI
market      STK
Name: 328, dtype: object",,9208.290399,0,제외,0,0,0,0,0,0,0,0,0,0,0,0,0,0,0,,,,0.95,41.7,,,,,0,,2026-09-30 13:16:52
071320,지역난방공사,"market    KOSPI
market      STK
Name: 330, dtype: object",,9112.471528,0,제외,0,0,0,0,0,0,0,0,0,0,0,0,0,0,0,,,,1.45,67.95,,,,,0,,2026-09-30 13:16:52
100790,미래에셋벤처투자,"market    KOSDAQ
market       KSQ
Name: 331, dtype: object",,9009.2500288,0,제외,0,0,0,0,0,0,0,0,0,0,0,0,0,0,0,,,,0.58,23.89,,,,,0,,2026-09-30 13:16:53
009450,경동나비엔,"market    KOSPI
market      STK
Name: 332, dtype: object",,8886.84112,0,제외,0,0,0,0,0,0,0,0,0,0,0,0,0,0,0,,,,0.8,76.09,,,,,0,,2026-09-30 13:16:53
285130,SK케미칼,"market    KOSPI
market      STK
Name: 333, dtype: object",,8874.266958,0,제외,0,0,0,0,0,0,0,0,0,0,0,0,0,0,0,,,,0.31,62.47,,,,,0,,2026-09-30 13:16:56
327260,RF머트리얼즈,"market    KOSDAQ
market       KSQ
Name: 335, dtype: object",,8858.79844,0,제외,0,0,0,0,0,0,0,0,0,0,0,0,0,0,0,,,,0.98,77.74,,,,,0,,2026-09-30 13:16:59
185750,종근당,"market    KOSPI
market      STK
Name: 334, dtype: object",,8861.38476,0,제외,0,0,0,0,0,0,0,0,0,0,0,0,0,0,0,,,,0.96,65.55,,,,,0,,2026-09-30 13:16:59
077970,STX엔진,"market    KOSPI
market      STK
Name: 336, dtype: object",,8832.57386,0,제외,0,0,0,0,0,0,0,0,0,0,0,0,0,0,0,,,,0.73,32.79,,,,,0,,2026-09-30 13:16:59
005300,롯데칠성,"market    KOSPI
market      STK
Name: 337, dtype: object",,8787.103148,0,제외,0,0,0,0,0,0,0,0,0,0,0,0,0,0,0,,,,1.09,61.43,,,,,0,,2026-09-30 13:17:00
003090,대웅,"market    KOSPI
market      STK
Name: 338, dtype: object",,8761.996386,0,제외,0,0,0,0,0,0,0,0,0,0,0,0,0,0,0,,,,1.65,49.58,,,,,0,,2026-09-30 13:17:00
160190,하이젠알앤엠,"market    KOSDAQ
market       KSQ
Name: 339, dtype: object",,8694.972,0,제외,0,0,0,0,0,0,0,0,0,0,0,0,0,0,0,,,,0.2,31.41,,,,,0,,2026-09-30 13:17:03
051915,LG화학우,"market    KOSPI
market      STK
Name: 340, dtype: object",,8680.6552,0,제외,0,0,0,0,0,0,0,0,0,0,0,0,0,0,0,,,,0.42,53.27,,,,,0,,2026-09-30 13:17:05
034230,파라다이스,"market    KOSPI
market      STK
Name: 341, dtype: object",,8642.3213406,0,제외,0,0,0,0,0,0,0,0,0,0,0,0,0,0,0,,,,1.03,39.12,,,,,0,,2026-09-30 13:17:06
388210,씨엠티엑스,"market    KOSDAQ
market       KSQ
Name: 343, dtype: object",,8553.832068,0,제외,0,0,0,0,0,0,0,0,0,0,0,0,0,0,0,,,,1.13,52.14,,,,,0,,2026-09-30 13:17:06
000370,한화손해보험,"market    KOSPI
market      STK
Name: 344, dtype: object",,8521.940795,0,제외,0,0,0,0,0,0,0,0,0,0,0,0,0,0,0,,,,0.98,68.15,,,,,0,,2026-09-30 13:17:07
036830,솔브레인홀딩스,"market    KOSDAQ GLOBAL
market              KSQ
Name: 342, dtype: object",,8632.176001,0,제외,0,0,0,0,0,0,0,0,0,0,0,0,0,0,0,,,,1.16,52.23,,,,,0,,2026-09-30 13:17:06
065350,신성델타테크,"market    KOSDAQ
market       KSQ
Name: 345, dtype: object",,8410.088088,0,제외,0,0,0,0,0,0,0,0,0,0,0,0,0,0,0,,,,0.5,37.05,,,,,0,,2026-09-30 13:17:10
003470,유안타증권,"market    KOSPI
market      STK
Name: 346, dtype: object",,8391.2184421,0,제외,0,0,0,0,0,0,0,0,0,0,0,0,0,0,0,,,,0.69,51.79,,,,,0,,2026-09-30 13:17:11
079160,CJ CGV,"market    KOSPI
market      STK
Name: 348, dtype: object",,8378.4895282,0,제외,0,0,0,0,0,0,0,0,0,0,0,0,0,0,0,,,,0.48,76.28,,,,,0,,2026-09-30 13:17:13
071055,한국금융지주우,"market    KOSPI
market      STK
Name: 350, dtype: object",,8312.858169,0,제외,0,0,0,0,0,0,0,0,0,0,0,0,0,0,0,,,,0.45,73.34,,,,,0,,2026-09-30 13:17:13
031330,에스에이엠티,"market    KOSDAQ
market       KSQ
Name: 349, dtype: object",,8329.5890811,0,제외,0,0,0,0,0,0,0,0,0,0,0,0,0,0,0,,,,0.88,41.85,,,,,0,,2026-09-30 13:17:13
115180,큐리언트,"market    KOSDAQ
market       KSQ
Name: 351, dtype: object",,8257.51322,0,제외,0,0,0,0,0,0,0,0,0,0,0,0,0,0,0,,,,0.24,35.14,,,,,0,,2026-09-30 13:17:16
099320,쎄트렉아이,"market    KOSDAQ
market       KSQ
Name: 352, dtype: object",,8257.263612,0,제외,0,0,0,0,0,0,0,0,0,0,0,0,0,0,0,,,,1.45,34.11,,,,,0,,2026-09-30 13:17:18
004490,세방전지,"market    KOSPI
market      STK
Name: 353, dtype: object",,8232.84,0,제외,0,0,0,0,0,0,0,0,0,0,0,0,0,0,0,,,,0.24,76.83,,,,,0,,2026-09-30 13:17:19
014620,성광벤드,"market    KOSDAQ GLOBAL
market              KSQ
Name: 354, dtype: object",,8192.946794,0,제외,0,0,0,0,0,0,0,0,0,0,0,0,0,0,0,,,,1.17,59.19,,,,,0,,2026-09-30 13:17:19
035760,CJ ENM,"market    KOSDAQ GLOBAL
market              KSQ
Name: 356, dtype: object",,8069.928672,0,제외,0,0,0,0,0,0,0,0,0,0,0,0,0,0,0,,,,0.79,44.96,,,,,0,,2026-09-30 13:17:20
328130,루닛,"market    KOSDAQ
market       KSQ
Name: 355, dtype: object",,8108.495802,0,제외,0,0,0,0,0,0,0,0,0,0,0,0,0,0,0,,,,1.33,43.99,,,,,0,,2026-09-30 13:17:20
074600,원익QnC,"market    KOSDAQ
market       KSQ
Name: 357, dtype: object",,8030.984,0,제외,0,0,0,0,0,0,0,0,0,0,0,0,0,0,0,,,,1.79,67.29,,,,,0,,2026-09-30 13:17:22
122870,와이지엔터테인먼트,"market    KOSDAQ GLOBAL
market              KSQ
Name: 358, dtype: object",,8018.460021,0,제외,0,0,0,0,0,0,0,0,0,0,0,0,0,0,0,,,,0.59,40.79,,,,,0,,2026-09-30 13:17:24
032500,케이엠더블유,"market    KOSDAQ
market       KSQ
Name: 359, dtype: object",,7932.039788,0,제외,0,0,0,0,0,0,0,0,0,0,0,0,0,0,0,,,,0.31,47.4,,,,,0,,2026-09-30 13:17:25
388720,유일로보틱스,"market    KOSDAQ
market       KSQ
Name: 360, dtype: object",,7893.50115,0,제외,0,0,0,0,0,0,0,0,0,0,0,0,0,0,0,,,,0.57,43.48,,,,,0,,2026-09-30 13:17:26
059090,미코,"market    KOSDAQ
market       KSQ
Name: 362, dtype: object",,7752.692496,0,제외,0,0,0,0,0,0,0,0,0,0,0,0,0,0,0,,,,1.71,78.97,,,,,0,,2026-09-30 13:17:26
491000,리브스메드,"market    KOSDAQ
market       KSQ
Name: 363, dtype: object",,7740.7405615,0,제외,0,0,0,0,0,0,0,0,0,0,0,0,0,0,0,,,,0.5,31.7,,,,,0,,2026-09-30 13:17:29
100840,SNT에너지,"market    KOSPI
market      STK
Name: 364, dtype: object",,7682.9108845,0,제외,0,0,0,0,0,0,0,0,0,0,0,0,0,0,0,,,,0.38,55.86,,,,,0,,2026-09-30 13:17:31
033100,제룡전기,"market    KOSDAQ GLOBAL
market              KSQ
Name: 365, dtype: object",,7645.706684,0,제외,0,0,0,0,0,0,0,0,0,0,0,0,0,0,0,,,,0.77,50.8,,,,,0,,2026-09-30 13:17:32
365550,ESR켄달스퀘어리츠,"market    KOSPI
market      STK
Name: 366, dtype: object",,7628.759,0,제외,0,0,0,0,0,0,0,0,0,0,0,0,0,0,0,,,,0.47,64.65,,,,,0,,2026-09-30 13:17:32
499790,GS피앤엘,"market    KOSPI
market      STK
Name: 367, dtype: object",,7615.042944,0,제외,0,0,0,0,0,0,0,0,0,0,0,0,0,0,0,,,,0.67,57.69,,,,,0,,2026-09-30 13:17:33
085660,차바이오텍,"market    KOSDAQ
market       KSQ
Name: 368, dtype: object",,7614.4760874,0,제외,0,0,0,0,0,0,0,0,0,0,0,0,0,0,0,,,,0.46,34.41,,,,,0,,2026-09-30 13:17:33
000670,영풍,"market    KOSPI
market      STK
Name: 370, dtype: object",,7594.4067375,0,제외,0,0,0,0,0,0,0,0,0,0,0,0,0,0,0,,,,0.28,57.38,,,,,0,,2026-09-30 13:17:37
044490,태웅,"market    KOSDAQ
market       KSQ
Name: 371, dtype: object",,7592.8010895,0,제외,0,0,0,0,0,0,0,0,0,0,0,0,0,0,0,,,,0.25,62.23,,,,,0,,2026-09-30 13:17:39
036530,SNT홀딩스,"market    KOSPI
market      STK
Name: 374, dtype: object",,7548.699218,0,제외,0,0,0,0,0,0,0,0,0,0,0,0,0,0,0,,,,0.6,55.82,,,,,0,,2026-09-30 13:17:40
295310,에이치브이엠,"market    KOSDAQ
market       KSQ
Name: 375, dtype: object",,7431.263476,0,제외,0,0,0,0,0,0,0,0,0,0,0,0,0,0,0,,,,0.55,41.25,,,,,0,,2026-09-30 13:17:42
137310,에스디바이오센서,"market    KOSPI
market      STK
Name: 376, dtype: object",,7401.9199526,0,제외,0,0,0,0,0,0,0,0,0,0,0,0,0,0,0,,,,0.53,56.08,,,,,0,,2026-09-30 13:17:44
090360,로보스타,"market    KOSDAQ
market       KSQ
Name: 378, dtype: object",,7341.75,0,제외,0,0,0,0,0,0,0,0,0,0,0,0,0,0,0,,,,0.36,43.88,,,,,0,,2026-09-30 13:17:45
033790,피노,"market    KOSDAQ
market       KSQ
Name: 377, dtype: object",,7390.6513769,0,제외,0,0,0,0,0,0,0,0,0,0,0,0,0,0,0,,,,0.88,45.64,,,,,0,,2026-09-30 13:17:45
094800,맵스리얼티,"market    KOSPI
market      STK
Name: 380, dtype: object",,7315.3452828,0,제외,0,0,0,0,0,0,0,0,0,0,0,0,0,0,0,,,,0.24,96.09,,,,,0,,2026-09-30 13:17:46
100090,SK오션플랜트,"market    KOSPI
market      STK
Name: 382, dtype: object",,7297.4454672,0,제외,0,0,0,0,0,0,0,0,0,0,0,0,0,0,0,,,,0.24,37.41,,,,,0,,2026-09-30 13:17:51
005690,파미셀,"market    KOSPI
market      STK
Name: 383, dtype: object",,7296.4881024,0,제외,0,0,0,0,0,0,0,0,0,0,0,0,0,0,0,,,,0.31,57.12,,,,,0,,2026-09-30 13:17:52
122640,예스티,"market    KOSDAQ
market       KSQ
Name: 385, dtype: object",,7274.8452,0,제외,0,0,0,0,0,0,0,0,0,0,0,0,0,0,0,,,,1.11,76.25,,,,,0,,2026-09-30 13:17:52
032190,다우데이타,"market    KOSDAQ
market       KSQ
Name: 386, dtype: object",,7269.34,0,제외,0,0,0,0,0,0,0,0,0,0,0,0,0,0,0,,,,0.81,60.51,,,,,0,,2026-09-30 13:17:53
298050,HS효성첨단소재,"market    KOSPI
market      STK
Name: 387, dtype: object",,7261.995708,0,제외,0,0,0,0,0,0,0,0,0,0,0,0,0,0,0,,,,0.48,57.23,,,,,0,,2026-09-30 13:17:56
090710,휴림로봇,"market    KOSDAQ
market       KSQ
Name: 388, dtype: object",,7245.2771574,0,제외,0,0,0,0,0,0,0,0,0,0,0,0,0,0,0,,,,0.53,22.82,,,,,0,,2026-09-30 13:17:58
213420,덕산네오룩스,"market    KOSDAQ
market       KSQ
Name: 389, dtype: object",,7201.04191,0,제외,0,0,0,0,0,0,0,0,0,0,0,0,0,0,0,,,,0.64,51.05,,,,,0,,2026-09-30 13:17:59
023160,태광,"market    KOSDAQ GLOBAL
market              KSQ
Name: 391, dtype: object",,7165.226034,0,제외,0,0,0,0,0,0,0,0,0,0,0,0,0,0,0,,,,1.38,54.87,,,,,0,,2026-09-30 13:17:59
189300,인텔리안테크,"market    KOSDAQ
market       KSQ
Name: 392, dtype: object",,7118.960511,0,제외,0,0,0,0,0,0,0,0,0,0,0,0,0,0,0,,,,0.44,36.9,,,,,0,,2026-09-30 13:17:59
003850,보령,"market    KOSPI
market      STK
Name: 390, dtype: object",,7171.8105052,0,제외,0,0,0,0,0,0,0,0,0,0,0,0,0,0,0,,,,0.24,77.13,,,,,0,,2026-09-30 13:17:59
041830,인바디,"market    KOSDAQ
market       KSQ
Name: 393, dtype: object",,7090.943932,0,제외,0,0,0,0,0,0,0,0,0,0,0,0,0,0,0,,,,0.71,71.43,,,,,0,,2026-09-30 13:18:03
171090,선익시스템,"market    KOSDAQ
market       KSQ
Name: 394, dtype: object",,7058.955322,0,제외,0,0,0,0,0,0,0,0,0,0,0,0,0,0,0,,,,0.67,48.4,,,,,0,,2026-09-30 13:18:05
038500,삼표시멘트,"market    KOSDAQ GLOBAL
market              KSQ
Name: 395, dtype: object",,7046.9347818,0,제외,0,0,0,0,0,0,0,0,0,0,0,0,0,0,0,,,,0.65,27.62,,,,,0,,2026-09-30 13:18:05
137400,피엔티,"market    KOSDAQ GLOBAL
market              KSQ
Name: 397, dtype: object",,7000.610124,0,제외,0,0,0,0,0,0,0,0,0,0,0,0,0,0,0,,,,0.94,48.06,,,,,0,,2026-09-30 13:18:06
064960,SNT모티브,"market    KOSPI
market      STK
Name: 396, dtype: object",,7006.631808,0,제외,0,0,0,0,0,0,0,0,0,0,0,0,0,0,0,,,,0.74,64.83,,,,,0,,2026-09-30 13:18:06
476060,온코닉테라퓨틱스,"market    KOSDAQ
market       KSQ
Name: 399, dtype: object",,6970.10344,0,제외,0,0,0,0,0,0,0,0,0,0,0,0,0,0,0,,,,0.21,53.15,,,,,0,,2026-09-30 13:18:09
005090,SGC에너지,"market    KOSPI
market      STK
Name: 400, dtype: object",,6916.47984,0,제외,0,0,0,0,0,0,0,0,0,0,0,0,0,0,0,,,,0.27,68.46,,,,,0,,2026-09-30 13:18:11
090460,비에이치,"market    KOSPI
market      STK
Name: 401, dtype: object",,6894.009521,0,제외,0,0,0,0,0,0,0,0,0,0,0,0,0,0,0,,,,0.33,47.12,,,,,0,,2026-09-30 13:18:12
121600,나노신소재,"market    KOSDAQ
market       KSQ
Name: 403, dtype: object",,6830.040387,0,제외,0,0,0,0,0,0,0,0,0,0,0,0,0,0,0,,,,0.96,58.45,,,,,0,,2026-09-30 13:18:13
466100,클로봇,"market    KOSDAQ
market       KSQ
Name: 402, dtype: object",,6887.2069275,0,제외,0,0,0,0,0,0,0,0,0,0,0,0,0,0,0,,,,0.38,28.74,,,,,0,,2026-09-30 13:18:13
225570,넥슨게임즈,"market    KOSDAQ
market       KSQ
Name: 404, dtype: object",,6816.528009,0,제외,0,0,0,0,0,0,0,0,0,0,0,0,0,0,0,,,,1.18,67.12,,,,,0,,2026-09-30 13:18:13
006730,서부T&D,"market    KOSDAQ GLOBAL
market              KSQ
Name: 406, dtype: object",,6806.9261457,0,제외,0,0,0,0,0,0,0,0,0,0,0,0,0,0,0,,,,0.67,52.18,,,,,0,,2026-09-30 13:18:17
456040,OCI,"market    KOSPI
market      STK
Name: 407, dtype: object",,6768.08622,0,제외,0,0,0,0,0,0,0,0,0,0,0,0,0,0,0,,,,0.51,46.32,,,,,0,,2026-09-30 13:18:18
033640,네패스,"market    KOSDAQ
market       KSQ
Name: 408, dtype: object",,6767.875787,0,제외,0,0,0,0,0,0,0,0,0,0,0,0,0,0,0,,,,0.89,71.32,,,,,0,,2026-09-30 13:18:19
036810,에프에스티,"market    KOSDAQ
market       KSQ
Name: 410, dtype: object",,6754.734168,0,제외,0,0,0,0,0,0,0,0,0,0,0,0,0,0,0,,,,0.7,61.86,,,,,0,,2026-09-30 13:18:20
476830,알지노믹스,"market    KOSDAQ
market       KSQ
Name: 411, dtype: object",,6747.332358,0,제외,0,0,0,0,0,0,0,0,0,0,0,0,0,0,0,,,,0.95,19.45,,,,,0,,2026-09-30 13:18:22
102710,이엔에프테크놀로지,"market    KOSDAQ
market       KSQ
Name: 412, dtype: object",,6736.714674,0,제외,0,0,0,0,0,0,0,0,0,0,0,0,0,0,0,,,,1.24,72.92,,,,,0,,2026-09-30 13:18:24
124500,아이티센글로벌,"market    KOSDAQ
market       KSQ
Name: 413, dtype: object",,6659.699249,0,제외,0,0,0,0,0,0,0,0,0,0,0,0,0,0,0,,,,0.25,38.15,,,,,0,,2026-09-30 13:18:25
048410,현대바이오,"market    KOSDAQ
market       KSQ
Name: 414, dtype: object",,6658.884468,0,제외,0,0,0,0,0,0,0,0,0,0,0,0,0,0,0,,,,0.53,32.42,,,,,0,,2026-09-30 13:18:26
005880,대한해운,"market    KOSPI
market      STK
Name: 416, dtype: object",,6616.32047,0,제외,0,0,0,0,0,0,0,0,0,0,0,0,0,0,0,,,,0.58,61.0,,,,,0,,2026-09-30 13:18:27
069260,TKG휴켐스,"market    KOSPI
market      STK
Name: 418, dtype: object",,6438.37761,0,제외,0,0,0,0,0,0,0,0,0,0,0,0,0,0,0,,,,1.79,73.09,,,,,0,,2026-09-30 13:18:30
092870,엑시콘,"market    KOSDAQ
market       KSQ
Name: 421, dtype: object",,6394.89053,0,제외,0,0,0,0,0,0,0,0,0,0,0,0,0,0,0,,,,0.69,97.8,,,,,0,,2026-09-30 13:18:33
001570,금양,"market    KOSPI
market      STK
Name: 422, dtype: object",,6332.752404,0,제외,0,0,0,0,0,0,0,0,0,0,0,0,0,0,0,,,,,,,,,,0,,2026-09-30 13:18:33
093320,케이아이엔엑스,"market    KOSDAQ
market       KSQ
Name: 424, dtype: object",,6256.16,0,제외,0,0,0,0,0,0,0,0,0,0,0,0,0,0,0,,,,0.85,78.31,,,,,0,,2026-09-30 13:18:36
000400,롯데손해보험,"market    KOSPI
market      STK
Name: 425, dtype: object",,6253.276848,0,제외,0,0,0,0,0,0,0,0,0,0,0,0,0,0,0,,,,0.86,62.8,,,,,0,,2026-09-30 13:18:38
001680,대상,"market    KOSPI
market      STK
Name: 426, dtype: object",,6226.2500925,0,제외,0,0,0,0,0,0,0,0,0,0,0,0,0,0,0,,,,0.42,74.45,,,,,0,,2026-09-30 13:18:39
453340,현대그린푸드,"market    KOSPI
market      STK
Name: 427, dtype: object",,6221.5560692,0,제외,0,0,0,0,0,0,0,0,0,0,0,0,0,0,0,,,,1.41,96.64,,,,,0,,2026-09-30 13:18:39
001060,JW중외제약,"market    KOSPI
market      STK
Name: 429, dtype: object",,6182.414415,0,제외,0,0,0,0,0,0,0,0,0,0,0,0,0,0,0,,,,0.41,67.39,,,,,0,,2026-09-30 13:18:42
000640,동아쏘시오홀딩스,"market    KOSPI
market      STK
Name: 430, dtype: object",,6173.727259,0,제외,0,0,0,0,0,0,0,0,0,0,0,0,0,0,0,,,,0.89,76.05,,,,,0,,2026-09-30 13:18:43
317450,명인제약,"market    KOSPI
market      STK
Name: 431, dtype: object",,6168.5,0,제외,0,0,0,0,0,0,0,0,0,0,0,0,0,0,0,,,,0.58,31.3,,,,,0,,2026-09-30 13:18:44
383800,LX홀딩스,"market    KOSPI
market      STK
Name: 433, dtype: object",,6148.223614,0,제외,0,0,0,0,0,0,0,0,0,0,0,0,0,0,0,,,,0.59,78.34,,,,,0,,2026-09-30 13:18:46
014820,동원시스템즈,"market    KOSPI
market      STK
Name: 436, dtype: object",,6059.177938,0,제외,0,0,0,0,0,0,0,0,0,0,0,0,0,0,0,,,,0.55,68.24,,,,,0,,2026-09-30 13:18:49
253450,스튜디오드래곤,"market    KOSDAQ GLOBAL
market              KSQ
Name: 437, dtype: object",,6056.787347,0,제외,0,0,0,0,0,0,0,0,0,0,0,0,0,0,0,,,,0.6,40.1,,,,,0,,2026-09-30 13:18:51
046890,서울반도체,"market    KOSDAQ GLOBAL
market              KSQ
Name: 438, dtype: object",,6040.43944,0,제외,0,0,0,0,0,0,0,0,0,0,0,0,0,0,0,,,,0.93,54.8,,,,,0,,2026-09-30 13:18:51
108320,LX세미콘,"market    KOSPI
market      STK
Name: 439, dtype: object",,5952.7338,0,제외,0,0,0,0,0,0,0,0,0,0,0,0,0,0,0,,,,1.06,54.68,,,,,0,,2026-09-30 13:18:52
456160,지투지바이오,"market    KOSDAQ
market       KSQ
Name: 440, dtype: object",,5878.502091,0,제외,0,0,0,0,0,0,0,0,0,0,0,0,0,0,0,,,,0.75,28.59,,,,,0,,2026-09-30 13:18:53
253590,네오셈,"market    KOSDAQ
market       KSQ
Name: 441, dtype: object",,5878.467976,0,제외,0,0,0,0,0,0,0,0,0,0,0,0,0,0,0,,,,0.66,62.52,,,,,0,,2026-09-30 13:18:56
079900,전진건설로봇,"market    KOSPI
market      STK
Name: 442, dtype: object",,5837.018,0,제외,0,0,0,0,0,0,0,0,0,0,0,0,0,0,0,,,,0.27,53.8,,,,,0,,2026-09-30 13:18:56
004710,한솔테크닉스,"market    KOSPI
market      STK
Name: 443, dtype: object",,5829.4825183,0,제외,0,0,0,0,0,0,0,0,0,0,0,0,0,0,0,,,,0.75,67.38,,,,,0,,2026-09-30 13:18:57
219130,타이거일렉,"market    KOSDAQ
market       KSQ
Name: 444, dtype: object",,5796.51822,0,제외,0,0,0,0,0,0,0,0,0,0,0,0,0,0,0,,,,0.7,95.72,,,,,0,,2026-09-30 13:18:58
00088K,한화3우B,"market    KOSPI
market      STK
Name: 445, dtype: object",,5782.585522,0,제외,0,0,0,0,0,0,0,0,0,0,0,0,0,0,0,,,,0.76,66.72,,,,,0,,2026-09-30 13:18:59
050890,쏠리드,"market    KOSDAQ
market       KSQ
Name: 446, dtype: object",,5777.9463834,0,제외,0,0,0,0,0,0,0,0,0,0,0,0,0,0,0,,,,0.55,45.65,,,,,0,,2026-09-30 13:18:59
468530,프로티나,"market    KOSDAQ
market       KSQ
Name: 447, dtype: object",,5763.571812,0,제외,0,0,0,0,0,0,0,0,0,0,0,0,0,0,0,,,,1.65,42.88,,,,,0,,2026-09-30 13:19:03
006650,대한유화,"market    KOSPI
market      STK
Name: 448, dtype: object",,5752.5,0,제외,0,0,0,0,0,0,0,0,0,0,0,0,0,0,0,,,,0.45,44.05,,,,,0,,2026-09-30 13:19:03
033240,자화전자,"market    KOSPI
market      STK
Name: 450, dtype: object",,5649.838773,0,제외,0,0,0,0,0,0,0,0,0,0,0,0,0,0,0,,,,0.48,43.92,,,,,0,,2026-09-30 13:19:06
016380,KG스틸,"market    KOSPI
market      STK
Name: 452, dtype: object",,5610.4991217,0,제외,0,0,0,0,0,0,0,0,0,0,0,0,0,0,0,,,,0.77,71.01,,,,,0,,2026-09-30 13:19:06
452260,한화갤러리아,"market    KOSPI
market      STK
Name: 451, dtype: object",,5631.6216705,0,제외,0,0,0,0,0,0,0,0,0,0,0,0,0,0,0,,,,0.71,70.39,,,,,0,,2026-09-30 13:19:06
144960,뉴파워프라즈마,"market    KOSDAQ
market       KSQ
Name: 453, dtype: object",,5610.1329216,0,제외,0,0,0,0,0,0,0,0,0,0,0,0,0,0,0,,,,0.89,96.34,,,,,0,,2026-09-30 13:19:10
336370,솔루스첨단소재,"market    KOSPI
market      STK
Name: 454, dtype: object",,5595.9201506,0,제외,0,0,0,0,0,0,0,0,0,0,0,0,0,0,0,,,,0.49,47.04,,,,,0,,2026-09-30 13:19:10
178920,PI첨단소재,"market    KOSPI
market      STK
Name: 455, dtype: object",,5594.284341,0,제외,0,0,0,0,0,0,0,0,0,0,0,0,0,0,0,,,,1.91,59.81,,,,,0,,2026-09-30 13:19:12
00104K,CJ4우(전환),"market    KOSPI
market      STK
Name: 456, dtype: object",,5574.769328,0,제외,0,0,0,0,0,0,0,0,0,0,0,0,0,0,0,,,,0.35,65.45,,,,,0,,2026-09-30 13:19:13
025540,한국단자,"market    KOSPI
market      STK
Name: 458, dtype: object",,5563.25,0,제외,0,0,0,0,0,0,0,0,0,0,0,0,0,0,0,,,,1.23,58.62,,,,,0,,2026-09-30 13:19:13
094170,동운아나텍,"market    KOSDAQ
market       KSQ
Name: 459, dtype: object",,5562.042976,0,제외,0,0,0,0,0,0,0,0,0,0,0,0,0,0,0,,,,0.7,46.9,,,,,0,,2026-09-30 13:19:17
017900,광전자,"market    KOSPI
market      STK
Name: 460, dtype: object",,5539.4237428,0,제외,0,0,0,0,0,0,0,0,0,0,0,0,0,0,0,,,,0.14,42.58,,,,,0,,2026-09-30 13:19:18
075580,세진중공업,"market    KOSPI
market      STK
Name: 461, dtype: object",,5514.397232,0,제외,0,0,0,0,0,0,0,0,0,0,0,0,0,0,0,,,,0.77,38.54,,,,,0,,2026-09-30 13:19:18
002350,넥센타이어,"market    KOSPI
market      STK
Name: 462, dtype: object",,5508.4682628,0,제외,0,0,0,0,0,0,0,0,0,0,0,0,0,0,0,,,,0.87,55.79,,,,,0,,2026-09-30 13:19:19
052400,코나아이,"market    KOSDAQ GLOBAL
market              KSQ
Name: 463, dtype: object",,5483.0790615,0,제외,0,0,0,0,0,0,0,0,0,0,0,0,0,0,0,,,,0.42,52.14,,,,,0,,2026-09-30 13:19:20
089890,코세스,"market    KOSDAQ
market       KSQ
Name: 464, dtype: object",,5464.744979,0,제외,0,0,0,0,0,0,0,0,0,0,0,0,0,0,0,,,,1.42,64.11,,,,,0,,2026-09-30 13:19:20
003300,한일홀딩스,"market    KOSPI
market      STK
Name: 465, dtype: object",,5444.8330104,0,제외,0,0,0,0,0,0,0,0,0,0,0,0,0,0,0,,,,0.93,74.66,,,,,0,,2026-09-30 13:19:24
114090,GKL,"market    KOSPI
market      STK
Name: 466, dtype: object",,5430.927826,0,제외,0,0,0,0,0,0,0,0,0,0,0,0,0,0,0,,,,1.34,49.77,,,,,0,,2026-09-30 13:19:24
399720,가온칩스,"market    KOSDAQ
market       KSQ
Name: 467, dtype: object",,5407.632864,0,제외,0,0,0,0,0,0,0,0,0,0,0,0,0,0,0,,,,0.64,54.99,,,,,0,,2026-09-30 13:19:25
060250,NHN KCP,"market    KOSDAQ
market       KSQ
Name: 470, dtype: object",,5321.2809575,0,제외,0,0,0,0,0,0,0,0,0,0,0,0,0,0,0,,,,0.28,51.73,,,,,0,,2026-09-30 13:19:27
005810,풍산홀딩스,"market    KOSPI
market      STK
Name: 471, dtype: object",,5276.728872,0,제외,0,0,0,0,0,0,0,0,0,0,0,0,0,0,0,,,,0.58,60.18,,,,,0,,2026-09-30 13:19:30
001510,SK증권,"market    KOSPI
market      STK
Name: 472, dtype: object",,5250.3984295,0,제외,0,0,0,0,0,0,0,0,0,0,0,0,0,0,0,,,,0.52,36.67,,,,,0,,2026-09-30 13:19:31
001270,부국증권,"market    KOSPI
market      STK
Name: 474, dtype: object",,5236.79243,0,제외,0,0,0,0,0,0,0,0,0,0,0,0,0,0,0,,,,0.29,48.76,,,,,0,,2026-09-30 13:19:32
007700,F&F홀딩스,"market    KOSPI
market      STK
Name: 476, dtype: object",,5233.5023046,0,제외,0,0,0,0,0,0,0,0,0,0,0,0,0,0,0,,,,0.21,57.39,,,,,0,,2026-09-30 13:19:33
058650,세아홀딩스,"market    KOSPI
market      STK
Name: 477, dtype: object",,5231.25444,0,제외,0,0,0,0,0,0,0,0,0,0,0,0,0,0,0,,,,0.71,69.81,,,,,0,,2026-09-30 13:19:36
001530,DI동일,"market    KOSPI
market      STK
Name: 478, dtype: object",,5220.336492,0,제외,0,0,0,0,0,0,0,0,0,0,0,0,0,0,0,,,,0.3,70.98,,,,,0,,2026-09-30 13:19:37
009520,포스코엠텍,"market    KOSDAQ GLOBAL
market              KSQ
Name: 480, dtype: object",,5197.0093344,0,제외,0,0,0,0,0,0,0,0,0,0,0,0,0,0,0,,,,0.61,53.9,,,,,0,,2026-09-30 13:19:39
356680,엑스게이트,"market    KOSDAQ
market       KSQ
Name: 481, dtype: object",,5194.915544,0,제외,0,0,0,0,0,0,0,0,0,0,0,0,0,0,0,,,,0.35,58.56,,,,,0,,2026-09-30 13:19:40
024850,HLB이노베이션,"market    KOSDAQ
market       KSQ
Name: 482, dtype: object",,5147.686728,0,제외,0,0,0,0,0,0,0,0,0,0,0,0,0,0,0,,,,1.13,55.53,,,,,0,,2026-09-30 13:19:40
358570,지아이이노베이션,"market    KOSDAQ
market       KSQ
Name: 483, dtype: object",,5129.022477,0,제외,0,0,0,0,0,0,0,0,0,0,0,0,0,0,0,,,,0.5,38.24,,,,,0,,2026-09-30 13:19:44
037460,삼지전자,"market    KOSDAQ
market       KSQ
Name: 486, dtype: object",,5042.423298,0,제외,0,0,0,0,0,0,0,0,0,0,0,0,0,0,0,,,,0.5,47.91,,,,,0,,2026-09-30 13:19:47
112040,위메이드,"market    KOSDAQ
market       KSQ
Name: 487, dtype: object",,5041.3497255,0,제외,0,0,0,0,0,0,0,0,0,0,0,0,0,0,0,,,,0.64,42.75,,,,,0,,2026-09-30 13:19:47
003620,KG모빌리티,"market    KOSPI
market      STK
Name: 488, dtype: object",,5039.1353088,0,제외,0,0,0,0,0,0,0,0,0,0,0,0,0,0,0,,,,0.46,53.43,,,,,0,,2026-09-30 13:19:48
161000,애경케미칼,"market    KOSPI
market      STK
Name: 489, dtype: object",,5015.6818979,0,제외,0,0,0,0,0,0,0,0,0,0,0,0,0,0,0,,,,0.59,51.0,,,,,0,,2026-09-30 13:19:51
052020,에스티큐브,"market    KOSDAQ
market       KSQ
Name: 490, dtype: object",,4989.9735594,0,제외,0,0,0,0,0,0,0,0,0,0,0,0,0,0,0,,,,0.78,32.62,,,,,0,,2026-09-30 13:19:52
214430,아이쓰리시스템,"market    KOSDAQ
market       KSQ
Name: 491, dtype: object",,4983.52063,0,제외,0,0,0,0,0,0,0,0,0,0,0,0,0,0,0,,,,0.79,49.31,,,,,0,,2026-09-30 13:19:53
187660,페니트리움바이오,"market    KOSDAQ
market       KSQ
Name: 492, dtype: object",,4925.401481,0,제외,0,0,0,0,0,0,0,0,0,0,0,0,0,0,0,,,,0.31,36.87,,,,,0,,2026-09-30 13:19:53
003545,대신증권우,"market    KOSPI
market      STK
Name: 493, dtype: object",,4871.7901332,0,제외,0,0,0,0,0,0,0,0,0,0,0,0,0,0,0,,,,1.41,65.79,,,,,0,,2026-09-30 13:19:54
078350,한양디지텍,"market    KOSDAQ
market       KSQ
Name: 495, dtype: object",,4870.580049,0,제외,0,0,0,0,0,0,0,0,0,0,0,0,0,0,0,,,,1.46,72.12,,,,,0,,2026-09-30 13:19:59
484870,엠앤씨솔루션,"market    KOSPI
market      STK
Name: 496, dtype: object",,4857.97473,0,제외,0,0,0,0,0,0,0,0,0,0,0,0,0,0,0,,,,0.59,23.23,,,,,0,,2026-09-30 13:19:59
086900,메디톡스,"market    KOSDAQ
market       KSQ
Name: 497, dtype: object",,4853.500505,0,제외,0,0,0,0,0,0,0,0,0,0,0,0,0,0,0,,,,0.47,47.55,,,,,0,,2026-09-30 13:20:00
0220W0,한화머시너리앤서비스홀딩스,"market    KOSPI
market      STK
Name: 499, dtype: object",,4825.8370485,0,제외,0,0,0,0,0,0,0,0,0,0,0,0,0,0,0,,,,0.65,43.54,,,,,0,,2026-09-30 13:20:01
475830,오름테라퓨틱,"market    KOSDAQ
market       KSQ
Name: 500, dtype: object",,4818.270894,0,제외,0,0,0,0,0,0,0,0,0,0,0,0,0,0,0,,,,0.79,15.11,,,,,0,,2026-09-30 13:20:02
001500,현대차증권,"market    KOSPI
market      STK
Name: 501, dtype: object",,4798.2442144,0,제외,0,0,0,0,0,0,0,0,0,0,0,0,0,0,0,,,,0.41,52.15,,,,,0,,2026-09-30 13:20:06
377740,바이오노트,"market    KOSPI
market      STK
Name: 503, dtype: object",,4763.172744,0,제외,0,0,0,0,0,0,0,0,0,0,0,0,0,0,0,,,,1.0,74.44,,,,,0,,2026-09-30 13:20:06
033500,동성화인텍,"market    KOSDAQ
market       KSQ
Name: 504, dtype: object",,4750.3358496,0,제외,0,0,0,0,0,0,0,0,0,0,0,0,0,0,0,,,,1.07,48.7,,,,,0,,2026-09-30 13:20:07
008060,대덕,"market    KOSPI
market      STK
Name: 508, dtype: object",,4730.6092176,0,제외,0,0,0,0,0,0,0,0,0,0,0,0,0,0,0,,,,0.93,61.97,,,,,0,,2026-09-30 13:20:13
019170,신풍제약,"market    KOSPI
market      STK
Name: 507, dtype: object",,4733.3925366,0,제외,0,0,0,0,0,0,0,0,0,0,0,0,0,0,0,,,,0.18,56.86,,,,,0,,2026-09-30 13:20:12
019210,와이지-원,"market    KOSDAQ
market       KSQ
Name: 509, dtype: object",,4727.3228288,0,제외,0,0,0,0,0,0,0,0,0,0,0,0,0,0,0,,,,0.72,44.35,,,,,0,,2026-09-30 13:20:13
025980,아난티,"market    KOSDAQ
market       KSQ
Name: 511, dtype: object",,4699.637817,0,제외,0,0,0,0,0,0,0,0,0,0,0,0,0,0,0,,,,0.4,46.52,,,,,0,,2026-09-30 13:20:15
082270,젬백스,"market    KOSDAQ
market       KSQ
Name: 512, dtype: object",,4693.5965784,0,제외,0,0,0,0,0,0,0,0,0,0,0,0,0,0,0,,,,0.56,16.92,,,,,0,,2026-09-30 13:20:15
460860,동국제강,"market    KOSPI
market      STK
Name: 513, dtype: object",,4687.9576065,0,제외,0,0,0,0,0,0,0,0,0,0,0,0,0,0,0,,,,0.57,53.47,,,,,0,,2026-09-30 13:20:19
099190,아이센스,"market    KOSDAQ
market       KSQ
Name: 514, dtype: object",,4675.5882153,0,제외,0,0,0,0,0,0,0,0,0,0,0,0,0,0,0,,,,0.31,57.64,,,,,0,,2026-09-30 13:20:19
348340,뉴로메카,"market    KOSDAQ
market       KSQ
Name: 515, dtype: object",,4669.980588,0,제외,0,0,0,0,0,0,0,0,0,0,0,0,0,0,0,,,,0.42,22.59,,,,,0,,2026-09-30 13:20:20
004690,삼천리,"market    KOSPI
market      STK
Name: 516, dtype: object",,4667.661999,0,제외,0,0,0,0,0,0,0,0,0,0,0,0,0,0,0,,,,0.78,79.37,,,,,0,,2026-09-30 13:20:20
039130,하나투어,"market    KOSPI
market      STK
Name: 517, dtype: object",,4654.724566,0,제외,0,0,0,0,0,0,0,0,0,0,0,0,0,0,0,,,,0.35,56.55,,,,,0,,2026-09-30 13:20:21
211050,인카금융서비스,"market    KOSDAQ
market       KSQ
Name: 518, dtype: object",,4650.4892208,0,제외,0,0,0,0,0,0,0,0,0,0,0,0,0,0,0,,,,0.84,54.59,,,,,0,,2026-09-30 13:20:22
376900,로킷헬스케어,"market    KOSDAQ
market       KSQ
Name: 519, dtype: object",,4649.169785,0,제외,0,0,0,0,0,0,0,0,0,0,0,0,0,0,0,,,,0.58,17.43,,,,,0,,2026-09-30 13:20:25
069540,빛과전자,"market    KOSDAQ
market       KSQ
Name: 521, dtype: object",,4637.27156155,0,제외,0,0,0,0,0,0,0,0,0,0,0,0,0,0,0,,,,0.18,50.8,,,,,0,,2026-09-30 13:20:26
365340,성일하이텍,"market    KOSDAQ
market       KSQ
Name: 522, dtype: object",,4632.2197275,0,제외,0,0,0,0,0,0,0,0,0,0,0,0,0,0,0,,,,0.69,41.81,,,,,0,,2026-09-30 13:20:26
383310,에코프로에이치엔,"market    KOSDAQ
market       KSQ
Name: 523, dtype: object",,4614.48504,0,제외,0,0,0,0,0,0,0,0,0,0,0,0,0,0,0,,,,0.51,47.33,,,,,0,,2026-09-30 13:20:28
002990,금호건설,"market    KOSPI
market      STK
Name: 524, dtype: object",,4582.976802,0,제외,0,0,0,0,0,0,0,0,0,0,0,0,0,0,0,,,,0.23,63.62,,,,,0,,2026-09-30 13:20:28
041190,우리기술투자,"market    KOSDAQ
market       KSQ
Name: 525, dtype: object",,4580.52,0,제외,0,0,0,0,0,0,0,0,0,0,0,0,0,0,0,,,,0.19,43.68,,,,,0,,2026-09-30 13:20:32
015750,성우하이텍,"market    KOSDAQ
market       KSQ
Name: 526, dtype: object",,4576.0,0,제외,0,0,0,0,0,0,0,0,0,0,0,0,0,0,0,,,,0.73,47.96,,,,,0,,2026-09-30 13:20:32
460930,현대힘스,"market    KOSDAQ
market       KSQ
Name: 527, dtype: object",,4559.5701564,0,제외,0,0,0,0,0,0,0,0,0,0,0,0,0,0,0,,,,0.6,43.4,,,,,0,,2026-09-30 13:20:33
027360,아주IB투자,"market    KOSDAQ
market       KSQ
Name: 528, dtype: object",,4530.8381844,0,제외,0,0,0,0,0,0,0,0,0,0,0,0,0,0,0,,,,0.3,18.75,,,,,0,,2026-09-30 13:20:33
035890,서희건설,"market    KOSDAQ
market       KSQ
Name: 529, dtype: object",,4525.4300848,0,제외,0,0,0,0,0,0,0,0,0,0,0,0,0,0,0,,,,0.7,54.75,,,,,0,,2026-09-30 13:20:34
000070,삼양홀딩스,"market    KOSPI
market      STK
Name: 530, dtype: object",,4518.177162,0,제외,0,0,0,0,0,0,0,0,0,0,0,0,0,0,0,,,,0.7,77.22,,,,,0,,2026-09-30 13:20:35
448730,삼성FN리츠,"market    KOSPI
market      STK
Name: 531, dtype: object",,4516.08,0,제외,0,0,0,0,0,0,0,0,0,0,0,0,0,0,0,,,,0.32,64.83,,,,,0,,2026-09-30 13:20:39
042000,카페24,"market    KOSDAQ
market       KSQ
Name: 533, dtype: object",,4504.3928847,0,제외,0,0,0,0,0,0,0,0,0,0,0,0,0,0,0,,,,1.25,42.68,,,,,0,,2026-09-30 13:20:39
020000,한섬,"market    KOSPI
market      STK
Name: 532, dtype: object",,4510.16874,0,제외,0,0,0,0,0,0,0,0,0,0,0,0,0,0,0,,,,1.63,73.74,,,,,0,,2026-09-30 13:20:39
348370,엔켐,"market    KOSDAQ
market       KSQ
Name: 534, dtype: object",,4502.709267,0,제외,0,0,0,0,0,0,0,0,0,0,0,0,0,0,0,,,,0.46,19.67,,,,,0,,2026-09-30 13:20:40
005250,녹십자홀딩스,"market    KOSPI
market      STK
Name: 535, dtype: object",,4472.382771,0,제외,0,0,0,0,0,0,0,0,0,0,0,0,0,0,0,,,,0.29,52.86,,,,,0,,2026-09-30 13:20:42
002240,고려제강,"market    KOSPI
market      STK
Name: 536, dtype: object",,4468.5,0,제외,0,0,0,0,0,0,0,0,0,0,0,0,0,0,0,,,,0.42,58.52,,,,,0,,2026-09-30 13:20:42
174900,앱클론,"market    KOSDAQ
market       KSQ
Name: 537, dtype: object",,4459.3008315,0,제외,0,0,0,0,0,0,0,0,0,0,0,0,0,0,0,,,,1.86,23.23,,,,,0,,2026-09-30 13:20:45
340570,티앤엘,"market    KOSDAQ
market       KSQ
Name: 539, dtype: object",,4435.35312,0,제외,0,0,0,0,0,0,0,0,0,0,0,0,0,0,0,,,,0.71,77.23,,,,,0,,2026-09-30 13:20:46
056080,유진로봇,"market    KOSDAQ
market       KSQ
Name: 540, dtype: object",,4416.198633,0,제외,0,0,0,0,0,0,0,0,0,0,0,0,0,0,0,,,,0.55,23.56,,,,,0,,2026-09-30 13:20:47
249420,일동제약,"market    KOSPI
market      STK
Name: 541, dtype: object",,4413.536154,0,제외,0,0,0,0,0,0,0,0,0,0,0,0,0,0,0,,,,0.2,30.9,,,,,0,,2026-09-30 13:20:48
090435,아모레퍼시픽우,"market    KOSPI
market      STK
Name: 542, dtype: object",,4397.336195,0,제외,0,0,0,0,0,0,0,0,0,0,0,0,0,0,0,,,,0.67,73.9,,,,,0,,2026-09-30 13:20:49
376300,디어유,"market    KOSDAQ
market       KSQ
Name: 543, dtype: object",,4379.735907,0,제외,0,0,0,0,0,0,0,0,0,0,0,0,0,0,0,,,,1.92,38.28,,,,,0,,2026-09-30 13:20:52
016610,DB증권,"market    KOSPI
market      STK
Name: 544, dtype: object",,4376.2227059,0,제외,0,0,0,0,0,0,0,0,0,0,0,0,0,0,0,,,,1.54,53.49,,,,,0,,2026-09-30 13:20:53
089010,켐트로닉스,"market    KOSDAQ
market       KSQ
Name: 545, dtype: object",,4368.5920335,0,제외,0,0,0,0,0,0,0,0,0,0,0,0,0,0,0,,,,1.89,53.48,,,,,0,,2026-09-30 13:20:53
034310,NICE,"market    KOSPI
market      STK
Name: 546, dtype: object",,4355.7231045,0,제외,0,0,0,0,0,0,0,0,0,0,0,0,0,0,0,,,,0.53,77.97,,,,,0,,2026-09-30 13:20:54
004700,조광피혁,"market    KOSPI
market      STK
Name: 547, dtype: object",,4355.18539,0,제외,0,0,0,0,0,0,0,0,0,0,0,0,0,0,0,,,,0.62,77.7,,,,,0,,2026-09-30 13:20:55
170920,엘티씨,"market    KOSDAQ
market       KSQ
Name: 548, dtype: object",,4352.419912,0,제외,0,0,0,0,0,0,0,0,0,0,0,0,0,0,0,,,,0.95,67.71,,,,,0,,2026-09-30 13:20:56
003280,흥아해운,"market    KOSPI
market      STK
Name: 549, dtype: object",,4351.6906719,0,제외,0,0,0,0,0,0,0,0,0,0,0,0,0,0,0,,,,0.14,37.83,,,,,0,,2026-09-30 13:20:59
010780,아이에스동서,"market    KOSPI
market      STK
Name: 552, dtype: object",,4342.7739948,0,제외,0,0,0,0,0,0,0,0,0,0,0,0,0,0,0,,,,0.49,42.64,,,,,0,,2026-09-30 13:21:00
336570,원텍,"market    KOSDAQ
market       KSQ
Name: 551, dtype: object",,4343.5034279,0,제외,0,0,0,0,0,0,0,0,0,0,0,0,0,0,0,,,,1.27,44.35,,,,,0,,2026-09-30 13:21:00
009900,명신산업,"market    KOSPI
market      STK
Name: 553, dtype: object",,4334.0329858,0,제외,0,0,0,0,0,0,0,0,0,0,0,0,0,0,0,,,,0.34,55.42,,,,,0,,2026-09-30 13:21:02
278280,천보,"market    KOSDAQ
market       KSQ
Name: 554, dtype: object",,4325.317825,0,제외,0,0,0,0,0,0,0,0,0,0,0,0,0,0,0,,,,0.61,44.04,,,,,0,,2026-09-30 13:21:03
290550,디케이티,"market    KOSDAQ
market       KSQ
Name: 555, dtype: object",,4310.265065,0,제외,0,0,0,0,0,0,0,0,0,0,0,0,0,0,0,,,,0.95,62.23,,,,,0,,2026-09-30 13:21:06
013030,하이록코리아,"market    KOSDAQ
market       KSQ
Name: 556, dtype: object",,4283.604416,0,제외,0,0,0,0,0,0,0,0,0,0,0,0,0,0,0,,,,0.65,76.2,,,,,0,,2026-09-30 13:21:06
272290,이녹스첨단소재,"market    KOSDAQ GLOBAL
market              KSQ
Name: 558, dtype: object",,4256.6581715,0,제외,0,0,0,0,0,0,0,0,0,0,0,0,0,0,0,,,,0.81,48.2,,,,,0,,2026-09-30 13:21:07
018290,브이티,"market    KOSDAQ
market       KSQ
Name: 559, dtype: object",,4248.9275008,0,제외,0,0,0,0,0,0,0,0,0,0,0,0,0,0,0,,,,1.17,38.73,,,,,0,,2026-09-30 13:21:09
125490,한라캐스트,"market    KOSDAQ
market       KSQ
Name: 560, dtype: object",,4248.8737728,0,제외,0,0,0,0,0,0,0,0,0,0,0,0,0,0,0,,,,0.23,45.92,,,,,0,,2026-09-30 13:21:10
486990,노타,"market    KOSDAQ
market       KSQ
Name: 561, dtype: object",,4231.422654,0,제외,0,0,0,0,0,0,0,0,0,0,0,0,0,0,0,,,,0.67,30.03,,,,,0,,2026-09-30 13:21:13
368770,파이버프로,"market    KOSDAQ
market       KSQ
Name: 562, dtype: object",,4225.053335,0,제외,0,0,0,0,0,0,0,0,0,0,0,0,0,0,0,,,,0.8,43.07,,,,,0,,2026-09-30 13:21:13
005945,NH투자증권우,"market    KOSPI
market      STK
Name: 564, dtype: object",,4208.225864,0,제외,0,0,0,0,0,0,0,0,0,0,0,0,0,0,0,,,,1.15,72.26,,,,,0,,2026-09-30 13:21:14
033160,엠케이전자,"market    KOSDAQ
market       KSQ
Name: 563, dtype: object",,4215.1923528,0,제외,0,0,0,0,0,0,0,0,0,0,0,0,0,0,0,,,,1.13,44.92,,,,,0,,2026-09-30 13:21:13
114810,한솔아이원스,"market    KOSDAQ
market       KSQ
Name: 565, dtype: object",,4193.332926,0,제외,0,0,0,0,0,0,0,0,0,0,0,0,0,0,0,,,,1.08,74.87,,,,,0,,2026-09-30 13:21:15
072710,농심홀딩스,"market    KOSPI
market      STK
Name: 566, dtype: object",,4146.18426,0,제외,0,0,0,0,0,0,0,0,0,0,0,0,0,0,0,,,,0.55,61.95,,,,,0,,2026-09-30 13:21:17
030520,한컴,"market    KOSDAQ
market       KSQ
Name: 567, dtype: object",,4112.9744544,0,제외,0,0,0,0,0,0,0,0,0,0,0,0,0,0,0,,,,0.5,61.51,,,,,0,,2026-09-30 13:21:19
332570,PS일렉트로닉스,"market    KOSDAQ
market       KSQ
Name: 569, dtype: object",,4102.4958479,0,제외,0,0,0,0,0,0,0,0,0,0,0,0,0,0,0,,,,0.56,59.97,,,,,0,,2026-09-30 13:21:20
002030,아세아,"market    KOSPI
market      STK
Name: 570, dtype: object",,4088.880072,0,제외,0,0,0,0,0,0,0,0,0,0,0,0,0,0,0,,,,0.91,49.45,,,,,0,,2026-09-30 13:21:20
067160,SOOP,"market    KOSDAQ GLOBAL
market              KSQ
Name: 574, dtype: object",,4066.980492,0,제외,0,0,0,0,0,0,0,0,0,0,0,0,0,0,0,,,,0.8,46.11,,,,,0,,2026-09-30 13:21:26
403550,쏘카,"market    KOSPI
market      STK
Name: 573, dtype: object",,4074.7497708,0,제외,0,0,0,0,0,0,0,0,0,0,0,0,0,0,0,,,,0.2,50.95,,,,,0,,2026-09-30 13:21:26
271940,일진하이솔루스,"market    KOSPI
market      STK
Name: 575, dtype: object",,4063.445961,0,제외,0,0,0,0,0,0,0,0,0,0,0,0,0,0,0,,,,0.99,52.74,,,,,0,,2026-09-30 13:21:27
204620,글로벌텍스프리,"market    KOSDAQ
market       KSQ
Name: 576, dtype: object",,4041.291475,0,제외,0,0,0,0,0,0,0,0,0,0,0,0,0,0,0,,,,0.53,79.81,,,,,0,,2026-09-30 13:21:27
014830,유니드,"market    KOSPI
market      STK
Name: 577, dtype: object",,4033.4896,0,제외,0,0,0,0,0,0,0,0,0,0,0,0,0,0,0,,,,0.68,59.35,,,,,0,,2026-09-30 13:21:29
079370,제우스,"market    KOSDAQ
market       KSQ
Name: 579, dtype: object",,4013.598506,0,제외,0,0,0,0,0,0,0,0,0,0,0,0,0,0,0,,,,1.27,62.2,,,,,0,,2026-09-30 13:21:32
005389,현대차3우B,"market    KOSPI
market      STK
Name: 580, dtype: object",,4005.32235,0,제외,0,0,0,0,0,0,0,0,0,0,0,0,0,0,0,,,,0.84,56.07,,,,,0,,2026-09-30 13:21:32
130660,한전산업,"market    KOSPI
market      STK
Name: 582, dtype: object",,3980.46,0,제외,0,0,0,0,0,0,0,0,0,0,0,0,0,0,0,,,,0.17,44.17,,,,,0,,2026-09-30 13:21:33
0035S0,빅웨이브로보틱스,"market    KOSDAQ
market       KSQ
Name: 581, dtype: object",,3990.0546735,0,제외,0,0,0,0,0,0,0,0,0,0,0,0,0,0,0,,,,1.02,64.75,,,,,0,,2026-09-30 13:21:33
003000,부광약품,"market    KOSPI
market      STK
Name: 583, dtype: object",,3966.3197742,0,제외,0,0,0,0,0,0,0,0,0,0,0,0,0,0,0,,,,0.26,40.8,,,,,0,,2026-09-30 13:21:36
005420,코스모화학,"market    KOSPI
market      STK
Name: 584, dtype: object",,3959.8883068,0,제외,0,0,0,0,0,0,0,0,0,0,0,0,0,0,0,,,,0.9,47.85,,,,,0,,2026-09-30 13:21:37
441270,파인엠텍,"market    KOSDAQ
market       KSQ
Name: 586, dtype: object",,3941.66333,0,제외,0,0,0,0,0,0,0,0,0,0,0,0,0,0,0,,,,1.21,72.97,,,,,0,,2026-09-30 13:21:39
001200,유진투자증권,"market    KOSPI
market      STK
Name: 587, dtype: object",,3923.089929,0,제외,0,0,0,0,0,0,0,0,0,0,0,0,0,0,0,,,,0.68,58.53,,,,,0,,2026-09-30 13:21:40
078130,국일제지,"market    KOSDAQ
market       KSQ
Name: 589, dtype: object",,3906.46133955,0,제외,0,0,0,0,0,0,0,0,0,0,0,0,0,0,0,,,,0.79,58.04,,,,,0,,2026-09-30 13:21:42
092190,서울바이오시스,"market    KOSDAQ
market       KSQ
Name: 593, dtype: object",,3830.0099805,0,제외,0,0,0,0,0,0,0,0,0,0,0,0,0,0,0,,,,0.51,43.33,,,,,0,,2026-09-30 13:21:46
095660,네오위즈,"market    KOSDAQ
market       KSQ
Name: 592, dtype: object",,3836.1441807,0,제외,0,0,0,0,0,0,0,0,0,0,0,0,0,0,0,,,,0.96,56.23,,,,,0,,2026-09-30 13:21:46
215200,메가스터디교육,"market    KOSDAQ
market       KSQ
Name: 594, dtype: object",,3814.399488,0,제외,0,0,0,0,0,0,0,0,0,0,0,0,0,0,0,,,,1.2,72.64,,,,,0,,2026-09-30 13:21:47
344820,KCC글라스,"market    KOSPI
market      STK
Name: 597, dtype: object",,3792.9966,0,제외,0,0,0,0,0,0,0,0,0,0,0,0,0,0,0,,,,0.27,75.2,,,,,0,,2026-09-30 13:21:52
012030,DB,"market    KOSPI
market      STK
Name: 599, dtype: object",,3759.94080777,0,제외,0,0,0,0,0,0,0,0,0,0,0,0,0,0,0,,,,1.73,74.03,,,,,0,,2026-09-30 13:21:53
477850,마키나락스,"market    KOSDAQ
market       KSQ
Name: 598, dtype: object",,3772.8814,0,제외,0,0,0,0,0,0,0,0,0,0,0,0,0,0,0,,,,0.44,25.42,,,,,0,,2026-09-30 13:21:53
089590,제주항공,"market    KOSPI
market      STK
Name: 600, dtype: object",,3757.869901,0,제외,0,0,0,0,0,0,0,0,0,0,0,0,0,0,0,,,,0.62,68.78,,,,,0,,2026-09-30 13:21:53
200710,에이디테크놀로지,"market    KOSDAQ
market       KSQ
Name: 601, dtype: object",,3755.899953,0,제외,0,0,0,0,0,0,0,0,0,0,0,0,0,0,0,,,,1.02,44.92,,,,,0,,2026-09-30 13:21:55
486510,글로벌테크놀로지,"market    KOSDAQ
market       KSQ
Name: 602, dtype: object",,3752.413504,0,제외,0,0,0,0,0,0,0,0,0,0,0,0,0,0,0,,,,0.83,61.28,,,,,0,,2026-09-30 13:21:58
348210,넥스틴,"market    KOSDAQ
market       KSQ
Name: 603, dtype: object",,3745.5292875,0,제외,0,0,0,0,0,0,0,0,0,0,0,0,0,0,0,,,,0.8,36.25,,,,,0,,2026-09-30 13:21:58
016590,신대양제지,"market    KOSPI
market      STK
Name: 605, dtype: object",,3735.607914,0,제외,0,0,0,0,0,0,0,0,0,0,0,0,0,0,0,,,,1.45,51.18,,,,,0,,2026-09-30 13:22:00
107640,한중엔시에스,"market    KOSDAQ
market       KSQ
Name: 606, dtype: object",,3734.757752,0,제외,0,0,0,0,0,0,0,0,0,0,0,0,0,0,0,,,,0.49,56.37,,,,,0,,2026-09-30 13:22:00
101730,위메이드맥스,"market    KOSDAQ
market       KSQ
Name: 608, dtype: object",,3720.8658984,0,제외,0,0,0,0,0,0,0,0,0,0,0,0,0,0,0,,,,0.18,54.35,,,,,0,,2026-09-30 13:22:04
029530,신도리코,"market    KOSPI
market      STK
Name: 609, dtype: object",,3716.2663425,0,제외,0,0,0,0,0,0,0,0,0,0,0,0,0,0,0,,,,0.54,52.46,,,,,0,,2026-09-30 13:22:05
330860,네패스아크,"market    KOSDAQ
market       KSQ
Name: 610, dtype: object",,3716.133725,0,제외,0,0,0,0,0,0,0,0,0,0,0,0,0,0,0,,,,0.96,48.5,,,,,0,,2026-09-30 13:22:06
183190,아세아시멘트,"market    KOSPI
market      STK
Name: 611, dtype: object",,3694.9685344,0,제외,0,0,0,0,0,0,0,0,0,0,0,0,0,0,0,,,,0.31,71.81,,,,,0,,2026-09-30 13:22:07
031430,신세계인터내셔날,"market    KOSPI
market      STK
Name: 614, dtype: object",,3649.0398,0,제외,0,0,0,0,0,0,0,0,0,0,0,0,0,0,0,,,,0.74,61.18,,,,,0,,2026-09-30 13:22:10
194370,제이에스코퍼레이션,"market    KOSPI
market      STK
Name: 615, dtype: object",,3647.4064806,0,제외,0,0,0,0,0,0,0,0,0,0,0,0,0,0,0,,,,0.44,77.87,,,,,0,,2026-09-30 13:22:12
078020,LS증권,"market    KOSDAQ
market       KSQ
Name: 616, dtype: object",,3634.017945,0,제외,0,0,0,0,0,0,0,0,0,0,0,0,0,0,0,,,,0.46,71.16,,,,,0,,2026-09-30 13:22:13
008730,율촌화학,"market    KOSPI
market      STK
Name: 618, dtype: object",,3608.4,0,제외,0,0,0,0,0,0,0,0,0,0,0,0,0,0,0,,,,0.75,37.04,,,,,0,,2026-09-30 13:22:13
011930,신성이엔지,"market    KOSPI
market      STK
Name: 617, dtype: object",,3616.5310142,0,제외,0,0,0,0,0,0,0,0,0,0,0,0,0,0,0,,,,1.19,35.94,,,,,0,,2026-09-30 13:22:13
006220,제주은행,"market    KOSPI
market      STK
Name: 620, dtype: object",,3594.6427707,0,제외,0,0,0,0,0,0,0,0,0,0,0,0,0,0,0,,,,0.24,50.42,,,,,0,,2026-09-30 13:22:17
950210,프레스티지바이오파마,"market    KOSPI
market      STK
Name: 622, dtype: object",,3587.7404535,0,제외,0,0,0,0,0,0,0,0,0,0,0,0,0,0,0,,,,0.67,39.34,,,,,0,,2026-09-30 13:22:19
025900,동화기업,"market    KOSDAQ
market       KSQ
Name: 623, dtype: object",,3579.455778,0,제외,0,0,0,0,0,0,0,0,0,0,0,0,0,0,0,,,,0.69,53.85,,,,,0,,2026-09-30 13:22:20
069080,웹젠,"market    KOSDAQ GLOBAL
market              KSQ
Name: 624, dtype: object",,3576.6394125,0,제외,0,0,0,0,0,0,0,0,0,0,0,0,0,0,0,,,,1.24,64.52,,,,,0,,2026-09-30 13:22:20
027410,BGF,"market    KOSPI
market      STK
Name: 626, dtype: object",,3560.6646252,0,제외,0,0,0,0,0,0,0,0,0,0,0,0,0,0,0,,,,0.51,68.63,,,,,0,,2026-09-30 13:22:23
078160,메디포스트,"market    KOSDAQ
market       KSQ
Name: 627, dtype: object",,3528.41427,0,제외,0,0,0,0,0,0,0,0,0,0,0,0,0,0,0,,,,0.57,30.93,,,,,0,,2026-09-30 13:22:24
006910,보성파워텍,"market    KOSDAQ
market       KSQ
Name: 628, dtype: object",,3522.6083808,0,제외,0,0,0,0,0,0,0,0,0,0,0,0,0,0,0,,,,0.4,39.67,,,,,0,,2026-09-30 13:22:26
138080,오이솔루션,"market    KOSDAQ
market       KSQ
Name: 629, dtype: object",,3521.472151,0,제외,0,0,0,0,0,0,0,0,0,0,0,0,0,0,0,,,,0.5,49.57,,,,,0,,2026-09-30 13:22:26
010955,S-Oil우,"market    KOSPI
market      STK
Name: 633, dtype: object",,3507.120344,0,제외,0,0,0,0,0,0,0,0,0,0,0,0,0,0,0,,,,0.69,97.98,,,,,0,,2026-09-30 13:22:31
025320,시노펙스,"market    KOSDAQ
market       KSQ
Name: 634, dtype: object",,3504.388614,0,제외,0,0,0,0,0,0,0,0,0,0,0,0,0,0,0,,,,1.28,45.38,,,,,0,,2026-09-30 13:22:32
015860,일진홀딩스,"market    KOSPI
market      STK
Name: 635, dtype: object",,3503.671293,0,제외,0,0,0,0,0,0,0,0,0,0,0,0,0,0,0,,,,1.38,45.76,,,,,0,,2026-09-30 13:22:33
386380,스카이랩스,"market    KOSDAQ
market       KSQ
Name: 637, dtype: object",,3461.5847565,0,제외,0,0,0,0,0,0,0,0,0,0,0,0,0,0,0,,,,0.3,46.28,,,,,0,,2026-09-30 13:22:34
0120G0,삼양바이오팜,"market    KOSPI
market      STK
Name: 638, dtype: object",,3461.397485,0,제외,0,0,0,0,0,0,0,0,0,0,0,0,0,0,0,,,,0.51,30.58,,,,,0,,2026-09-30 13:22:36
060980,HL홀딩스,"market    KOSPI
market      STK
Name: 639, dtype: object",,3443.7154215,0,제외,0,0,0,0,0,0,0,0,0,0,0,0,0,0,0,,,,1.39,70.29,,,,,0,,2026-09-30 13:22:37
052710,아모텍,"market    KOSDAQ
market       KSQ
Name: 640, dtype: object",,3439.13528,0,제외,0,0,0,0,0,0,0,0,0,0,0,0,0,0,0,,,,0.51,57.27,,,,,0,,2026-09-30 13:22:38
389470,인벤티지랩,"market    KOSDAQ
market       KSQ
Name: 641, dtype: object",,3433.388664,0,제외,0,0,0,0,0,0,0,0,0,0,0,0,0,0,0,,,,1.92,24.98,,,,,0,,2026-09-30 13:22:39
105630,한세실업,"market    KOSPI
market      STK
Name: 642, dtype: object",,3416.0,0,제외,0,0,0,0,0,0,0,0,0,0,0,0,0,0,0,,,,0.42,55.41,,,,,0,,2026-09-30 13:22:40
393890,더블유씨피,"market    KOSDAQ
market       KSQ
Name: 644, dtype: object",,3397.8516576,0,제외,0,0,0,0,0,0,0,0,0,0,0,0,0,0,0,,,,0.39,47.12,,,,,0,,2026-09-30 13:22:43
266690,덕산넵코어스,"market    KOSDAQ
market       KSQ
Name: 645, dtype: object",,3397.1212422,0,제외,0,0,0,0,0,0,0,0,0,0,0,0,0,0,0,,,,,58.64,,,,,0,,2026-09-30 13:22:44
104700,한국철강,"market    KOSPI
market      STK
Name: 646, dtype: object",,3393.495,0,제외,0,0,0,0,0,0,0,0,0,0,0,0,0,0,0,,,,0.65,79.61,,,,,0,,2026-09-30 13:22:45
060280,큐렉소,"market    KOSDAQ
market       KSQ
Name: 647, dtype: object",,3362.672885,0,제외,0,0,0,0,0,0,0,0,0,0,0,0,0,0,0,,,,0.77,36.32,,,,,0,,2026-09-30 13:22:46
456010,아이씨티케이,"market    KOSDAQ
market       KSQ
Name: 649, dtype: object",,3342.791675,0,제외,0,0,0,0,0,0,0,0,0,0,0,0,0,0,0,,,,0.8,57.45,,,,,0,,2026-09-30 13:22:47
170900,동아에스티,"market    KOSPI
market      STK
Name: 648, dtype: object",,3356.118945,0,제외,0,0,0,0,0,0,0,0,0,0,0,0,0,0,0,,,,0.53,61.37,,,,,0,,2026-09-30 13:22:47
117730,티로보틱스,"market    KOSDAQ
market       KSQ
Name: 650, dtype: object",,3340.8461683,0,제외,0,0,0,0,0,0,0,0,0,0,0,0,0,0,0,,,,1.19,49.09,,,,,0,,2026-09-30 13:22:49
036620,감성코퍼레이션,"market    KOSDAQ
market       KSQ
Name: 651, dtype: object",,3338.4083696,0,제외,0,0,0,0,0,0,0,0,0,0,0,0,0,0,0,,,,0.64,48.25,,,,,0,,2026-09-30 13:22:51
110990,디아이티,"market    KOSDAQ
market       KSQ
Name: 653, dtype: object",,3320.73,0,제외,0,0,0,0,0,0,0,0,0,0,0,0,0,0,0,,,,1.13,60.69,,,,,0,,2026-09-30 13:22:52
006405,삼성SDI우,"market    KOSPI
market      STK
Name: 655, dtype: object",,3316.6868,0,제외,0,0,0,0,0,0,0,0,0,0,0,0,0,0,0,,,,0.69,55.5,,,,,0,,2026-09-30 13:22:53
097520,엠씨넥스,"market    KOSPI
market      STK
Name: 654, dtype: object",,3316.7259,0,제외,0,0,0,0,0,0,0,0,0,0,0,0,0,0,0,,,,0.79,58.86,,,,,0,,2026-09-30 13:22:53
372320,큐로셀,"market    KOSDAQ
market       KSQ
Name: 656, dtype: object",,3296.678408,0,제외,0,0,0,0,0,0,0,0,0,0,0,0,0,0,0,,,,0.54,32.88,,,,,0,,2026-09-30 13:22:56
02826K,삼성물산우B,"market    KOSPI
market      STK
Name: 657, dtype: object",,3287.4016,0,제외,0,0,0,0,0,0,0,0,0,0,0,0,0,0,0,,,,1.0,67.83,,,,,0,,2026-09-30 13:22:58
017810,풀무원,"market    KOSPI
market      STK
Name: 658, dtype: object",,3285.9907204,0,제외,0,0,0,0,0,0,0,0,0,0,0,0,0,0,0,,,,0.76,56.69,,,,,0,,2026-09-30 13:22:58
064260,다날,"market    KOSDAQ
market       KSQ
Name: 659, dtype: object",,3283.0128338,0,제외,0,0,0,0,0,0,0,0,0,0,0,0,0,0,0,,,,0.28,37.86,,,,,0,,2026-09-30 13:22:59
199800,툴젠,"market    KOSDAQ
market       KSQ
Name: 660, dtype: object",,3279.6357705,0,제외,0,0,0,0,0,0,0,0,0,0,0,0,0,0,0,,,,1.98,26.14,,,,,0,,2026-09-30 13:23:00
000157,두산2우B,"market    KOSPI
market      STK
Name: 661, dtype: object",,3277.44946,0,제외,0,0,0,0,0,0,0,0,0,0,0,0,0,0,0,,,,0.5,55.95,,,,,0,,2026-09-30 13:23:00
215600,신라젠,"market    KOSDAQ
market       KSQ
Name: 662, dtype: object",,3276.7917886,0,제외,0,0,0,0,0,0,0,0,0,0,0,0,0,0,0,,,,1.31,43.98,,,,,0,,2026-09-30 13:23:03
018000,유니슨,"market    KOSDAQ
market       KSQ
Name: 663, dtype: object",,3269.4152624,0,제외,0,0,0,0,0,0,0,0,0,0,0,0,0,0,0,,,,0.67,62.65,,,,,0,,2026-09-30 13:23:05
011760,현대코퍼레이션,"market    KOSPI
market      STK
Name: 664, dtype: object",,3267.554602,0,제외,0,0,0,0,0,0,0,0,0,0,0,0,0,0,0,,,,0.56,75.34,,,,,0,,2026-09-30 13:23:05
217590,티엠씨,"market    KOSPI
market      STK
Name: 665, dtype: object",,3267.17691,0,제외,0,0,0,0,0,0,0,0,0,0,0,0,0,0,0,,,,0.25,35.06,,,,,0,,2026-09-30 13:23:05
017890,한국알콜,"market    KOSDAQ
market       KSQ
Name: 666, dtype: object",,3262.2792468,0,제외,0,0,0,0,0,0,0,0,0,0,0,0,0,0,0,,,,1.38,96.22,,,,,0,,2026-09-30 13:23:07
046970,우리로,"market    KOSDAQ
market       KSQ
Name: 667, dtype: object",,3251.8149258,0,제외,0,0,0,0,0,0,0,0,0,0,0,0,0,0,0,,,,0.24,45.86,,,,,0,,2026-09-30 13:23:08
455900,엔젤로보틱스,"market    KOSDAQ
market       KSQ
Name: 668, dtype: object",,3247.918991,0,제외,0,0,0,0,0,0,0,0,0,0,0,0,0,0,0,,,,0.4,48.69,,,,,0,,2026-09-30 13:23:10
446540,메가터치,"market    KOSDAQ
market       KSQ
Name: 669, dtype: object",,3233.5971432,0,제외,0,0,0,0,0,0,0,0,0,0,0,0,0,0,0,,,,0.7,96.23,,,,,0,,2026-09-30 13:23:11
452430,사피엔반도체,"market    KOSDAQ
market       KSQ
Name: 671, dtype: object",,3203.103348,0,제외,0,0,0,0,0,0,0,0,0,0,0,0,0,0,0,,,,0.59,69.2,,,,,0,,2026-09-30 13:23:12
009160,SIMPAC,"market    KOSPI
market      STK
Name: 670, dtype: object",,3206.4459804,0,제외,0,0,0,0,0,0,0,0,0,0,0,0,0,0,0,,,,1.22,71.45,,,,,0,,2026-09-30 13:23:12
009290,광동제약,"market    KOSPI
market      STK
Name: 672, dtype: object",,3197.1476736,0,제외,0,0,0,0,0,0,0,0,0,0,0,0,0,0,0,,,,0.9,50.23,,,,,0,,2026-09-30 13:23:14
448900,한국피아이엠,"market    KOSDAQ
market       KSQ
Name: 674, dtype: object",,3158.71764,0,제외,0,0,0,0,0,0,0,0,0,0,0,0,0,0,0,,,,0.27,29.26,,,,,0,,2026-09-30 13:23:17
061970,LB세미콘,"market    KOSDAQ
market       KSQ
Name: 675, dtype: object",,3150.2311197,0,제외,0,0,0,0,0,0,0,0,0,0,0,0,0,0,0,,,,0.84,66.72,,,,,0,,2026-09-30 13:23:18
001230,동국홀딩스,"market    KOSPI
market      STK
Name: 676, dtype: object",,3149.03122875,0,제외,0,0,0,0,0,0,0,0,0,0,0,0,0,0,0,,,,0.28,76.3,,,,,0,,2026-09-30 13:23:19
024720,콜마홀딩스,"market    KOSPI
market      STK
Name: 677, dtype: object",,3148.3965762,0,제외,0,0,0,0,0,0,0,0,0,0,0,0,0,0,0,,,,0.49,66.76,,,,,0,,2026-09-30 13:23:19
145720,덴티움,"market    KOSPI
market      STK
Name: 678, dtype: object",,3147.720215,0,제외,0,0,0,0,0,0,0,0,0,0,0,0,0,0,0,,,,0.64,60.4,,,,,0,,2026-09-30 13:23:20
036200,유니셈,"market    KOSDAQ
market       KSQ
Name: 680, dtype: object",,3143.0828575,0,제외,0,0,0,0,0,0,0,0,0,0,0,0,0,0,0,,,,1.29,71.58,,,,,0,,2026-09-30 13:23:23
272450,진에어,"market    KOSPI
market      STK
Name: 681, dtype: object",,3126.78,0,제외,0,0,0,0,0,0,0,0,0,0,0,0,0,0,0,,,,0.44,70.74,,,,,0,,2026-09-30 13:23:24
234340,헥토파이낸셜,"market    KOSDAQ
market       KSQ
Name: 684, dtype: object",,3101.485632,0,제외,0,0,0,0,0,0,0,0,0,0,0,0,0,0,0,,,,0.17,49.78,,,,,0,,2026-09-30 13:23:27
168360,펨트론,"market    KOSDAQ
market       KSQ
Name: 685, dtype: object",,3096.8906331,0,제외,0,0,0,0,0,0,0,0,0,0,0,0,0,0,0,,,,0.94,40.26,,,,,0,,2026-09-30 13:23:27
381970,KG모빌리티플랫폼,"market    KOSPI
market      STK
Name: 687, dtype: object",,3085.4775936,0,제외,0,0,0,0,0,0,0,0,0,0,0,0,0,0,0,,,,0.51,37.54,,,,,0,,2026-09-30 13:23:31
026890,스틱인베스트먼트,"market    KOSPI
market      STK
Name: 689, dtype: object",,3082.2815415,0,제외,0,0,0,0,0,0,0,0,0,0,0,0,0,0,0,,,,0.68,59.07,,,,,0,,2026-09-30 13:23:32
010820,퍼스텍,"market    KOSPI
market      STK
Name: 690, dtype: object",,3062.8777064,0,제외,0,0,0,0,0,0,0,0,0,0,0,0,0,0,0,,,,1.33,33.74,,,,,0,,2026-09-30 13:23:34
900290,GRT,"market    KOSDAQ
market       KSQ
Name: 691, dtype: object",,3060.805605,0,제외,0,0,0,0,0,0,0,0,0,0,0,0,0,0,0,,,,0.24,43.99,,,,,0,,2026-09-30 13:23:34
228760,지노믹트리,"market    KOSDAQ
market       KSQ
Name: 692, dtype: object",,3057.681846,0,제외,0,0,0,0,0,0,0,0,0,0,0,0,0,0,0,,,,1.49,36.37,,,,,0,,2026-09-30 13:23:36
424870,이뮨온시아,"market    KOSDAQ
market       KSQ
Name: 693, dtype: object",,3052.8357846,0,제외,0,0,0,0,0,0,0,0,0,0,0,0,0,0,0,,,,0.56,21.49,,,,,0,,2026-09-30 13:23:38
206650,유바이오로직스,"market    KOSDAQ
market       KSQ
Name: 694, dtype: object",,3046.7662503,0,제외,0,0,0,0,0,0,0,0,0,0,0,0,0,0,0,,,,0.49,47.23,,,,,0,,2026-09-30 13:23:38
126720,수산인더스트리,"market    KOSPI
market      STK
Name: 695, dtype: object",,3042.918,0,제외,0,0,0,0,0,0,0,0,0,0,0,0,0,0,0,,,,0.33,58.38,,,,,0,,2026-09-30 13:23:39
488900,비츠로넥스텍,"market    KOSDAQ
market       KSQ
Name: 696, dtype: object",,3030.9359378,0,제외,0,0,0,0,0,0,0,0,0,0,0,0,0,0,0,,,,0.28,33.6,,,,,0,,2026-09-30 13:23:40
025860,남해화학,"market    KOSPI
market      STK
Name: 697, dtype: object",,3010.5378858,0,제외,0,0,0,0,0,0,0,0,0,0,0,0,0,0,0,,,,0.53,47.43,,,,,0,,2026-09-30 13:23:41
002020,코오롱,"market    KOSPI
market      STK
Name: 698, dtype: object",,3007.48944,0,제외,0,0,0,0,0,0,0,0,0,0,0,0,0,0,0,,,,0.61,26.47,,,,,0,,2026-09-30 13:23:43
108670,LX하우시스,"market    KOSPI
market      STK
Name: 699, dtype: object",,2977.26644,0,제외,0,0,0,0,0,0,0,0,0,0,0,0,0,0,0,,,,0.87,77.21,,,,,0,,2026-09-30 13:23:45
160980,싸이맥스,"market    KOSDAQ
market       KSQ
Name: 701, dtype: object",,2960.469853,0,제외,0,0,0,0,0,0,0,0,0,0,0,0,0,0,0,,,,0.72,57.16,,,,,0,,2026-09-30 13:23:47
042520,한스바이오메드,"market    KOSDAQ
market       KSQ
Name: 702, dtype: object",,2959.2336525,0,제외,0,0,0,0,0,0,0,0,0,0,0,0,0,0,0,,,,0.91,36.16,,,,,0,,2026-09-30 13:23:48
018250,애경산업,"market    KOSPI
market      STK
Name: 703, dtype: object",,2955.2717265,0,제외,0,0,0,0,0,0,0,0,0,0,0,0,0,0,0,,,,0.17,58.59,,,,,0,,2026-09-30 13:23:49
123890,한국자산신탁,"market    KOSPI
market      STK
Name: 704, dtype: object",,2949.2116166,0,제외,0,0,0,0,0,0,0,0,0,0,0,0,0,0,0,,,,0.49,69.74,,,,,0,,2026-09-30 13:23:49
005950,이수화학,"market    KOSPI
market      STK
Name: 706, dtype: object",,2923.9115928,0,제외,0,0,0,0,0,0,0,0,0,0,0,0,0,0,0,,,,1.61,61.92,,,,,0,,2026-09-30 13:23:53
200880,서연이화,"market    KOSPI
market      STK
Name: 705, dtype: object",,2937.9911019,0,제외,0,0,0,0,0,0,0,0,0,0,0,0,0,0,0,,,,0.89,58.98,,,,,0,,2026-09-30 13:23:53
484590,삼양컴텍,"market    KOSDAQ
market       KSQ
Name: 707, dtype: object",,2909.45777,0,제외,0,0,0,0,0,0,0,0,0,0,0,0,0,0,0,,,,1.3,32.65,,,,,0,,2026-09-30 13:23:54
001750,한양증권,"market    KOSPI
market      STK
Name: 708, dtype: object",,2902.5322606,0,제외,0,0,0,0,0,0,0,0,0,0,0,0,0,0,0,,,,0.23,60.98,,,,,0,,2026-09-30 13:23:55
025770,한국정보통신,"market    KOSDAQ
market       KSQ
Name: 710, dtype: object",,2886.9532941,0,제외,0,0,0,0,0,0,0,0,0,0,0,0,0,0,0,,,,0.63,46.97,,,,,0,,2026-09-30 13:23:57
092460,한라IMS,"market    KOSDAQ
market       KSQ
Name: 711, dtype: object",,2884.692048,0,제외,0,0,0,0,0,0,0,0,0,0,0,0,0,0,0,,,,0.97,75.98,,,,,0,,2026-09-30 13:24:00
265520,AP시스템,"market    KOSDAQ
market       KSQ
Name: 712, dtype: object",,2880.7271394,0,제외,0,0,0,0,0,0,0,0,0,0,0,0,0,0,0,,,,1.58,61.86,,,,,0,,2026-09-30 13:24:00
035810,이지홀딩스,"market    KOSDAQ
market       KSQ
Name: 713, dtype: object",,2874.19604175,0,제외,0,0,0,0,0,0,0,0,0,0,0,0,0,0,0,,,,1.37,48.06,,,,,0,,2026-09-30 13:24:01
003120,일성아이에스,"market    KOSPI
market      STK
Name: 714, dtype: object",,2872.8,0,제외,0,0,0,0,0,0,0,0,0,0,0,0,0,0,0,,,,0.66,73.72,,,,,0,,2026-09-30 13:24:02
054950,제이브이엠,"market    KOSDAQ
market       KSQ
Name: 715, dtype: object",,2859.259458,0,제외,0,0,0,0,0,0,0,0,0,0,0,0,0,0,0,,,,0.58,70.19,,,,,0,,2026-09-30 13:24:02
448280,에코아이,"market    KOSDAQ
market       KSQ
Name: 717, dtype: object",,2850.5146098,0,제외,0,0,0,0,0,0,0,0,0,0,0,0,0,0,0,,,,1.11,61.16,,,,,0,,2026-09-30 13:24:06
000430,대원강업,"market    KOSPI
market      STK
Name: 719, dtype: object",,2833.4,0,제외,0,0,0,0,0,0,0,0,0,0,0,0,0,0,0,,,,0.43,74.84,,,,,0,,2026-09-30 13:24:08
101930,인화정공,"market    KOSDAQ
market       KSQ
Name: 720, dtype: object",,2828.5001349,0,제외,0,0,0,0,0,0,0,0,0,0,0,0,0,0,0,,,,0.91,36.53,,,,,0,,2026-09-30 13:24:08
352480,씨앤씨인터내셔널,"market    KOSDAQ
market       KSQ
Name: 721, dtype: object",,2828.2044575,0,제외,0,0,0,0,0,0,0,0,0,0,0,0,0,0,0,,,,0.76,45.32,,,,,0,,2026-09-30 13:24:09
034830,한국토지신탁,"market    KOSPI
market      STK
Name: 722, dtype: object",,2825.3544837,0,제외,0,0,0,0,0,0,0,0,0,0,0,0,0,0,0,,,,1.07,59.8,,,,,0,,2026-09-30 13:24:10
136480,하림,"market    KOSDAQ
market       KSQ
Name: 724, dtype: object",,2819.8675881,0,제외,0,0,0,0,0,0,0,0,0,0,0,0,0,0,0,,,,0.56,74.89,,,,,0,,2026-09-30 13:24:13
084690,대상홀딩스,"market    KOSPI
market      STK
Name: 723, dtype: object",,2824.577964,0,제외,0,0,0,0,0,0,0,0,0,0,0,0,0,0,0,,,,0.31,70.52,,,,,0,,2026-09-30 13:24:13
049070,인탑스,"market    KOSDAQ
market       KSQ
Name: 725, dtype: object",,2819.44593,0,제외,0,0,0,0,0,0,0,0,0,0,0,0,0,0,0,,,,0.54,72.14,,,,,0,,2026-09-30 13:24:14
012210,삼미금속,"market    KOSDAQ
market       KSQ
Name: 727, dtype: object",,2809.9874801,0,제외,0,0,0,0,0,0,0,0,0,0,0,0,0,0,0,,,,0.93,58.85,,,,,0,,2026-09-30 13:24:15
001390,KG케미칼,"market    KOSPI
market      STK
Name: 728, dtype: object",,2808.8738028,0,제외,0,0,0,0,0,0,0,0,0,0,0,0,0,0,0,,,,1.15,57.36,,,,,0,,2026-09-30 13:24:16
200670,휴메딕스,"market    KOSDAQ
market       KSQ
Name: 729, dtype: object",,2796.25257,0,제외,0,0,0,0,0,0,0,0,0,0,0,0,0,0,0,,,,0.48,34.53,,,,,0,,2026-09-30 13:24:20
058430,포스코스틸리온,"market    KOSPI
market      STK
Name: 730, dtype: object",,2787.0,0,제외,0,0,0,0,0,0,0,0,0,0,0,0,0,0,0,,,,1.98,44.29,,,,,0,,2026-09-30 13:24:20
042370,비츠로테크,"market    KOSDAQ
market       KSQ
Name: 731, dtype: object",,2785.0626575,0,제외,0,0,0,0,0,0,0,0,0,0,0,0,0,0,0,,,,0.38,44.92,,,,,0,,2026-09-30 13:24:21
016800,퍼시스,"market    KOSPI
market      STK
Name: 733, dtype: object",,2771.5,0,제외,0,0,0,0,0,0,0,0,0,0,0,0,0,0,0,,,,0.36,47.34,,,,,0,,2026-09-30 13:24:22
203650,드림시큐리티,"market    KOSDAQ
market       KSQ
Name: 734, dtype: object",,2761.2767406,0,제외,0,0,0,0,0,0,0,0,0,0,0,0,0,0,0,,,,0.21,56.55,,,,,0,,2026-09-30 13:24:23
472850,폰드그룹,"market    KOSDAQ
market       KSQ
Name: 735, dtype: object",,2746.1678004,0,제외,0,0,0,0,0,0,0,0,0,0,0,0,0,0,0,,,,0.9,46.15,,,,,0,,2026-09-30 13:24:26
389500,에스비비테크,"market    KOSDAQ
market       KSQ
Name: 736, dtype: object",,2745.350464,0,제외,0,0,0,0,0,0,0,0,0,0,0,0,0,0,0,,,,0.33,36.0,,,,,0,,2026-09-30 13:24:26
105840,우진,"market    KOSPI
market      STK
Name: 737, dtype: object",,2724.665683,0,제외,0,0,0,0,0,0,0,0,0,0,0,0,0,0,0,,,,0.46,42.87,,,,,0,,2026-09-30 13:24:27
122900,아이마켓코리아,"market    KOSPI
market      STK
Name: 738, dtype: object",,2724.45046,0,제외,0,0,0,0,0,0,0,0,0,0,0,0,0,0,0,,,,1.09,79.38,,,,,0,,2026-09-30 13:24:28
084110,휴온스글로벌,"market    KOSDAQ
market       KSQ
Name: 739, dtype: object",,2721.85958,0,제외,0,0,0,0,0,0,0,0,0,0,0,0,0,0,0,,,,0.41,28.16,,,,,0,,2026-09-30 13:24:29
024840,KBI메탈,"market    KOSDAQ
market       KSQ
Name: 740, dtype: object",,2703.6080274,0,제외,0,0,0,0,0,0,0,0,0,0,0,0,0,0,0,,,,0.56,53.15,,,,,0,,2026-09-30 13:24:29
004310,현대약품,"market    KOSPI
market      STK
Name: 742, dtype: object",,2688.0,0,제외,0,0,0,0,0,0,0,0,0,0,0,0,0,0,0,,,,0.08,52.76,,,,,0,,2026-09-30 13:24:33
035600,KG이니시스,"market    KOSDAQ
market       KSQ
Name: 741, dtype: object",,2692.0682018,0,제외,0,0,0,0,0,0,0,0,0,0,0,0,0,0,0,,,,1.06,79.72,,,,,0,,2026-09-30 13:24:32
017390,서울가스,"market    KOSPI
market      STK
Name: 743, dtype: object",,2687.85,0,제외,0,0,0,0,0,0,0,0,0,0,0,0,0,0,0,,,,0.12,64.61,,,,,0,,2026-09-30 13:24:34
389650,넥스트바이오메디컬,"market    KOSDAQ
market       KSQ
Name: 744, dtype: object",,2685.979307,0,제외,0,0,0,0,0,0,0,0,0,0,0,0,0,0,0,,,,1.49,32.48,,,,,0,,2026-09-30 13:24:35
091580,상신이디피,"market    KOSDAQ
market       KSQ
Name: 745, dtype: object",,2685.6361285,0,제외,0,0,0,0,0,0,0,0,0,0,0,0,0,0,0,,,,0.59,64.66,,,,,0,,2026-09-30 13:24:35
004430,송원산업,"market    KOSPI
market      STK
Name: 746, dtype: object",,2685.6,0,제외,0,0,0,0,0,0,0,0,0,0,0,0,0,0,0,,,,0.34,67.36,,,,,0,,2026-09-30 13:24:36
309710,아이티켐,"market    KOSDAQ
market       KSQ
Name: 747, dtype: object",,2684.43021,0,제외,0,0,0,0,0,0,0,0,0,0,0,0,0,0,0,,,,,38.04,,,,,0,,2026-09-30 13:24:39
098070,한텍,"market    KOSDAQ
market       KSQ
Name: 748, dtype: object",,2680.194981,0,제외,0,0,0,0,0,0,0,0,0,0,0,0,0,0,0,,,,0.92,39.47,,,,,0,,2026-09-30 13:24:39
084010,대한제강,"market    KOSPI
market      STK
Name: 749, dtype: object",,2677.5473284,0,제외,0,0,0,0,0,0,0,0,0,0,0,0,0,0,0,,,,0.7,50.96,,,,,0,,2026-09-30 13:24:40
378340,필에너지,"market    KOSDAQ
market       KSQ
Name: 751, dtype: object",,2664.3618742,0,제외,0,0,0,0,0,0,0,0,0,0,0,0,0,0,0,,,,0.94,53.87,,,,,0,,2026-09-30 13:24:42
094360,칩스앤미디어,"market    KOSDAQ
market       KSQ
Name: 752, dtype: object",,2660.8671404,0,제외,0,0,0,0,0,0,0,0,0,0,0,0,0,0,0,,,,1.51,58.72,,,,,0,,2026-09-30 13:24:43
078520,에이블씨엔씨,"market    KOSPI
market      STK
Name: 753, dtype: object",,2658.604869,0,제외,0,0,0,0,0,0,0,0,0,0,0,0,0,0,0,,,,0.71,63.85,,,,,0,,2026-09-30 13:24:46
232530,이엠티,"market    KONEX
market      KNX
Name: 754, dtype: object",,2656.2033248,0,제외,0,0,0,0,0,0,0,0,0,0,0,0,0,0,0,,,,0.05,65.22,,,,,0,,2026-09-30 13:24:46
182400,엔케이젠바이오텍코리아,"market    KOSDAQ
market       KSQ
Name: 755, dtype: object",,2654.9672177,0,제외,0,0,0,0,0,0,0,0,0,0,0,0,0,0,0,,,,,,,,,,0,,2026-09-30 13:24:47
002900,TYM,"market    KOSPI
market      STK
Name: 756, dtype: object",,2649.6,0,제외,0,0,0,0,0,0,0,0,0,0,0,0,0,0,0,,,,1.22,64.95,,,,,0,,2026-09-30 13:24:48
394280,오픈엣지테크놀로지,"market    KOSDAQ
market       KSQ
Name: 757, dtype: object",,2642.556959,0,제외,0,0,0,0,0,0,0,0,0,0,0,0,0,0,0,,,,1.49,44.1,,,,,0,,2026-09-30 13:24:49
484120,도우인시스,"market    KOSDAQ
market       KSQ
Name: 758, dtype: object",,2640.738702,0,제외,0,0,0,0,0,0,0,0,0,0,0,0,0,0,0,,,,0.58,71.75,,,,,0,,2026-09-30 13:24:49
294570,쿠콘,"market    KOSDAQ
market       KSQ
Name: 760, dtype: object",,2633.942052,0,제외,0,0,0,0,0,0,0,0,0,0,0,0,0,0,0,,,,0.15,55.38,,,,,0,,2026-09-30 13:24:53
091810,트리니티항공,"market    KOSPI
market      STK
Name: 759, dtype: object",,2639.44245235,0,제외,0,0,0,0,0,0,0,0,0,0,0,0,0,0,0,,,,0.59,27.92,,,,,0,,2026-09-30 13:24:52
099440,스맥,"market    KOSDAQ
market       KSQ
Name: 761, dtype: object",,2627.370669,0,제외,0,0,0,0,0,0,0,0,0,0,0,0,0,0,0,,,,0.81,46.58,,,,,0,,2026-09-30 13:24:53
010580,에스엠벡셀,"market    KOSPI
market      STK
Name: 763, dtype: object",,2619.978948,0,제외,0,0,0,0,0,0,0,0,0,0,0,0,0,0,0,,,,0.13,67.1,,,,,0,,2026-09-30 13:24:56
286940,롯데이노베이트,"market    KOSPI
market      STK
Name: 764, dtype: object",,2614.3546176,0,제외,0,0,0,0,0,0,0,0,0,0,0,0,0,0,0,,,,0.68,67.83,,,,,0,,2026-09-30 13:24:56
051500,CJ프레시웨이,"market    KOSDAQ
market       KSQ
Name: 765, dtype: object",,2605.813127,0,제외,0,0,0,0,0,0,0,0,0,0,0,0,0,0,0,,,,0.46,59.62,,,,,0,,2026-09-30 13:24:59
287840,인투셀,"market    KOSDAQ
market       KSQ
Name: 766, dtype: object",,2604.807864,0,제외,0,0,0,0,0,0,0,0,0,0,0,0,0,0,0,,,,0.72,23.35,,,,,0,,2026-09-30 13:24:59
043150,바텍,"market    KOSDAQ
market       KSQ
Name: 767, dtype: object",,2602.4656512,0,제외,0,0,0,0,0,0,0,0,0,0,0,0,0,0,0,,,,0.76,63.99,,,,,0,,2026-09-30 13:25:00
304360,에스바이오메딕스,"market    KOSDAQ
market       KSQ
Name: 768, dtype: object",,2602.315188,0,제외,0,0,0,0,0,0,0,0,0,0,0,0,0,0,0,,,,0.45,48.59,,,,,0,,2026-09-30 13:25:01
068930,디지털대성,"market    KOSDAQ
market       KSQ
Name: 769, dtype: object",,2598.7146138,0,제외,0,0,0,0,0,0,0,0,0,0,0,0,0,0,0,,,,0.77,95.2,,,,,0,,2026-09-30 13:25:02
354320,알멕,"market    KOSDAQ
market       KSQ
Name: 770, dtype: object",,2598.0963765,0,제외,0,0,0,0,0,0,0,0,0,0,0,0,0,0,0,,,,0.52,38.99,,,,,0,,2026-09-30 13:25:03
037710,광주신세계,"market    KOSPI
market      STK
Name: 771, dtype: object",,2597.052066,0,제외,0,0,0,0,0,0,0,0,0,0,0,0,0,0,0,,,,0.48,57.21,,,,,0,,2026-09-30 13:25:06
060720,KH바텍,"market    KOSDAQ
market       KSQ
Name: 772, dtype: object",,2595.0476432,0,제외,0,0,0,0,0,0,0,0,0,0,0,0,0,0,0,,,,0.53,54.91,,,,,0,,2026-09-30 13:25:06
089980,상아프론테크,"market    KOSDAQ
market       KSQ
Name: 775, dtype: object",,2569.4382459,0,제외,0,0,0,0,0,0,0,0,0,0,0,0,0,0,0,,,,0.74,53.34,,,,,0,,2026-09-30 13:25:09
010690,화신,"market    KOSPI
market      STK
Name: 776, dtype: object",,2566.650135,0,제외,0,0,0,0,0,0,0,0,0,0,0,0,0,0,0,,,,0.51,44.38,,,,,0,,2026-09-30 13:25:10
036890,진성티이씨,"market    KOSDAQ
market       KSQ
Name: 778, dtype: object",,2549.1744811,0,제외,0,0,0,0,0,0,0,0,0,0,0,0,0,0,0,,,,0.7,54.83,,,,,0,,2026-09-30 13:25:12
121800,비덴트,"market    KOSDAQ
market       KSQ
Name: 777, dtype: object",,2563.0934852,0,제외,0,0,0,0,0,0,0,0,0,0,0,0,0,0,0,,,,,,,,,,0,,2026-09-30 13:25:12
004360,세방,"market    KOSPI
market      STK
Name: 781, dtype: object",,2540.4636387,0,제외,0,0,0,0,0,0,0,0,0,0,0,0,0,0,0,,,,1.53,77.85,,,,,0,,2026-09-30 13:25:16
334890,이지스밸류플러스리츠,"market    KOSPI
market      STK
Name: 782, dtype: object",,2534.8769295,0,제외,0,0,0,0,0,0,0,0,0,0,0,0,0,0,0,,,,0.32,79.67,,,,,0,,2026-09-30 13:25:16
317330,덕산테코피아,"market    KOSDAQ
market       KSQ
Name: 783, dtype: object",,2532.9534408,0,제외,0,0,0,0,0,0,0,0,0,0,0,0,0,0,0,,,,0.45,37.97,,,,,0,,2026-09-30 13:25:19
377460,큐에이드,"market    KOSDAQ
market       KSQ
Name: 784, dtype: object",,2531.8720296,0,제외,0,0,0,0,0,0,0,0,0,0,0,0,0,0,0,,,,,,,,,,0,,2026-09-30 13:25:19
003960,사조대림,"market    KOSPI
market      STK
Name: 785, dtype: object",,2529.392892,0,제외,0,0,0,0,0,0,0,0,0,0,0,0,0,0,0,,,,1.51,64.57,,,,,0,,2026-09-30 13:25:20
005680,삼영전자,"market    KOSPI
market      STK
Name: 787, dtype: object",,2500.0,0,제외,0,0,0,0,0,0,0,0,0,0,0,0,0,0,0,,,,0.93,69.21,,,,,0,,2026-09-30 13:25:23
005500,삼진제약,"market    KOSPI
market      STK
Name: 788, dtype: object",,2497.5,0,제외,0,0,0,0,0,0,0,0,0,0,0,0,0,0,0,,,,0.8,73.51,,,,,0,,2026-09-30 13:25:23
023410,유진기업,"market    KOSDAQ
market       KSQ
Name: 789, dtype: object",,2493.27533175,0,제외,0,0,0,0,0,0,0,0,0,0,0,0,0,0,0,,,,0.34,62.02,,,,,0,,2026-09-30 13:25:25
067390,아스트,"market    KOSDAQ
market       KSQ
Name: 790, dtype: object",,2489.0412387,0,제외,0,0,0,0,0,0,0,0,0,0,0,0,0,0,0,,,,0.58,57.36,,,,,0,,2026-09-30 13:25:26
254490,미래반도체,"market    KOSDAQ
market       KSQ
Name: 791, dtype: object",,2484.7798,0,제외,0,0,0,0,0,0,0,0,0,0,0,0,0,0,0,,,,1.94,36.03,,,,,0,,2026-09-30 13:25:27
0011T0,채비,"market    KOSDAQ
market       KSQ
Name: 793, dtype: object",,2460.1585684,0,제외,0,0,0,0,0,0,0,0,0,0,0,0,0,0,0,,,,0.84,17.27,,,,,0,,2026-09-30 13:25:29
298690,에어부산,"market    KOSPI
market      STK
Name: 794, dtype: object",,2458.38541848,0,제외,0,0,0,0,0,0,0,0,0,0,0,0,0,0,0,,,,0.53,67.41,,,,,0,,2026-09-30 13:25:30
272110,케이엔제이,"market    KOSDAQ
market       KSQ
Name: 795, dtype: object",,2455.77087,0,제외,0,0,0,0,0,0,0,0,0,0,0,0,0,0,0,,,,1.06,68.39,,,,,0,,2026-09-30 13:25:32
432320,KB스타리츠,"market    KOSPI
market      STK
Name: 796, dtype: object",,2451.4272741,0,제외,0,0,0,0,0,0,0,0,0,0,0,0,0,0,0,,,,0.35,41.05,,,,,0,,2026-09-30 13:25:32
003200,일신방직,"market    KOSPI
market      STK
Name: 797, dtype: object",,2445.24,0,제외,0,0,0,0,0,0,0,0,0,0,0,0,0,0,0,,,,0.48,60.11,,,,,0,,2026-09-30 13:25:33
493280,아이엠바이오로직스,"market    KOSDAQ
market       KSQ
Name: 798, dtype: object",,2445.1297767,0,제외,0,0,0,0,0,0,0,0,0,0,0,0,0,0,0,,,,0.82,15.88,,,,,0,,2026-09-30 13:25:34
073490,LIG아큐버,"market    KOSDAQ
market       KSQ
Name: 799, dtype: object",,2444.636489,0,제외,0,0,0,0,0,0,0,0,0,0,0,0,0,0,0,,,,0.99,51.52,,,,,0,,2026-09-30 13:25:36
439960,코스모로보틱스,"market    KOSDAQ
market       KSQ
Name: 800, dtype: object",,2440.2870752,0,제외,0,0,0,0,0,0,0,0,0,0,0,0,0,0,0,,,,0.83,10.98,,,,,0,,2026-09-30 13:25:36
461300,아이스크림미디어,"market    KOSDAQ
market       KSQ
Name: 801, dtype: object",,2425.4424127,0,제외,0,0,0,0,0,0,0,0,0,0,0,0,0,0,0,,,,1.12,65.88,,,,,0,,2026-09-30 13:25:38
439090,마녀공장,"market    KOSDAQ
market       KSQ
Name: 802, dtype: object",,2419.645176,0,제외,0,0,0,0,0,0,0,0,0,0,0,0,0,0,0,,,,0.5,69.55,,,,,0,,2026-09-30 13:25:39
100120,뷰웍스,"market    KOSDAQ
market       KSQ
Name: 806, dtype: object",,2408.8238535,0,제외,0,0,0,0,0,0,0,0,0,0,0,0,0,0,0,,,,1.23,77.79,,,,,0,,2026-09-30 13:25:43
404990,신한서부티엔디리츠,"market    KOSPI
market      STK
Name: 807, dtype: object",,2403.48654,0,제외,0,0,0,0,0,0,0,0,0,0,0,0,0,0,0,,,,1.14,79.27,,,,,0,,2026-09-30 13:25:45
445090,에이직랜드,"market    KOSDAQ
market       KSQ
Name: 808, dtype: object",,2398.181931,0,제외,0,0,0,0,0,0,0,0,0,0,0,0,0,0,0,,,,0.96,62.79,,,,,0,,2026-09-30 13:25:45
003920,남양유업,"market    KOSPI
market      STK
Name: 809, dtype: object",,2385.6844635,0,제외,0,0,0,0,0,0,0,0,0,0,0,0,0,0,0,,,,0.36,69.97,,,,,0,,2026-09-30 13:25:46
025000,KPX케미칼,"market    KOSPI
market      STK
Name: 811, dtype: object",,2384.372625,0,제외,0,0,0,0,0,0,0,0,0,0,0,0,0,0,0,,,,0.78,95.15,,,,,0,,2026-09-30 13:25:49
036710,심텍홀딩스,"market    KOSDAQ
market       KSQ
Name: 812, dtype: object",,2382.5317054,0,제외,0,0,0,0,0,0,0,0,0,0,0,0,0,0,0,,,,0.64,69.31,,,,,0,,2026-09-30 13:25:50
002320,한진,"market    KOSPI
market      STK
Name: 814, dtype: object",,2382.107556,0,제외,0,0,0,0,0,0,0,0,0,0,0,0,0,0,0,,,,0.65,64.69,,,,,0,,2026-09-30 13:25:52
064820,케이프,"market    KOSDAQ
market       KSQ
Name: 813, dtype: object",,2382.408598,0,제외,0,0,0,0,0,0,0,0,0,0,0,0,0,0,0,,,,0.94,43.94,,,,,0,,2026-09-30 13:25:52
136490,선진,"market    KOSPI
market      STK
Name: 815, dtype: object",,2370.8265188,0,제외,0,0,0,0,0,0,0,0,0,0,0,0,0,0,0,,,,1.12,71.4,,,,,0,,2026-09-30 13:25:53
376270,HEM파마,"market    KOSDAQ
market       KSQ
Name: 816, dtype: object",,2367.880216,0,제외,0,0,0,0,0,0,0,0,0,0,0,0,0,0,0,,,,0.6,33.49,,,,,0,,2026-09-30 13:25:54
007160,사조산업,"market    KOSPI
market      STK
Name: 817, dtype: object",,2367.5,0,제외,0,0,0,0,0,0,0,0,0,0,0,0,0,0,0,,,,1.43,64.22,,,,,0,,2026-09-30 13:25:56
043370,피에이치에이,"market    KOSDAQ
market       KSQ
Name: 820, dtype: object",,2358.3,0,제외,0,0,0,0,0,0,0,0,0,0,0,0,0,0,0,,,,0.62,72.56,,,,,0,,2026-09-30 13:25:59
108860,셀바스AI,"market    KOSDAQ
market       KSQ
Name: 821, dtype: object",,2357.735604,0,제외,0,0,0,0,0,0,0,0,0,0,0,0,0,0,0,,,,0.43,49.83,,,,,0,,2026-09-30 13:25:59
348950,제이알글로벌리츠,"market    KOSPI
market      STK
Name: 823, dtype: object",,2332.98432,0,제외,0,0,0,0,0,0,0,0,0,0,0,0,0,0,0,,,,,38.5,,,,,0,,2026-09-30 13:26:03
900140,엘브이엠씨홀딩스,"market    KOSPI
market      STK
Name: 826, dtype: object",,2324.68239696,0,제외,0,0,0,0,0,0,0,0,0,0,0,0,0,0,0,,,,0.76,64.99,,,,,0,,2026-09-30 13:26:05
389260,대명에너지,"market    KOSDAQ
market       KSQ
Name: 827, dtype: object",,2321.95572,0,제외,0,0,0,0,0,0,0,0,0,0,0,0,0,0,0,,,,0.6,47.03,,,,,0,,2026-09-30 13:26:06
030210,다올투자증권,"market    KOSPI
market      STK
Name: 828, dtype: object",,2320.7131386,0,제외,0,0,0,0,0,0,0,0,0,0,0,0,0,0,0,,,,1.66,67.6,,,,,0,,2026-09-30 13:26:07
003070,코오롱글로벌,"market    KOSPI
market      STK
Name: 829, dtype: object",,2313.580269,0,제외,0,0,0,0,0,0,0,0,0,0,0,0,0,0,0,,,,0.39,70.15,,,,,0,,2026-09-30 13:26:09
000680,LS네트웍스,"market    KOSPI
market      STK
Name: 830, dtype: object",,2304.988218,0,제외,0,0,0,0,0,0,0,0,0,0,0,0,0,0,0,,,,0.34,59.21,,,,,0,,2026-09-30 13:26:09
053690,한미글로벌,"market    KOSPI
market      STK
Name: 831, dtype: object",,2301.0855,0,제외,0,0,0,0,0,0,0,0,0,0,0,0,0,0,0,,,,0.24,60.86,,,,,0,,2026-09-30 13:26:11
008490,서흥,"market    KOSPI
market      STK
Name: 832, dtype: object",,2297.6258418,0,제외,0,0,0,0,0,0,0,0,0,0,0,0,0,0,0,,,,0.76,64.84,,,,,0,,2026-09-30 13:26:12
243070,휴온스,"market    KOSDAQ
market       KSQ
Name: 833, dtype: object",,2288.116015,0,제외,0,0,0,0,0,0,0,0,0,0,0,0,0,0,0,,,,0.4,46.0,,,,,0,,2026-09-30 13:26:12
065680,우주일렉트로,"market    KOSDAQ
market       KSQ
Name: 834, dtype: object",,2287.0165725,0,제외,0,0,0,0,0,0,0,0,0,0,0,0,0,0,0,,,,0.48,47.87,,,,,0,,2026-09-30 13:26:13
226320,잇츠한불,"market    KOSPI
market      STK
Name: 835, dtype: object",,2282.8416915,0,제외,0,0,0,0,0,0,0,0,0,0,0,0,0,0,0,,,,0.68,73.87,,,,,0,,2026-09-30 13:26:15
365270,큐라클,"market    KOSDAQ
market       KSQ
Name: 836, dtype: object",,2282.170176,0,제외,0,0,0,0,0,0,0,0,0,0,0,0,0,0,0,,,,1.25,48.96,,,,,0,,2026-09-30 13:26:16
001340,PKC,"market    KOSPI
market      STK
Name: 837, dtype: object",,2278.4213034,0,제외,0,0,0,0,0,0,0,0,0,0,0,0,0,0,0,,,,0.69,61.46,,,,,0,,2026-09-30 13:26:17
001470,삼부토건,"market    KOSPI
market      STK
Name: 838, dtype: object",,2277.9423546,0,제외,0,0,0,0,0,0,0,0,0,0,0,0,0,0,0,,,,,,,,,,0,,2026-09-30 13:26:17
085910,네오티스,"market    KOSDAQ
market       KSQ
Name: 839, dtype: object",,2266.4885974,0,제외,0,0,0,0,0,0,0,0,0,0,0,0,0,0,0,,,,0.93,45.26,,,,,0,,2026-09-30 13:26:19
064850,에프앤가이드,"market    KOSDAQ
market       KSQ
Name: 840, dtype: object",,2264.950902,0,제외,0,0,0,0,0,0,0,0,0,0,0,0,0,0,0,,,,1.09,53.86,,,,,0,,2026-09-30 13:26:20
200130,콜마비앤에이치,"market    KOSDAQ GLOBAL
market              KSQ
Name: 842, dtype: object",,2258.881303,0,제외,0,0,0,0,0,0,0,0,0,0,0,0,0,0,0,,,,0.18,46.95,,,,,0,,2026-09-30 13:26:22
416180,신성에스티,"market    KOSDAQ
market       KSQ
Name: 843, dtype: object",,2255.424611,0,제외,0,0,0,0,0,0,0,0,0,0,0,0,0,0,0,,,,0.67,47.5,,,,,0,,2026-09-30 13:26:24
065710,서호전기,"market    KOSDAQ
market       KSQ
Name: 845, dtype: object",,2250.55,0,제외,0,0,0,0,0,0,0,0,0,0,0,0,0,0,0,,,,1.2,72.95,,,,,0,,2026-09-30 13:26:25
0030R0,대신밸류리츠,"market    KOSPI
market      STK
Name: 847, dtype: object",,2241.75,0,제외,0,0,0,0,0,0,0,0,0,0,0,0,0,0,0,,,,1.14,78.78,,,,,0,,2026-09-30 13:26:28
215000,골프존,"market    KOSDAQ
market       KSQ
Name: 848, dtype: object",,2240.323155,0,제외,0,0,0,0,0,0,0,0,0,0,0,0,0,0,0,,,,0.6,57.07,,,,,0,,2026-09-30 13:26:29
134380,미원화학,"market    KOSPI
market      STK
Name: 849, dtype: object",,2238.854824,0,제외,0,0,0,0,0,0,0,0,0,0,0,0,0,0,0,,,,0.1,66.1,,,,,0,,2026-09-30 13:26:30
023760,한국캐피탈,"market    KOSDAQ
market       KSQ
Name: 850, dtype: object",,2229.78165444,0,제외,0,0,0,0,0,0,0,0,0,0,0,0,0,0,0,,,,0.69,56.8,,,,,0,,2026-09-30 13:26:31
256840,한국비엔씨,"market    KOSDAQ
market       KSQ
Name: 851, dtype: object",,2229.6732836,0,제외,0,0,0,0,0,0,0,0,0,0,0,0,0,0,0,,,,1.72,52.59,,,,,0,,2026-09-30 13:26:32
094480,갤럭시아머니트리,"market    KOSDAQ
market       KSQ
Name: 852, dtype: object",,2224.3318146,0,제외,0,0,0,0,0,0,0,0,0,0,0,0,0,0,0,,,,0.27,46.53,,,,,0,,2026-09-30 13:26:33
001460,BYC,"market    KOSPI
market      STK
Name: 853, dtype: object",,2223.6294,0,제외,0,0,0,0,0,0,0,0,0,0,0,0,0,0,0,,,,0.61,50.21,,,,,0,,2026-09-30 13:26:34
144510,지씨셀,"market    KOSDAQ
market       KSQ
Name: 854, dtype: object",,2216.7882632,0,제외,0,0,0,0,0,0,0,0,0,0,0,0,0,0,0,,,,0.56,49.31,,,,,0,,2026-09-30 13:26:35
017860,DS단석,"market    KOSPI
market      STK
Name: 855, dtype: object",,2213.7657036,0,제외,0,0,0,0,0,0,0,0,0,0,0,0,0,0,0,,,,0.89,47.75,,,,,0,,2026-09-30 13:26:37
298830,슈어소프트테크,"market    KOSDAQ
market       KSQ
Name: 857, dtype: object",,2207.8360087,0,제외,0,0,0,0,0,0,0,0,0,0,0,0,0,0,0,,,,0.68,38.14,,,,,0,,2026-09-30 13:26:38
003650,미창석유,"market    KOSPI
market      STK
Name: 858, dtype: object",,2207.643768,0,제외,0,0,0,0,0,0,0,0,0,0,0,0,0,0,0,,,,0.67,75.09,,,,,0,,2026-09-30 13:26:39
190510,나무가,"market    KOSDAQ
market       KSQ
Name: 861, dtype: object",,2190.2667935,0,제외,0,0,0,0,0,0,0,0,0,0,0,0,0,0,0,,,,0.16,54.23,,,,,0,,2026-09-30 13:26:43
0008Z0,에스엔시스,"market    KOSDAQ
market       KSQ
Name: 862, dtype: object",,2189.282848,0,제외,0,0,0,0,0,0,0,0,0,0,0,0,0,0,0,,,,0.75,46.39,,,,,0,,2026-09-30 13:26:44
018310,삼목에스폼,"market    KOSDAQ
market       KSQ
Name: 863, dtype: object",,2188.83,0,제외,0,0,0,0,0,0,0,0,0,0,0,0,0,0,0,,,,0.65,64.4,,,,,0,,2026-09-30 13:26:45
382900,범한퓨얼셀,"market    KOSDAQ
market       KSQ
Name: 864, dtype: object",,2185.8695,0,제외,0,0,0,0,0,0,0,0,0,0,0,0,0,0,0,,,,1.01,56.67,,,,,0,,2026-09-30 13:26:46
077500,유니퀘스트,"market    KOSPI
market      STK
Name: 865, dtype: object",,2177.2902816,0,제외,0,0,0,0,0,0,0,0,0,0,0,0,0,0,0,,,,1.02,96.93,,,,,0,,2026-09-30 13:26:47
241520,DSC인베스트먼트,"market    KOSDAQ
market       KSQ
Name: 866, dtype: object",,2175.88,0,제외,0,0,0,0,0,0,0,0,0,0,0,0,0,0,0,,,,0.93,41.47,,,,,0,,2026-09-30 13:26:49
000540,흥국화재,"market    KOSPI
market      STK
Name: 867, dtype: object",,2174.61353325,0,제외,0,0,0,0,0,0,0,0,0,0,0,0,0,0,0,,,,0.38,45.66,,,,,0,,2026-09-30 13:26:50
114190,강원에너지,"market    KOSDAQ
market       KSQ
Name: 868, dtype: object",,2173.4367616,0,제외,0,0,0,0,0,0,0,0,0,0,0,0,0,0,0,,,,0.66,41.73,,,,,0,,2026-09-30 13:26:51
019010,베뉴지,"market    KOSDAQ
market       KSQ
Name: 869, dtype: object",,2169.0,0,제외,0,0,0,0,0,0,0,0,0,0,0,0,0,0,0,,,,0.73,61.99,,,,,0,,2026-09-30 13:26:51
034120,SBS,"market    KOSPI
market      STK
Name: 870, dtype: object",,2164.9294746,0,제외,0,0,0,0,0,0,0,0,0,0,0,0,0,0,0,,,,0.56,56.15,,,,,0,,2026-09-30 13:26:52
064550,바이오니아,"market    KOSDAQ
market       KSQ
Name: 871, dtype: object",,2155.1592985,0,제외,0,0,0,0,0,0,0,0,0,0,0,0,0,0,0,,,,0.14,53.26,,,,,0,,2026-09-30 13:26:54
000050,경방,"market    KOSPI
market      STK
Name: 872, dtype: object",,2152.098695,0,제외,0,0,0,0,0,0,0,0,0,0,0,0,0,0,0,,,,1.22,51.94,,,,,0,,2026-09-30 13:26:56
000490,대동,"market    KOSPI
market      STK
Name: 873, dtype: object",,2144.718756,0,제외,0,0,0,0,0,0,0,0,0,0,0,0,0,0,0,,,,0.43,55.43,,,,,0,,2026-09-30 13:26:56
035510,신세계 I&C,"market    KOSPI
market      STK
Name: 874, dtype: object",,2141.87388,0,제외,0,0,0,0,0,0,0,0,0,0,0,0,0,0,0,,,,0.27,52.15,,,,,0,,2026-09-30 13:26:57
005710,대원산업,"market    KOSDAQ
market       KSQ
Name: 875, dtype: object",,2140.01568,0,제외,0,0,0,0,0,0,0,0,0,0,0,0,0,0,0,,,,0.81,56.42,,,,,0,,2026-09-30 13:26:58
475400,씨메스로보틱스,"market    KOSDAQ
market       KSQ
Name: 876, dtype: object",,2138.2285034,0,제외,0,0,0,0,0,0,0,0,0,0,0,0,0,0,0,,,,0.36,38.7,,,,,0,,2026-09-30 13:26:59
067080,대화제약,"market    KOSDAQ
market       KSQ
Name: 877, dtype: object",,2135.329755,0,제외,0,0,0,0,0,0,0,0,0,0,0,0,0,0,0,,,,0.29,45.9,,,,,0,,2026-09-30 13:27:00
003720,삼영,"market    KOSPI
market      STK
Name: 878, dtype: object",,2135.2,0,제외,0,0,0,0,0,0,0,0,0,0,0,0,0,0,0,,,,1.07,44.64,,,,,0,,2026-09-30 13:27:03
475560,더본코리아,"market    KOSPI
market      STK
Name: 879, dtype: object",,2126.330898,0,제외,0,0,0,0,0,0,0,0,0,0,0,0,0,0,0,,,,0.33,53.19,,,,,0,,2026-09-30 13:27:03
092200,디아이씨,"market    KOSPI
market      STK
Name: 880, dtype: object",,2119.4270105,0,제외,0,0,0,0,0,0,0,0,0,0,0,0,0,0,0,,,,0.8,35.91,,,,,0,,2026-09-30 13:27:04
0161M0,네오사피엔스,"market    KOSDAQ
market       KSQ
Name: 881, dtype: object",,2117.0059385,0,제외,0,0,0,0,0,0,0,0,0,0,0,0,0,0,0,,,,0.21,41.6,,,,,0,,2026-09-30 13:27:05
0001A0,덕양에너젠,"market    KOSDAQ
market       KSQ
Name: 882, dtype: object",,2116.4707422,0,제외,0,0,0,0,0,0,0,0,0,0,0,0,0,0,0,,,,0.34,19.46,,,,,0,,2026-09-30 13:27:06
237880,클리오,"market    KOSDAQ
market       KSQ
Name: 883, dtype: object",,2114.348301,0,제외,0,0,0,0,0,0,0,0,0,0,0,0,0,0,0,,,,0.88,77.43,,,,,0,,2026-09-30 13:27:07
0010S0,와이즈플래닛컴퍼니,"market    KOSDAQ
market       KSQ
Name: 884, dtype: object",,2114.22633,0,제외,0,0,0,0,0,0,0,0,0,0,0,0,0,0,0,,,,0.18,41.77,,,,,0,,2026-09-30 13:27:09
243840,신흥에스이씨,"market    KOSDAQ
market       KSQ
Name: 885, dtype: object",,2109.1354545,0,제외,0,0,0,0,0,0,0,0,0,0,0,0,0,0,0,,,,0.61,44.75,,,,,0,,2026-09-30 13:27:09
033920,무학,"market    KOSPI
market      STK
Name: 886, dtype: object",,2109.0,0,제외,0,0,0,0,0,0,0,0,0,0,0,0,0,0,0,,,,0.87,71.12,,,,,0,,2026-09-30 13:27:11
307180,아이엘,"market    KOSDAQ
market       KSQ
Name: 887, dtype: object",,2104.193532,0,제외,0,0,0,0,0,0,0,0,0,0,0,0,0,0,0,,,,0.37,54.71,,,,,0,,2026-09-30 13:27:12
125020,티씨머티리얼즈,"market    KOSDAQ
market       KSQ
Name: 888, dtype: object",,2102.313,0,제외,0,0,0,0,0,0,0,0,0,0,0,0,0,0,0,,,,0.32,57.83,,,,,0,,2026-09-30 13:27:12
206640,바디텍메드,"market    KOSDAQ
market       KSQ
Name: 889, dtype: object",,2100.9696239,0,제외,0,0,0,0,0,0,0,0,0,0,0,0,0,0,0,,,,0.46,64.13,,,,,0,,2026-09-30 13:27:13
03473K,SK우,"market    KOSPI
market      STK
Name: 890, dtype: object",,2097.530175,0,제외,0,0,0,0,0,0,0,0,0,0,0,0,0,0,0,,,,0.26,72.36,,,,,0,,2026-09-30 13:27:16
045390,대아티아이,"market    KOSDAQ
market       KSQ
Name: 891, dtype: object",,2089.53562805,0,제외,0,0,0,0,0,0,0,0,0,0,0,0,0,0,0,,,,0.39,57.98,,,,,0,,2026-09-30 13:27:16
481070,에이유브랜즈,"market    KOSDAQ
market       KSQ
Name: 892, dtype: object",,2086.4844,0,제외,0,0,0,0,0,0,0,0,0,0,0,0,0,0,0,,,,0.25,51.08,,,,,0,,2026-09-30 13:27:17
088260,이리츠코크렙,"market    KOSPI
market      STK
Name: 893, dtype: object",,2083.938311,0,제외,0,0,0,0,0,0,0,0,0,0,0,0,0,0,0,,,,1.62,61.42,,,,,0,,2026-09-30 13:27:18
078150,HB테크놀러지,"market    KOSDAQ
market       KSQ
Name: 894, dtype: object",,2074.0412863,0,제외,0,0,0,0,0,0,0,0,0,0,0,0,0,0,0,,,,1.74,35.67,,,,,0,,2026-09-30 13:27:19
035150,백산,"market    KOSPI
market      STK
Name: 895, dtype: object",,2070.0319713,0,제외,0,0,0,0,0,0,0,0,0,0,0,0,0,0,0,,,,1.16,71.13,,,,,0,,2026-09-30 13:27:19
380540,옵티코어,"market    KOSDAQ
market       KSQ
Name: 896, dtype: object",,2066.5812635,0,제외,0,0,0,0,0,0,0,0,0,0,0,0,0,0,0,,,,,76.13,,,,,0,,2026-09-30 13:27:22
000320,노루홀딩스,"market    KOSPI
market      STK
Name: 898, dtype: object",,2062.7866352,0,제외,0,0,0,0,0,0,0,0,0,0,0,0,0,0,0,,,,0.68,46.2,,,,,0,,2026-09-30 13:27:24
950170,JTC,"market    KOSDAQ
market       KSQ
Name: 899, dtype: object",,2053.3481415,0,제외,0,0,0,0,0,0,0,0,0,0,0,0,0,0,0,,,,1.54,57.92,,,,,0,,2026-09-30 13:27:25
095500,미래나노텍,"market    KOSDAQ
market       KSQ
Name: 900, dtype: object",,2049.7609339,0,제외,0,0,0,0,0,0,0,0,0,0,0,0,0,0,0,,,,1.0,46.75,,,,,0,,2026-09-30 13:27:25
394800,쓰리빌리언,"market    KOSDAQ
market       KSQ
Name: 901, dtype: object",,2049.3724132,0,제외,0,0,0,0,0,0,0,0,0,0,0,0,0,0,0,,,,0.98,31.94,,,,,0,,2026-09-30 13:27:26
298000,효성화학,"market    KOSPI
market      STK
Name: 903, dtype: object",,2043.786129,0,제외,0,0,0,0,0,0,0,0,0,0,0,0,0,0,0,,,,0.59,62.06,,,,,0,,2026-09-30 13:27:29
058970,엠로,"market    KOSDAQ
market       KSQ
Name: 904, dtype: object",,2043.5698482,0,제외,0,0,0,0,0,0,0,0,0,0,0,0,0,0,0,,,,0.43,33.95,,,,,0,,2026-09-30 13:27:30
462860,더즌,"market    KOSDAQ
market       KSQ
Name: 905, dtype: object",,2038.2141252,0,제외,0,0,0,0,0,0,0,0,0,0,0,0,0,0,0,,,,0.11,51.45,,,,,0,,2026-09-30 13:27:31
053030,바이넥스,"market    KOSDAQ
market       KSQ
Name: 906, dtype: object",,2036.2249124,0,제외,0,0,0,0,0,0,0,0,0,0,0,0,0,0,0,,,,0.57,33.19,,,,,0,,2026-09-30 13:27:32
126730,코칩,"market    KOSDAQ
market       KSQ
Name: 907, dtype: object",,2034.669232,0,제외,0,0,0,0,0,0,0,0,0,0,0,0,0,0,0,,,,0.31,63.84,,,,,0,,2026-09-30 13:27:33
000650,천일고속,"market    KOSPI
market      STK
Name: 909, dtype: object",,2023.77552,0,제외,0,0,0,0,0,0,0,0,0,0,0,0,0,0,0,,,,0.67,27.34,,,,,0,,2026-09-30 13:27:35
003555,LG우,"market    KOSPI
market      STK
Name: 908, dtype: object",,2029.548126,0,제외,0,0,0,0,0,0,0,0,0,0,0,0,0,0,0,,,,1.0,66.8,,,,,0,,2026-09-30 13:27:35
004980,성신양회,"market    KOSPI
market      STK
Name: 910, dtype: object",,2022.5760225,0,제외,0,0,0,0,0,0,0,0,0,0,0,0,0,0,0,,,,0.41,53.63,,,,,0,,2026-09-30 13:27:37
293780,압타바이오,"market    KOSDAQ
market       KSQ
Name: 911, dtype: object",,2014.2971385,0,제외,0,0,0,0,0,0,0,0,0,0,0,0,0,0,0,,,,1.13,64.46,,,,,0,,2026-09-30 13:27:38
217730,강스템바이오텍,"market    KOSDAQ
market       KSQ
Name: 912, dtype: object",,2012.7587886,0,제외,0,0,0,0,0,0,0,0,0,0,0,0,0,0,0,,,,0.68,45.74,,,,,0,,2026-09-30 13:27:39
014940,오리엔탈정공,"market    KOSDAQ
market       KSQ
Name: 913, dtype: object",,2012.07713315,0,제외,0,0,0,0,0,0,0,0,0,0,0,0,0,0,0,,,,0.7,34.5,,,,,0,,2026-09-30 13:27:39
000480,CR홀딩스,"market    KOSPI
market      STK
Name: 915, dtype: object",,2006.912972,0,제외,0,0,0,0,0,0,0,0,0,0,0,0,0,0,0,,,,0.75,76.25,,,,,0,,2026-09-30 13:27:43
353810,이지바이오,"market    KOSDAQ
market       KSQ
Name: 914, dtype: object",,2011.380736,0,제외,0,0,0,0,0,0,0,0,0,0,0,0,0,0,0,,,,0.28,70.68,,,,,0,,2026-09-30 13:27:43
053300,한국정보인증,"market    KOSDAQ
market       KSQ
Name: 916, dtype: object",,2005.9529022,0,제외,0,0,0,0,0,0,0,0,0,0,0,0,0,0,0,,,,0.18,65.81,,,,,0,,2026-09-30 13:27:45
314930,바이오다인,"market    KOSDAQ
market       KSQ
Name: 918, dtype: object",,2000.1477216,0,제외,0,0,0,0,0,0,0,0,0,0,0,0,0,0,0,,,,0.71,39.32,,,,,0,,2026-09-30 13:27:47
459510,나우로보틱스,"market    KOSDAQ
market       KSQ
Name: 919, dtype: object",,1998.670828,0,제외,0,0,0,0,0,0,0,0,0,0,0,0,0,0,0,,,,0.22,40.6,,,,,0,,2026-09-30 13:27:48
176750,듀켐바이오,"market    KOSDAQ
market       KSQ
Name: 924, dtype: object",,1965.72168,0,제외,0,0,0,0,0,0,0,0,0,0,0,0,0,0,0,,,,1.23,53.95,,,,,0,,2026-09-30 13:27:54
199430,케이엔알시스템,"market    KOSDAQ
market       KSQ
Name: 925, dtype: object",,1961.7219336,0,제외,0,0,0,0,0,0,0,0,0,0,0,0,0,0,0,,,,0.21,38.76,,,,,0,,2026-09-30 13:27:55
083310,엘오티베큠,"market    KOSDAQ
market       KSQ
Name: 926, dtype: object",,1960.8846333,0,제외,0,0,0,0,0,0,0,0,0,0,0,0,0,0,0,,,,1.42,62.15,,,,,0,,2026-09-30 13:27:58
037270,YG PLUS,"market    KOSPI
market      STK
Name: 927, dtype: object",,1957.6406325,0,제외,0,0,0,0,0,0,0,0,0,0,0,0,0,0,0,,,,0.84,34.44,,,,,0,,2026-09-30 13:27:58
051905,LG생활건강우,"market    KOSPI
market      STK
Name: 928, dtype: object",,1953.713388,0,제외,0,0,0,0,0,0,0,0,0,0,0,0,0,0,0,,,,1.25,74.1,,,,,0,,2026-09-30 13:27:59
013580,계룡건설,"market    KOSPI
market      STK
Name: 930, dtype: object",,1946.937726,0,제외,0,0,0,0,0,0,0,0,0,0,0,0,0,0,0,,,,0.4,65.47,,,,,0,,2026-09-30 13:28:01
117580,대성에너지,"market    KOSPI
market      STK
Name: 931, dtype: object",,1933.25,0,제외,0,0,0,0,0,0,0,0,0,0,0,0,0,0,0,,,,0.2,43.59,,,,,0,,2026-09-30 13:28:03
095570,AJ네트웍스,"market    KOSPI
market      STK
Name: 932, dtype: object",,1932.2928093,0,제외,0,0,0,0,0,0,0,0,0,0,0,0,0,0,0,,,,0.6,77.56,,,,,0,,2026-09-30 13:28:05
080720,한국유니온제약,"market    KOSDAQ
market       KSQ
Name: 933, dtype: object",,1924.4151973,0,제외,0,0,0,0,0,0,0,0,0,0,0,0,0,0,0,,,,,,,,,,0,,2026-09-30 13:28:05
339770,교촌에프앤비,"market    KOSPI
market      STK
Name: 935, dtype: object",,1911.16431,0,제외,0,0,0,0,0,0,0,0,0,0,0,0,0,0,0,,,,0.62,75.74,,,,,0,,2026-09-30 13:28:06
000390,SP삼화,"market    KOSPI
market      STK
Name: 934, dtype: object",,1915.1242176,0,제외,0,0,0,0,0,0,0,0,0,0,0,0,0,0,0,,,,1.1,49.02,,,,,0,,2026-09-30 13:28:06
053210,스카이라이프,"market    KOSPI
market      STK
Name: 937, dtype: object",,1900.9182,0,제외,0,0,0,0,0,0,0,0,0,0,0,0,0,0,0,,,,0.56,72.32,,,,,0,,2026-09-30 13:28:09
005960,동부건설,"market    KOSPI
market      STK
Name: 939, dtype: object",,1899.9836964,0,제외,0,0,0,0,0,0,0,0,0,0,0,0,0,0,0,,,,0.37,78.32,,,,,0,,2026-09-30 13:28:11
002420,우양피앤엘,"market    KOSPI
market      STK
Name: 940, dtype: object",,1895.0073472,0,제외,0,0,0,0,0,0,0,0,0,0,0,0,0,0,0,,,,0.54,72.34,,,,,0,,2026-09-30 13:28:13
034810,해성산업,"market    KOSDAQ
market       KSQ
Name: 941, dtype: object",,1885.3350744,0,제외,0,0,0,0,0,0,0,0,0,0,0,0,0,0,0,,,,0.37,65.46,,,,,0,,2026-09-30 13:28:13
004560,현대비앤지스틸,"market    KOSPI
market      STK
Name: 942, dtype: object",,1884.851375,0,제외,0,0,0,0,0,0,0,0,0,0,0,0,0,0,0,,,,0.57,48.94,,,,,0,,2026-09-30 13:28:14
036560,KZ정밀,"market    KOSDAQ
market       KSQ
Name: 943, dtype: object",,1877.4,0,제외,0,0,0,0,0,0,0,0,0,0,0,0,0,0,0,,,,1.33,62.83,,,,,0,,2026-09-30 13:28:16
126600,BGF에코머티리얼즈,"market    KOSDAQ
market       KSQ
Name: 944, dtype: object",,1876.7302801,0,제외,0,0,0,0,0,0,0,0,0,0,0,0,0,0,0,,,,0.53,46.01,,,,,0,,2026-09-30 13:28:19
452450,피아이이,"market    KOSDAQ
market       KSQ
Name: 946, dtype: object",,1873.482,0,제외,0,0,0,0,0,0,0,0,0,0,0,0,0,0,0,,,,0.24,53.2,,,,,0,,2026-09-30 13:28:19
001630,종근당홀딩스,"market    KOSPI
market      STK
Name: 945, dtype: object",,1873.688014,0,제외,0,0,0,0,0,0,0,0,0,0,0,0,0,0,0,,,,0.56,67.18,,,,,0,,2026-09-30 13:28:19
016790,현대사료,"market    KOSDAQ
market       KSQ
Name: 947, dtype: object",,1873.40898626,0,제외,0,0,0,0,0,0,0,0,0,0,0,0,0,0,0,,,,,,,,,,0,,2026-09-30 13:28:20
143240,사람인,"market    KOSDAQ
market       KSQ
Name: 948, dtype: object",,1872.8615595,0,제외,0,0,0,0,0,0,0,0,0,0,0,0,0,0,0,,,,1.0,95.38,,,,,0,,2026-09-30 13:28:21
003520,영진약품,"market    KOSPI
market      STK
Name: 949, dtype: object",,1872.82156544,0,제외,0,0,0,0,0,0,0,0,0,0,0,0,0,0,0,,,,0.48,44.57,,,,,0,,2026-09-30 13:28:22
042420,네오위즈홀딩스,"market    KOSDAQ
market       KSQ
Name: 950, dtype: object",,1872.72509,0,제외,0,0,0,0,0,0,0,0,0,0,0,0,0,0,0,,,,1.28,76.63,,,,,0,,2026-09-30 13:28:25
013120,동원개발,"market    KOSDAQ
market       KSQ
Name: 952, dtype: object",,1861.56605,0,제외,0,0,0,0,0,0,0,0,0,0,0,0,0,0,0,,,,0.93,57.02,,,,,0,,2026-09-30 13:28:26
123330,제닉,"market    KOSDAQ
market       KSQ
Name: 951, dtype: object",,1864.67112,0,제외,0,0,0,0,0,0,0,0,0,0,0,0,0,0,0,,,,0.29,59.77,,,,,0,,2026-09-30 13:28:26
388050,지투파워,"market    KOSDAQ
market       KSQ
Name: 953, dtype: object",,1859.7180378,0,제외,0,0,0,0,0,0,0,0,0,0,0,0,0,0,0,,,,0.14,54.17,,,,,0,,2026-09-30 13:28:26
102460,이연제약,"market    KOSPI
market      STK
Name: 954, dtype: object",,1858.6811,0,제외,0,0,0,0,0,0,0,0,0,0,0,0,0,0,0,,,,0.8,76.14,,,,,0,,2026-09-30 13:28:28
052330,코텍,"market    KOSDAQ
market       KSQ
Name: 956, dtype: object",,1854.3098916,0,제외,0,0,0,0,0,0,0,0,0,0,0,0,0,0,0,,,,1.04,72.48,,,,,0,,2026-09-30 13:28:32
001130,대한제분,"market    KOSPI
market      STK
Name: 959, dtype: object",,1850.55,0,제외,0,0,0,0,0,0,0,0,0,0,0,0,0,0,0,,,,0.22,66.77,,,,,0,,2026-09-30 13:28:33
260870,SK시그넷,"market    KONEX
market      KNX
Name: 958, dtype: object",,1852.0453005,0,제외,0,0,0,0,0,0,0,0,0,0,0,0,0,0,0,,,,0.64,66.04,,,,,0,,2026-09-30 13:28:32
003547,대신증권2우B,"market    KOSPI
market      STK
Name: 961, dtype: object",,1848.3225384,0,제외,0,0,0,0,0,0,0,0,0,0,0,0,0,0,0,,,,1.57,64.94,,,,,0,,2026-09-30 13:28:36
084850,아이티엠반도체,"market    KOSDAQ
market       KSQ
Name: 963, dtype: object",,1844.1225342,0,제외,0,0,0,0,0,0,0,0,0,0,0,0,0,0,0,,,,0.59,41.39,,,,,0,,2026-09-30 13:28:40
102940,코오롱생명과학,"market    KOSDAQ
market       KSQ
Name: 964, dtype: object",,1843.1569024,0,제외,0,0,0,0,0,0,0,0,0,0,0,0,0,0,0,,,,0.87,19.46,,,,,0,,2026-09-30 13:28:40
102260,동성케미컬,"market    KOSPI
market      STK
Name: 962, dtype: object",,1844.3731124,0,제외,0,0,0,0,0,0,0,0,0,0,0,0,0,0,0,,,,0.57,77.1,,,,,0,,2026-09-30 13:28:39
304100,솔트룩스,"market    KOSDAQ
market       KSQ
Name: 966, dtype: object",,1837.4434445,0,제외,0,0,0,0,0,0,0,0,0,0,0,0,0,0,0,,,,0.57,39.51,,,,,0,,2026-09-30 13:28:42
194700,노바렉스,"market    KOSDAQ
market       KSQ
Name: 965, dtype: object",,1838.2631936,0,제외,0,0,0,0,0,0,0,0,0,0,0,0,0,0,0,,,,0.62,46.98,,,,,0,,2026-09-30 13:28:42
128820,대성산업,"market    KOSPI
market      STK
Name: 969, dtype: object",,1829.7750851,0,제외,0,0,0,0,0,0,0,0,0,0,0,0,0,0,0,,,,0.39,30.78,,,,,0,,2026-09-30 13:28:47
484810,티엑스알로보틱스,"market    KOSDAQ
market       KSQ
Name: 970, dtype: object",,1827.8432445,0,제외,0,0,0,0,0,0,0,0,0,0,0,0,0,0,0,,,,0.2,46.04,,,,,0,,2026-09-30 13:28:48
464080,에스오에스랩,"market    KOSDAQ
market       KSQ
Name: 972, dtype: object",,1822.9731828,0,제외,0,0,0,0,0,0,0,0,0,0,0,0,0,0,0,,,,1.28,35.85,,,,,0,,2026-09-30 13:28:49
417030,니어스랩,"market    KOSDAQ
market       KSQ
Name: 971, dtype: object",,1825.707696,0,제외,0,0,0,0,0,0,0,0,0,0,0,0,0,0,0,,,,0.24,73.69,,,,,0,,2026-09-30 13:28:49
033530,SJG세종,"market    KOSPI
market      STK
Name: 975, dtype: object",,1812.504033,0,제외,0,0,0,0,0,0,0,0,0,0,0,0,0,0,0,,,,0.68,53.64,,,,,0,,2026-09-30 13:28:54
007860,서연,"market    KOSPI
market      STK
Name: 976, dtype: object",,1810.2959724,0,제외,0,0,0,0,0,0,0,0,0,0,0,0,0,0,0,,,,1.0,64.3,,,,,0,,2026-09-30 13:28:55
000140,하이트진로홀딩스,"market    KOSPI
market      STK
Name: 977, dtype: object",,1807.8069935,0,제외,0,0,0,0,0,0,0,0,0,0,0,0,0,0,0,,,,0.66,73.86,,,,,0,,2026-09-30 13:28:56
041920,메디아나,"market    KOSDAQ
market       KSQ
Name: 978, dtype: object",,1802.1678087,0,제외,0,0,0,0,0,0,0,0,0,0,0,0,0,0,0,,,,1.58,32.97,,,,,0,,2026-09-30 13:28:56
024060,흥구석유,"market    KOSDAQ
market       KSQ
Name: 982, dtype: object",,1795.5,0,제외,0,0,0,0,0,0,0,0,0,0,0,0,0,0,0,,,,0.14,33.23,,,,,0,,2026-09-30 13:29:02
230240,에치에프알,"market    KOSDAQ
market       KSQ
Name: 983, dtype: object",,1790.0605,0,제외,0,0,0,0,0,0,0,0,0,0,0,0,0,0,0,,,,0.54,34.16,,,,,0,,2026-09-30 13:29:03
138610,나이벡,"market    KOSDAQ
market       KSQ
Name: 984, dtype: object",,1784.743501,0,제외,0,0,0,0,0,0,0,0,0,0,0,0,0,0,0,,,,0.59,28.78,,,,,0,,2026-09-30 13:29:03
163730,핑거,"market    KOSDAQ
market       KSQ
Name: 981, dtype: object",,1797.4129536,0,제외,0,0,0,0,0,0,0,0,0,0,0,0,0,0,0,,,,0.6,54.93,,,,,0,,2026-09-30 13:29:01
234690,녹십자웰빙,"market    KOSDAQ
market       KSQ
Name: 985, dtype: object",,1780.162039,0,제외,0,0,0,0,0,0,0,0,0,0,0,0,0,0,0,,,,0.43,62.18,,,,,0,,2026-09-30 13:29:05
119610,인터로조,"market    KOSDAQ
market       KSQ
Name: 986, dtype: object",,1775.9790332,0,제외,0,0,0,0,0,0,0,0,0,0,0,0,0,0,0,,,,1.72,66.71,,,,,0,,2026-09-30 13:29:07
094820,일진파워,"market    KOSDAQ
market       KSQ
Name: 987, dtype: object",,1773.2561784,0,제외,0,0,0,0,0,0,0,0,0,0,0,0,0,0,0,,,,0.54,48.41,,,,,0,,2026-09-30 13:29:08
403850,더핑크퐁컴퍼니,"market    KOSDAQ
market       KSQ
Name: 988, dtype: object",,1769.479533,0,제외,0,0,0,0,0,0,0,0,0,0,0,0,0,0,0,,,,0.24,20.05,,,,,0,,2026-09-30 13:29:09
108380,대양전기공업,"market    KOSDAQ
market       KSQ
Name: 989, dtype: object",,1768.0431384,0,제외,0,0,0,0,0,0,0,0,0,0,0,0,0,0,0,,,,0.39,50.53,,,,,0,,2026-09-30 13:29:10
377190,디앤디플랫폼리츠,"market    KOSPI
market      STK
Name: 990, dtype: object",,1767.116,0,제외,0,0,0,0,0,0,0,0,0,0,0,0,0,0,0,,,,0.93,53.18,,,,,0,,2026-09-30 13:29:11
046120,오르비텍,"market    KOSDAQ
market       KSQ
Name: 991, dtype: object",,1760.482516,0,제외,0,0,0,0,0,0,0,0,0,0,0,0,0,0,0,,,,0.22,31.81,,,,,0,,2026-09-30 13:29:12
214180,헥토이노베이션,"market    KOSDAQ
market       KSQ
Name: 993, dtype: object",,1759.3018918,0,제외,0,0,0,0,0,0,0,0,0,0,0,0,0,0,0,,,,1.61,52.96,,,,,0,,2026-09-30 13:29:15
220100,퓨쳐켐,"market    KOSDAQ
market       KSQ
Name: 996, dtype: object",,1758.154725,0,제외,0,0,0,0,0,0,0,0,0,0,0,0,0,0,0,,,,0.38,24.48,,,,,0,,2026-09-30 13:29:17
002100,경농,"market    KOSPI
market      STK
Name: 997, dtype: object",,1757.03175,0,제외,0,0,0,0,0,0,0,0,0,0,0,0,0,0,0,,,,0.33,75.97,,,,,0,,2026-09-30 13:29:19
263860,지니언스,"market    KOSDAQ
market       KSQ
Name: 999, dtype: object",,1752.3628,0,제외,0,0,0,0,0,0,0,0,0,0,0,0,0,0,0,,,,0.25,64.43,,,,,0,,2026-09-30 13:29:21
086820,바이오솔루션,"market    KOSDAQ
market       KSQ
Name: 1000, dtype: object",,1749.8757375,0,제외,0,0,0,0,0,0,0,0,0,0,0,0,0,0,0,,,,1.05,49.89,,,,,0,,2026-09-30 13:29:22
000520,삼일제약,"market    KOSPI
market      STK
Name: 1002, dtype: object",,1741.8524233,0,제외,0,0,0,0,0,0,0,0,0,0,0,0,0,0,0,,,,0.51,62.99,,,,,0,,2026-09-30 13:29:23
234080,JW생명과학,"market    KOSPI
market      STK
Name: 1003, dtype: object",,1741.80094,0,제외,0,0,0,0,0,0,0,0,0,0,0,0,0,0,0,,,,0.53,70.6,,,,,0,,2026-09-30 13:29:25
000300,DH오토넥스,"market    KOSPI
market      STK
Name: 1004, dtype: object",,1740.35631,0,제외,0,0,0,0,0,0,0,0,0,0,0,0,0,0,0,,,,,,,,,,0,,2026-09-30 13:29:26
405100,큐알티,"market    KOSDAQ
market       KSQ
Name: 1006, dtype: object",,1738.9360915,0,제외,0,0,0,0,0,0,0,0,0,0,0,0,0,0,0,,,,0.5,59.67,,,,,0,,2026-09-30 13:29:29
318060,그래피,"market    KOSDAQ
market       KSQ
Name: 1008, dtype: object",,1729.5375642,0,제외,0,0,0,0,0,0,0,0,0,0,0,0,0,0,0,,,,0.58,22.48,,,,,0,,2026-09-30 13:29:30
009470,삼화전기,"market    KOSPI
market      STK
Name: 1009, dtype: object",,1729.51393,0,제외,0,0,0,0,0,0,0,0,0,0,0,0,0,0,0,,,,0.53,44.2,,,,,0,,2026-09-30 13:29:32
003220,대원제약,"market    KOSPI
market      STK
Name: 1010, dtype: object",,1729.1666493,0,제외,0,0,0,0,0,0,0,0,0,0,0,0,0,0,0,,,,0.41,56.4,,,,,0,,2026-09-30 13:29:33
039860,나노엔텍,"market    KOSDAQ
market       KSQ
Name: 1011, dtype: object",,1727.51995355,0,제외,0,0,0,0,0,0,0,0,0,0,0,0,0,0,0,,,,0.97,48.78,,,,,0,,2026-09-30 13:29:34
213500,한솔제지,"market    KOSPI
market      STK
Name: 1013, dtype: object",,1723.1617024,0,제외,0,0,0,0,0,0,0,0,0,0,0,0,0,0,0,,,,1.18,74.31,,,,,0,,2026-09-30 13:29:35
082800,비보존 제약,"market    KOSDAQ
market       KSQ
Name: 1012, dtype: object",,1727.4744977,0,제외,0,0,0,0,0,0,0,0,0,0,0,0,0,0,0,,,,0.69,36.54,,,,,0,,2026-09-30 13:29:35
187870,디바이스,"market    KOSDAQ
market       KSQ
Name: 1014, dtype: object",,1712.052342,0,제외,0,0,0,0,0,0,0,0,0,0,0,0,0,0,0,,,,1.99,41.82,,,,,0,,2026-09-30 13:29:36
092130,이크레더블,"market    KOSDAQ
market       KSQ
Name: 1015, dtype: object",,1710.1912,0,제외,0,0,0,0,0,0,0,0,0,0,0,0,0,0,0,,,,0.65,78.04,,,,,0,,2026-09-30 13:29:38
274090,켄코아에어로스페이스,"market    KOSDAQ
market       KSQ
Name: 1016, dtype: object",,1708.001668,0,제외,0,0,0,0,0,0,0,0,0,0,0,0,0,0,0,,,,0.4,31.39,,,,,0,,2026-09-30 13:29:39
0015G0,그린광학,"market    KOSDAQ
market       KSQ
Name: 1017, dtype: object",,1706.2304778,0,제외,0,0,0,0,0,0,0,0,0,0,0,0,0,0,0,,,,1.0,26.38,,,,,0,,2026-09-30 13:29:41
036170,에이치엠넥스,"market    KOSDAQ
market       KSQ
Name: 1018, dtype: object",,1705.9644028,0,제외,0,0,0,0,0,0,0,0,0,0,0,0,0,0,0,,,,0.62,27.15,,,,,0,,2026-09-30 13:29:42
122990,와이솔,"market    KOSDAQ
market       KSQ
Name: 1020, dtype: object",,1703.0324456,0,제외,0,0,0,0,0,0,0,0,0,0,0,0,0,0,0,,,,0.8,71.41,,,,,0,,2026-09-30 13:29:43
143160,아이디스,"market    KOSDAQ
market       KSQ
Name: 1021, dtype: object",,1701.762732,0,제외,0,0,0,0,0,0,0,0,0,0,0,0,0,0,0,,,,0.34,76.96,,,,,0,,2026-09-30 13:29:44
260970,에스앤디,"market    KOSDAQ
market       KSQ
Name: 1022, dtype: object",,1700.939352,0,제외,0,0,0,0,0,0,0,0,0,0,0,0,0,0,0,,,,0.34,43.88,,,,,0,,2026-09-30 13:29:46
194480,데브시스터즈,"market    KOSDAQ
market       KSQ
Name: 1023, dtype: object",,1696.37951,0,제외,0,0,0,0,0,0,0,0,0,0,0,0,0,0,0,,,,0.5,24.09,,,,,0,,2026-09-30 13:29:48
002150,도화엔지니어링,"market    KOSPI
market      STK
Name: 1024, dtype: object",,1692.744,0,제외,0,0,0,0,0,0,0,0,0,0,0,0,0,0,0,,,,0.67,66.14,,,,,0,,2026-09-30 13:29:48
003460,유화증권,"market    KOSPI
market      STK
Name: 1025, dtype: object",,1689.731967,0,제외,0,0,0,0,0,0,0,0,0,0,0,0,0,0,0,,,,0.91,60.32,,,,,0,,2026-09-30 13:29:49
489460,바이오비쥬,"market    KOSDAQ
market       KSQ
Name: 1026, dtype: object",,1681.874718,0,제외,0,0,0,0,0,0,0,0,0,0,0,0,0,0,0,,,,0.24,61.41,,,,,0,,2026-09-30 13:29:50
270660,에브리봇,"market    KOSDAQ
market       KSQ
Name: 1028, dtype: object",,1680.2331892,0,제외,0,0,0,0,0,0,0,0,0,0,0,0,0,0,0,,,,1.28,41.79,,,,,0,,2026-09-30 13:29:53
199820,제일일렉트릭,"market    KOSDAQ
market       KSQ
Name: 1029, dtype: object",,1677.61,0,제외,0,0,0,0,0,0,0,0,0,0,0,0,0,0,0,,,,0.5,34.08,,,,,0,,2026-09-30 13:29:54
255220,SG,"market    KOSDAQ
market       KSQ
Name: 1030, dtype: object",,1677.27518428,0,제외,0,0,0,0,0,0,0,0,0,0,0,0,0,0,0,,,,0.56,32.79,,,,,0,,2026-09-30 13:29:55
012860,모베이스전자,"market    KOSDAQ
market       KSQ
Name: 1031, dtype: object",,1677.0461653,0,제외,0,0,0,0,0,0,0,0,0,0,0,0,0,0,0,,,,0.98,32.67,,,,,0,,2026-09-30 13:29:55
264850,이랜시스,"market    KOSDAQ
market       KSQ
Name: 1032, dtype: object",,1672.2625824,0,제외,0,0,0,0,0,0,0,0,0,0,0,0,0,0,0,,,,0.24,58.34,,,,,0,,2026-09-30 13:29:57
054210,이랜텍,"market    KOSDAQ
market       KSQ
Name: 1033, dtype: object",,1671.748981,0,제외,0,0,0,0,0,0,0,0,0,0,0,0,0,0,0,,,,0.99,45.69,,,,,0,,2026-09-30 13:29:58
245620,EDGC,"market    KOSDAQ
market       KSQ
Name: 1034, dtype: object",,1671.18555474,0,제외,0,0,0,0,0,0,0,0,0,0,0,0,0,0,0,,,,,,,,,,0,,2026-09-30 13:30:01
032620,GC메디아이,"market    KOSDAQ
market       KSQ
Name: 1035, dtype: object",,1667.69859105,0,제외,0,0,0,0,0,0,0,0,0,0,0,0,0,0,0,,,,1.52,72.89,,,,,0,,2026-09-30 13:30:01
067290,JW신약,"market    KOSDAQ
market       KSQ
Name: 1036, dtype: object",,1667.10381425,0,제외,0,0,0,0,0,0,0,0,0,0,0,0,0,0,0,,,,0.09,69.09,,,,,0,,2026-09-30 13:30:02
038390,레드캡투어,"market    KOSDAQ
market       KSQ
Name: 1037, dtype: object",,1662.0497068,0,제외,0,0,0,0,0,0,0,0,0,0,0,0,0,0,0,,,,0.6,74.57,,,,,0,,2026-09-30 13:30:02
039830,오로라,"market    KOSDAQ
market       KSQ
Name: 1038, dtype: object",,1660.713927,0,제외,0,0,0,0,0,0,0,0,0,0,0,0,0,0,0,,,,0.47,58.71,,,,,0,,2026-09-30 13:30:04
126700,하이비젼시스템,"market    KOSDAQ
market       KSQ
Name: 1040, dtype: object",,1651.103376,0,제외,0,0,0,0,0,0,0,0,0,0,0,0,0,0,0,,,,1.58,50.93,,,,,0,,2026-09-30 13:30:08
123410,코리아에프티,"market    KOSDAQ
market       KSQ
Name: 1041, dtype: object",,1650.9750952,0,제외,0,0,0,0,0,0,0,0,0,0,0,0,0,0,0,,,,0.62,62.51,,,,,0,,2026-09-30 13:30:08
264450,유비쿼스,"market    KOSDAQ
market       KSQ
Name: 1042, dtype: object",,1649.8679625,0,제외,0,0,0,0,0,0,0,0,0,0,0,0,0,0,0,,,,0.67,59.16,,,,,0,,2026-09-30 13:30:09
357550,석경에이티,"market    KOSDAQ
market       KSQ
Name: 1043, dtype: object",,1647.41,0,제외,0,0,0,0,0,0,0,0,0,0,0,0,0,0,0,,,,0.52,40.24,,,,,0,,2026-09-30 13:30:10
104480,티케이케미칼,"market    KOSDAQ
market       KSQ
Name: 1044, dtype: object",,1644.29840106,0,제외,0,0,0,0,0,0,0,0,0,0,0,0,0,0,0,,,,0.74,62.57,,,,,0,,2026-09-30 13:30:10
204610,티쓰리,"market    KOSDAQ
market       KSQ
Name: 1045, dtype: object",,1632.778246,0,제외,0,0,0,0,0,0,0,0,0,0,0,0,0,0,0,,,,0.42,77.73,,,,,0,,2026-09-30 13:30:12
950140,잉글우드랩,"market    KOSDAQ
market       KSQ
Name: 1046, dtype: object",,1627.1782254,0,제외,0,0,0,0,0,0,0,0,0,0,0,0,0,0,0,,,,0.33,48.61,,,,,0,,2026-09-30 13:30:15
149950,아바텍,"market    KOSDAQ
market       KSQ
Name: 1047, dtype: object",,1622.3563461,0,제외,0,0,0,0,0,0,0,0,0,0,0,0,0,0,0,,,,0.92,61.78,,,,,0,,2026-09-30 13:30:15
032940,원익,"market    KOSDAQ
market       KSQ
Name: 1048, dtype: object",,1621.0124271,0,제외,0,0,0,0,0,0,0,0,0,0,0,0,0,0,0,,,,0.05,50.06,,,,,0,,2026-09-30 13:30:15
088800,에이스테크,"market    KOSDAQ
market       KSQ
Name: 1051, dtype: object",,1615.8376876,0,제외,0,0,0,0,0,0,0,0,0,0,0,0,0,0,0,,,,0.26,27.12,,,,,0,,2026-09-30 13:30:18
101530,해태제과식품,"market    KOSPI
market      STK
Name: 1053, dtype: object",,1610.1602566,0,제외,0,0,0,0,0,0,0,0,0,0,0,0,0,0,0,,,,1.05,75.34,,,,,0,,2026-09-30 13:30:23
051370,인터플렉스,"market    KOSDAQ
market       KSQ
Name: 1052, dtype: object",,1614.2610624,0,제외,0,0,0,0,0,0,0,0,0,0,0,0,0,0,0,,,,0.64,47.38,,,,,0,,2026-09-30 13:30:22
372170,윤성에프앤씨,"market    KOSDAQ
market       KSQ
Name: 1055, dtype: object",,1603.788648,0,제외,0,0,0,0,0,0,0,0,0,0,0,0,0,0,0,,,,0.75,46.13,,,,,0,,2026-09-30 13:30:24
241590,화승엔터프라이즈,"market    KOSPI
market      STK
Name: 1054, dtype: object",,1605.615814,0,제외,0,0,0,0,0,0,0,0,0,0,0,0,0,0,0,,,,0.92,37.69,,,,,0,,2026-09-30 13:30:23
478340,나라스페이스테크놀로지,"market    KOSDAQ
market       KSQ
Name: 1056, dtype: object",,1603.3983115,0,제외,0,0,0,0,0,0,0,0,0,0,0,0,0,0,0,,,,0.4,21.11,,,,,0,,2026-09-30 13:30:26
488280,에스투더블유,"market    KOSDAQ
market       KSQ
Name: 1057, dtype: object",,1603.2544766,0,제외,0,0,0,0,0,0,0,0,0,0,0,0,0,0,0,,,,0.78,36.65,,,,,0,,2026-09-30 13:30:26
049630,재영솔루텍,"market    KOSDAQ
market       KSQ
Name: 1058, dtype: object",,1602.8485354,0,제외,0,0,0,0,0,0,0,0,0,0,0,0,0,0,0,,,,0.57,17.16,,,,,0,,2026-09-30 13:30:29
0039P0,매드업,"market    KOSDAQ
market       KSQ
Name: 1060, dtype: object",,1598.629,0,제외,0,0,0,0,0,0,0,0,0,0,0,0,0,0,0,,,,0.55,37.73,,,,,0,,2026-09-30 13:30:31
460850,동국씨엠,"market    KOSPI
market      STK
Name: 1061, dtype: object",,1596.5882304,0,제외,0,0,0,0,0,0,0,0,0,0,0,0,0,0,0,,,,0.27,68.42,,,,,0,,2026-09-30 13:30:31
475040,스트라드비젼,"market    KOSDAQ
market       KSQ
Name: 1063, dtype: object",,1587.846999,0,제외,0,0,0,0,0,0,0,0,0,0,0,0,0,0,0,,,,0.14,26.85,,,,,0,,2026-09-30 13:30:33
066410,버킷스튜디오,"market    KOSDAQ
market       KSQ
Name: 1062, dtype: object",,1596.37252154,0,제외,0,0,0,0,0,0,0,0,0,0,0,0,0,0,0,,,,,,,,,,0,,2026-09-30 13:30:33
123860,아나패스,"market    KOSDAQ
market       KSQ
Name: 1064, dtype: object",,1586.9550235,0,제외,0,0,0,0,0,0,0,0,0,0,0,0,0,0,0,,,,0.77,56.94,,,,,0,,2026-09-30 13:30:35
289080,SV인베스트먼트,"market    KOSDAQ
market       KSQ
Name: 1066, dtype: object",,1584.64243955,0,제외,0,0,0,0,0,0,0,0,0,0,0,0,0,0,0,,,,0.21,52.58,,,,,0,,2026-09-30 13:30:38
0082N0,카나프테라퓨틱스,"market    KOSDAQ
market       KSQ
Name: 1067, dtype: object",,1582.76902,0,제외,0,0,0,0,0,0,0,0,0,0,0,0,0,0,0,,,,1.3,17.16,,,,,0,,2026-09-30 13:30:38
072870,메가스터디,"market    KOSDAQ
market       KSQ
Name: 1068, dtype: object",,1581.9112593,0,제외,0,0,0,0,0,0,0,0,0,0,0,0,0,0,0,,,,0.47,97.52,,,,,0,,2026-09-30 13:30:39
118990,모트렉스,"market    KOSDAQ
market       KSQ
Name: 1069, dtype: object",,1580.2066924,0,제외,0,0,0,0,0,0,0,0,0,0,0,0,0,0,0,,,,0.23,55.66,,,,,0,,2026-09-30 13:30:41
388790,라이콤,"market    KOSDAQ
market       KSQ
Name: 1070, dtype: object",,1576.62924,0,제외,0,0,0,0,0,0,0,0,0,0,0,0,0,0,0,,,,0.46,55.63,,,,,0,,2026-09-30 13:30:42
090350,노루페인트,"market    KOSPI
market      STK
Name: 1071, dtype: object",,1572.0,0,제외,0,0,0,0,0,0,0,0,0,0,0,0,0,0,0,,,,1.14,74.83,,,,,0,,2026-09-30 13:30:45
000860,강남제비스코,"market    KOSPI
market      STK
Name: 1072, dtype: object",,1569.1,0,제외,0,0,0,0,0,0,0,0,0,0,0,0,0,0,0,,,,0.67,64.25,,,,,0,,2026-09-30 13:30:45
418550,제이오,"market    KOSDAQ
market       KSQ
Name: 1074, dtype: object",,1568.865977,0,제외,0,0,0,0,0,0,0,0,0,0,0,0,0,0,0,,,,1.67,31.38,,,,,0,,2026-09-30 13:30:47
024800,유성티엔에스,"market    KOSDAQ
market       KSQ
Name: 1075, dtype: object",,1567.528965,0,제외,0,0,0,0,0,0,0,0,0,0,0,0,0,0,0,,,,0.56,75.08,,,,,0,,2026-09-30 13:30:48
067280,멀티캠퍼스,"market    KOSDAQ
market       KSQ
Name: 1077, dtype: object",,1561.7062665,0,제외,0,0,0,0,0,0,0,0,0,0,0,0,0,0,0,,,,0.65,78.36,,,,,0,,2026-09-30 13:30:52
086890,이수앱지스,"market    KOSDAQ
market       KSQ
Name: 1078, dtype: object",,1561.682117,0,제외,0,0,0,0,0,0,0,0,0,0,0,0,0,0,0,,,,1.26,60.63,,,,,0,,2026-09-30 13:30:53
402030,코난테크놀로지,"market    KOSDAQ
market       KSQ
Name: 1079, dtype: object",,1559.6790048,0,제외,0,0,0,0,0,0,0,0,0,0,0,0,0,0,0,,,,0.81,42.02,,,,,0,,2026-09-30 13:30:54
092070,디엔에프,"market    KOSDAQ
market       KSQ
Name: 1080, dtype: object",,1555.2577152,0,제외,0,0,0,0,0,0,0,0,0,0,0,0,0,0,0,,,,1.91,51.92,,,,,0,,2026-09-30 13:30:55
080160,모두투어,"market    KOSDAQ
market       KSQ
Name: 1082, dtype: object",,1551.69,0,제외,0,0,0,0,0,0,0,0,0,0,0,0,0,0,0,,,,0.35,47.54,,,,,0,,2026-09-30 13:30:57
004380,삼익THK,"market    KOSPI
market      STK
Name: 1085, dtype: object",,1550.43,0,제외,0,0,0,0,0,0,0,0,0,0,0,0,0,0,0,,,,0.64,50.72,,,,,0,,2026-09-30 13:31:01
093640,케이알엠,"market    KOSDAQ
market       KSQ
Name: 1086, dtype: object",,1546.9390236,0,제외,0,0,0,0,0,0,0,0,0,0,0,0,0,0,0,,,,1.36,74.8,,,,,0,,2026-09-30 13:31:02
226590,엠디바이스,"market    KOSDAQ
market       KSQ
Name: 1087, dtype: object",,1544.2885744,0,제외,0,0,0,0,0,0,0,0,0,0,0,0,0,0,0,,,,0.6,37.87,,,,,0,,2026-09-30 13:31:03
432720,퀄리타스반도체,"market    KOSDAQ
market       KSQ
Name: 1089, dtype: object",,1539.351562,0,제외,0,0,0,0,0,0,0,0,0,0,0,0,0,0,0,,,,0.72,34.62,,,,,0,,2026-09-30 13:31:06
041020,폴라리스오피스,"market    KOSDAQ
market       KSQ
Name: 1092, dtype: object",,1537.71339335,0,제외,0,0,0,0,0,0,0,0,0,0,0,0,0,0,0,,,,0.76,50.41,,,,,0,,2026-09-30 13:31:09
400760,NH올원리츠,"market    KOSPI
market      STK
Name: 1091, dtype: object",,1538.0197,0,제외,0,0,0,0,0,0,0,0,0,0,0,0,0,0,0,,,,0.92,77.59,,,,,0,,2026-09-30 13:31:09
474650,링크솔루션,"market    KOSDAQ
market       KSQ
Name: 1093, dtype: object",,1536.126294,0,제외,0,0,0,0,0,0,0,0,0,0,0,0,0,0,0,,,,0.72,28.78,,,,,0,,2026-09-30 13:31:10
007570,일양약품,"market    KOSPI
market      STK
Name: 1094, dtype: object",,1530.6702528,0,제외,0,0,0,0,0,0,0,0,0,0,0,0,0,0,0,,,,0.74,49.08,,,,,0,,2026-09-30 13:31:12
00279K,아모레퍼시픽홀딩스3우C,"market    KOSPI
market      STK
Name: 1095, dtype: object",,1528.3691,0,제외,0,0,0,0,0,0,0,0,0,0,0,0,0,0,0,,,,0.4,76.42,,,,,0,,2026-09-30 13:31:12
054450,텔레칩스,"market    KOSDAQ
market       KSQ
Name: 1096, dtype: object",,1525.0242631,0,제외,0,0,0,0,0,0,0,0,0,0,0,0,0,0,0,,,,0.83,51.72,,,,,0,,2026-09-30 13:31:14
001780,알루코,"market    KOSPI
market      STK
Name: 1098, dtype: object",,1521.20137372,0,제외,0,0,0,0,0,0,0,0,0,0,0,0,0,0,0,,,,0.81,45.04,,,,,0,,2026-09-30 13:31:15
222040,코스맥스엔비티,"market    KOSDAQ
market       KSQ
Name: 1097, dtype: object",,1524.4092,0,제외,0,0,0,0,0,0,0,0,0,0,0,0,0,0,0,,,,0.32,65.98,,,,,0,,2026-09-30 13:31:15
387690,레메디,"market    KOSDAQ
market       KSQ
Name: 1100, dtype: object",,1516.0072508,0,제외,0,0,0,0,0,0,0,0,0,0,0,0,0,0,0,,,,0.28,58.15,,,,,0,,2026-09-30 13:31:18
001045,CJ우,"market    KOSPI
market      STK
Name: 1101, dtype: object",,1514.34941,0,제외,0,0,0,0,0,0,0,0,0,0,0,0,0,0,0,,,,0.21,59.91,,,,,0,,2026-09-30 13:31:19
007330,푸른저축은행,"market    KOSDAQ
market       KSQ
Name: 1102, dtype: object",,1514.31312,0,제외,0,0,0,0,0,0,0,0,0,0,0,0,0,0,0,,,,0.07,74.4,,,,,0,,2026-09-30 13:31:20
013890,지누스,"market    KOSPI
market      STK
Name: 1103, dtype: object",,1512.881097,0,제외,0,0,0,0,0,0,0,0,0,0,0,0,0,0,0,,,,0.7,39.61,,,,,0,,2026-09-30 13:31:22
006805,미래에셋증권우,"market    KOSPI
market      STK
Name: 1104, dtype: object",,1510.8991359,0,제외,0,0,0,0,0,0,0,0,0,0,0,0,0,0,0,,,,0.23,38.21,,,,,0,,2026-09-30 13:31:22
078070,유비쿼스홀딩스,"market    KOSDAQ
market       KSQ
Name: 1105, dtype: object",,1508.0017212,0,제외,0,0,0,0,0,0,0,0,0,0,0,0,0,0,0,,,,0.4,41.11,,,,,0,,2026-09-30 13:31:23
462520,조선내화,"market    KOSPI
market      STK
Name: 1106, dtype: object",,1504.4208192,0,제외,0,0,0,0,0,0,0,0,0,0,0,0,0,0,0,,,,0.39,67.29,,,,,0,,2026-09-30 13:31:24
042600,새로닉스,"market    KOSDAQ
market       KSQ
Name: 1107, dtype: object",,1503.252454,0,제외,0,0,0,0,0,0,0,0,0,0,0,0,0,0,0,,,,0.49,52.2,,,,,0,,2026-09-30 13:31:26
011785,금호석유화학우,"market    KOSPI
market      STK
Name: 1108, dtype: object",,1502.672542,0,제외,0,0,0,0,0,0,0,0,0,0,0,0,0,0,0,,,,0.79,67.3,,,,,0,,2026-09-30 13:31:27
300080,플리토,"market    KOSDAQ
market       KSQ
Name: 1111, dtype: object",,1494.4431704,0,제외,0,0,0,0,0,0,0,0,0,0,0,0,0,0,0,,,,0.36,44.5,,,,,0,,2026-09-30 13:31:30
413630,씨피시스템,"market    KOSDAQ
market       KSQ
Name: 1112, dtype: object",,1493.900805,0,제외,0,0,0,0,0,0,0,0,0,0,0,0,0,0,0,,,,0.12,66.07,,,,,0,,2026-09-30 13:31:31
134580,탑코미디어,"market    KOSDAQ
market       KSQ
Name: 1113, dtype: object",,1491.14800725,0,제외,0,0,0,0,0,0,0,0,0,0,0,0,0,0,0,,,,0.5,67.95,,,,,0,,2026-09-30 13:31:32
272550,삼양패키징,"market    KOSPI
market      STK
Name: 1114, dtype: object",,1488.7585128,0,제외,0,0,0,0,0,0,0,0,0,0,0,0,0,0,0,,,,0.99,56.1,,,,,0,,2026-09-30 13:31:33
179290,엠아이텍,"market    KOSDAQ
market       KSQ
Name: 1115, dtype: object",,1487.2029041,0,제외,0,0,0,0,0,0,0,0,0,0,0,0,0,0,0,,,,0.41,59.22,,,,,0,,2026-09-30 13:31:35
489500,엘케이켐,"market    KOSDAQ
market       KSQ
Name: 1117, dtype: object",,1482.767216,0,제외,0,0,0,0,0,0,0,0,0,0,0,0,0,0,0,,,,1.02,39.08,,,,,0,,2026-09-30 13:31:36
0007C0,아크릴,"market    KOSDAQ
market       KSQ
Name: 1118, dtype: object",,1474.3674864,0,제외,0,0,0,0,0,0,0,0,0,0,0,0,0,0,0,,,,0.2,23.77,,,,,0,,2026-09-30 13:31:37
205500,넥써쓰,"market    KOSDAQ
market       KSQ
Name: 1119, dtype: object",,1470.6876272,0,제외,0,0,0,0,0,0,0,0,0,0,0,0,0,0,0,,,,1.15,51.51,,,,,0,,2026-09-30 13:31:39
271980,제일약품,"market    KOSPI
market      STK
Name: 1120, dtype: object",,1470.4872,0,제외,0,0,0,0,0,0,0,0,0,0,0,0,0,0,0,,,,0.07,51.68,,,,,0,,2026-09-30 13:31:40
065660,안트로젠,"market    KOSDAQ
market       KSQ
Name: 1121, dtype: object",,1468.89548,0,제외,0,0,0,0,0,0,0,0,0,0,0,0,0,0,0,,,,0.89,23.77,,,,,0,,2026-09-30 13:31:42
004090,한국석유,"market    KOSPI
market      STK
Name: 1122, dtype: object",,1466.17086,0,제외,0,0,0,0,0,0,0,0,0,0,0,0,0,0,0,,,,0.09,34.34,,,,,0,,2026-09-30 13:31:42
293480,하나제약,"market    KOSPI
market      STK
Name: 1123, dtype: object",,1464.4907504,0,제외,0,0,0,0,0,0,0,0,0,0,0,0,0,0,0,,,,0.32,66.51,,,,,0,,2026-09-30 13:31:43
452190,한빛레이저,"market    KOSDAQ
market       KSQ
Name: 1124, dtype: object",,1459.153977,0,제외,0,0,0,0,0,0,0,0,0,0,0,0,0,0,0,,,,0.89,58.17,,,,,0,,2026-09-30 13:31:45
046440,KG파이낸셜,"market    KOSDAQ
market       KSQ
Name: 1125, dtype: object",,1457.2655172,0,제외,0,0,0,0,0,0,0,0,0,0,0,0,0,0,0,,,,0.9,63.17,,,,,0,,2026-09-30 13:31:46
004150,한솔홀딩스,"market    KOSPI
market      STK
Name: 1127, dtype: object",,1456.44501,0,제외,0,0,0,0,0,0,0,0,0,0,0,0,0,0,0,,,,0.69,76.25,,,,,0,,2026-09-30 13:31:49
097955,CJ제일제당 우,"market    KOSPI
market      STK
Name: 1128, dtype: object",,1456.194001,0,제외,0,0,0,0,0,0,0,0,0,0,0,0,0,0,0,,,,0.58,76.15,,,,,0,,2026-09-30 13:31:49
396300,HT로보틱스,"market    KOSDAQ
market       KSQ
Name: 1133, dtype: object",,1433.08195,0,제외,0,0,0,0,0,0,0,0,0,0,0,0,0,0,0,,,,0.66,73.84,,,,,0,,2026-09-30 13:31:57
003830,대한화섬,"market    KOSPI
market      STK
Name: 1134, dtype: object",,1431.584,0,제외,0,0,0,0,0,0,0,0,0,0,0,0,0,0,0,,,,0.85,72.72,,,,,0,,2026-09-30 13:31:58
048870,시너지이노베이션,"market    KOSDAQ
market       KSQ
Name: 1135, dtype: object",,1426.45173097,0,제외,0,0,0,0,0,0,0,0,0,0,0,0,0,0,0,,,,1.11,55.79,,,,,0,,2026-09-30 13:31:59
322310,오로스테크놀로지,"market    KOSDAQ
market       KSQ
Name: 1137, dtype: object",,1422.7777298,0,제외,0,0,0,0,0,0,0,0,0,0,0,0,0,0,0,,,,1.39,29.21,,,,,0,,2026-09-30 13:32:02
069510,에스텍,"market    KOSDAQ
market       KSQ
Name: 1138, dtype: object",,1422.664,0,제외,0,0,0,0,0,0,0,0,0,0,0,0,0,0,0,,,,0.92,78.04,,,,,0,,2026-09-30 13:32:03
115310,인포바인,"market    KOSDAQ
market       KSQ
Name: 1139, dtype: object",,1420.8623942,0,제외,0,0,0,0,0,0,0,0,0,0,0,0,0,0,0,,,,0.48,47.37,,,,,0,,2026-09-30 13:32:03
071840,롯데하이마트,"market    KOSPI
market      STK
Name: 1140, dtype: object",,1418.8234912,0,제외,0,0,0,0,0,0,0,0,0,0,0,0,0,0,0,,,,0.66,59.39,,,,,0,,2026-09-30 13:32:05
016880,웅진,"market    KOSPI
market      STK
Name: 1141, dtype: object",,1417.9063992,0,제외,0,0,0,0,0,0,0,0,0,0,0,0,0,0,0,,,,1.13,34.19,,,,,0,,2026-09-30 13:32:06
148150,세경하이테크,"market    KOSDAQ
market       KSQ
Name: 1143, dtype: object",,1414.6041564,0,제외,0,0,0,0,0,0,0,0,0,0,0,0,0,0,0,,,,0.92,62.68,,,,,0,,2026-09-30 13:32:09
000020,동화약품,"market    KOSPI
market      STK
Name: 1145, dtype: object",,1413.332382,0,제외,0,0,0,0,0,0,0,0,0,0,0,0,0,0,0,,,,0.49,66.67,,,,,0,,2026-09-30 13:32:11
101970,우양에이치씨,"market    KOSDAQ
market       KSQ
Name: 1144, dtype: object",,1413.9248604,0,제외,0,0,0,0,0,0,0,0,0,0,0,0,0,0,0,,,,0.27,46.37,,,,,0,,2026-09-30 13:32:11
147830,제룡산업,"market    KOSDAQ
market       KSQ
Name: 1149, dtype: object",,1410.0,0,제외,0,0,0,0,0,0,0,0,0,0,0,0,0,0,0,,,,1.09,45.49,,,,,0,,2026-09-30 13:32:16
140610,엔솔바이오사이언스,"market    KONEX
market      KNX
Name: 1150, dtype: object",,1408.887396,0,제외,0,0,0,0,0,0,0,0,0,0,0,0,0,0,0,,,,1.16,54.75,,,,,0,,2026-09-30 13:32:18
025820,이구산업,"market    KOSPI
market      STK
Name: 1152, dtype: object",,1389.5151,0,제외,0,0,0,0,0,0,0,0,0,0,0,0,0,0,0,,,,0.45,58.23,,,,,0,,2026-09-30 13:32:21
001080,만호제강,"market    KOSPI
market      STK
Name: 1154, dtype: object",,1383.529424,0,제외,0,0,0,0,0,0,0,0,0,0,0,0,0,0,0,,,,1.61,64.82,,,,,0,,2026-09-30 13:32:23
003480,한진중공업홀딩스,"market    KOSPI
market      STK
Name: 1155, dtype: object",,1381.9952016,0,제외,0,0,0,0,0,0,0,0,0,0,0,0,0,0,0,,,,1.71,70.75,,,,,0,,2026-09-30 13:32:23
232680,라온로보틱스,"market    KOSDAQ
market       KSQ
Name: 1156, dtype: object",,1380.10575,0,제외,0,0,0,0,0,0,0,0,0,0,0,0,0,0,0,,,,1.08,43.59,,,,,0,,2026-09-30 13:32:25
114840,아이패밀리에스씨,"market    KOSDAQ
market       KSQ
Name: 1159, dtype: object",,1371.209847,0,제외,0,0,0,0,0,0,0,0,0,0,0,0,0,0,0,,,,0.27,34.47,,,,,0,,2026-09-30 13:32:28
008350,남선알미늄,"market    KOSPI
market      STK
Name: 1160, dtype: object",,1365.6567722,0,제외,0,0,0,0,0,0,0,0,0,0,0,0,0,0,0,,,,0.34,30.65,,,,,0,,2026-09-30 13:32:29
138360,앤로보틱스,"market    KOSDAQ
market       KSQ
Name: 1161, dtype: object",,1365.35545568,0,제외,0,0,0,0,0,0,0,0,0,0,0,0,0,0,0,,,,1.23,31.41,,,,,0,,2026-09-30 13:32:30
469610,이노테크,"market    KOSDAQ
market       KSQ
Name: 1162, dtype: object",,1364.68654,0,제외,0,0,0,0,0,0,0,0,0,0,0,0,0,0,0,,,,0.43,18.04,,,,,0,,2026-09-30 13:32:31
212560,네오오토,"market    KOSDAQ
market       KSQ
Name: 1163, dtype: object",,1363.4697828,0,제외,0,0,0,0,0,0,0,0,0,0,0,0,0,0,0,,,,0.12,62.86,,,,,0,,2026-09-30 13:32:32
146320,비씨엔씨,"market    KOSDAQ
market       KSQ
Name: 1164, dtype: object",,1362.9787995,0,제외,0,0,0,0,0,0,0,0,0,0,0,0,0,0,0,,,,1.31,56.54,,,,,0,,2026-09-30 13:32:34
003100,선광,"market    KOSDAQ
market       KSQ
Name: 1166, dtype: object",,1353.0,0,제외,0,0,0,0,0,0,0,0,0,0,0,0,0,0,0,,,,0.22,67.32,,,,,0,,2026-09-30 13:32:36
012610,경인양행,"market    KOSPI
market      STK
Name: 1167, dtype: object",,1348.370226,0,제외,0,0,0,0,0,0,0,0,0,0,0,0,0,0,0,,,,1.31,50.7,,,,,0,,2026-09-30 13:32:36
059120,아진엑스텍,"market    KOSDAQ
market       KSQ
Name: 1169, dtype: object",,1345.789851,0,제외,0,0,0,0,0,0,0,0,0,0,0,0,0,0,0,,,,0.24,50.76,,,,,0,,2026-09-30 13:32:38
0015N0,아로마티카,"market    KOSDAQ
market       KSQ
Name: 1170, dtype: object",,1345.730654,0,제외,0,0,0,0,0,0,0,0,0,0,0,0,0,0,0,,,,0.29,33.94,,,,,0,,2026-09-30 13:32:40
321550,티움바이오,"market    KOSDAQ
market       KSQ
Name: 1171, dtype: object",,1345.72368,0,제외,0,0,0,0,0,0,0,0,0,0,0,0,0,0,0,,,,0.21,32.81,,,,,0,,2026-09-30 13:32:41
211270,AP위성,"market    KOSDAQ
market       KSQ
Name: 1172, dtype: object",,1343.8332864,0,제외,0,0,0,0,0,0,0,0,0,0,0,0,0,0,0,,,,0.92,40.36,,,,,0,,2026-09-30 13:32:42
451760,컨텍,"market    KOSDAQ
market       KSQ
Name: 1173, dtype: object",,1343.7328036,0,제외,0,0,0,0,0,0,0,0,0,0,0,0,0,0,0,,,,0.57,30.82,,,,,0,,2026-09-30 13:32:43
265740,엔에프씨,"market    KOSDAQ
market       KSQ
Name: 1175, dtype: object",,1339.77,0,제외,0,0,0,0,0,0,0,0,0,0,0,0,0,0,0,,,,0.32,75.74,,,,,0,,2026-09-30 13:32:45
060150,인선이엔티,"market    KOSDAQ
market       KSQ
Name: 1174, dtype: object",,1341.8483734,0,제외,0,0,0,0,0,0,0,0,0,0,0,0,0,0,0,,,,0.42,61.03,,,,,0,,2026-09-30 13:32:45
142210,유니트론텍,"market    KOSDAQ
market       KSQ
Name: 1177, dtype: object",,1328.089792,0,제외,0,0,0,0,0,0,0,0,0,0,0,0,0,0,0,,,,1.24,70.31,,,,,0,,2026-09-30 13:32:47
037070,파세코,"market    KOSDAQ
market       KSQ
Name: 1176, dtype: object",,1334.0,0,제외,0,0,0,0,0,0,0,0,0,0,0,0,0,0,0,,,,0.49,66.53,,,,,0,,2026-09-30 13:32:47
073010,케이에스피,"market    KOSDAQ
market       KSQ
Name: 1178, dtype: object",,1326.31125,0,제외,0,0,0,0,0,0,0,0,0,0,0,0,0,0,0,,,,0.22,46.7,,,,,0,,2026-09-30 13:32:49
038290,마크로젠,"market    KOSDAQ
market       KSQ
Name: 1179, dtype: object",,1324.81908,0,제외,0,0,0,0,0,0,0,0,0,0,0,0,0,0,0,,,,0.75,59.04,,,,,0,,2026-09-30 13:32:49
417500,제이아이테크,"market    KOSDAQ
market       KSQ
Name: 1180, dtype: object",,1324.5036576,0,제외,0,0,0,0,0,0,0,0,0,0,0,0,0,0,0,,,,1.51,65.42,,,,,0,,2026-09-30 13:32:52
0088M0,메쥬,"market    KOSDAQ
market       KSQ
Name: 1181, dtype: object",,1324.1545,0,제외,0,0,0,0,0,0,0,0,0,0,0,0,0,0,0,,,,1.04,18.3,,,,,0,,2026-09-30 13:32:53
156100,엘앤케이바이오,"market    KOSDAQ
market       KSQ
Name: 1183, dtype: object",,1320.9531423,0,제외,0,0,0,0,0,0,0,0,0,0,0,0,0,0,0,,,,0.49,36.46,,,,,0,,2026-09-30 13:32:56
136540,윈스테크넷,"market    KOSDAQ
market       KSQ
Name: 1182, dtype: object",,1322.5286442,0,제외,0,0,0,0,0,0,0,0,0,0,0,0,0,0,0,,,,0.56,73.87,,,,,0,,2026-09-30 13:32:54
081000,일진다이아,"market    KOSPI
market      STK
Name: 1184, dtype: object",,1320.876675,0,제외,0,0,0,0,0,0,0,0,0,0,0,0,0,0,0,,,,0.57,53.81,,,,,0,,2026-09-30 13:32:57
126640,화신정공,"market    KOSDAQ
market       KSQ
Name: 1185, dtype: object",,1318.102216,0,제외,0,0,0,0,0,0,0,0,0,0,0,0,0,0,0,,,,0.42,48.54,,,,,0,,2026-09-30 13:32:58
054920,한컴위드,"market    KOSDAQ
market       KSQ
Name: 1187, dtype: object",,1314.9159746,0,제외,0,0,0,0,0,0,0,0,0,0,0,0,0,0,0,,,,0.3,52.0,,,,,0,,2026-09-30 13:33:00
047770,코데즈컴바인,"market    KOSDAQ
market       KSQ
Name: 1186, dtype: object",,1316.9225496,0,제외,0,0,0,0,0,0,0,0,0,0,0,0,0,0,0,,,,0.41,57.89,,,,,0,,2026-09-30 13:32:59
140670,알에스오토메이션,"market    KOSDAQ
market       KSQ
Name: 1188, dtype: object",,1314.799616,0,제외,0,0,0,0,0,0,0,0,0,0,0,0,0,0,0,,,,0.39,35.69,,,,,0,,2026-09-30 13:33:04
418420,라온텍,"market    KOSDAQ
market       KSQ
Name: 1190, dtype: object",,1310.9961708,0,제외,0,0,0,0,0,0,0,0,0,0,0,0,0,0,0,,,,0.41,33.84,,,,,0,,2026-09-30 13:33:06
018470,조일알미늄,"market    KOSPI
market      STK
Name: 1189, dtype: object",,1311.9046192,0,제외,0,0,0,0,0,0,0,0,0,0,0,0,0,0,0,,,,0.47,46.71,,,,,0,,2026-09-30 13:33:05
105330,케이엔더블유,"market    KOSDAQ
market       KSQ
Name: 1192, dtype: object",,1305.59088,0,제외,0,0,0,0,0,0,0,0,0,0,0,0,0,0,0,,,,1.29,71.23,,,,,0,,2026-09-30 13:33:08
001540,안국약품,"market    KOSDAQ
market       KSQ
Name: 1194, dtype: object",,1302.937758,0,제외,0,0,0,0,0,0,0,0,0,0,0,0,0,0,0,,,,0.49,73.48,,,,,0,,2026-09-30 13:33:11
240550,동방메디컬,"market    KOSDAQ
market       KSQ
Name: 1197, dtype: object",,1291.624098,0,제외,0,0,0,0,0,0,0,0,0,0,0,0,0,0,0,,,,0.3,54.02,,,,,0,,2026-09-30 13:33:14
158430,아톤,"market    KOSDAQ
market       KSQ
Name: 1196, dtype: object",,1302.4472944,0,제외,0,0,0,0,0,0,0,0,0,0,0,0,0,0,0,,,,0.15,46.88,,,,,0,,2026-09-30 13:33:14
049720,고려신용정보,"market    KOSDAQ
market       KSQ
Name: 1195, dtype: object",,1302.73,0,제외,0,0,0,0,0,0,0,0,0,0,0,0,0,0,0,,,,0.67,76.72,,,,,0,,2026-09-30 13:33:14
035080,그래디언트,"market    KOSDAQ
market       KSQ
Name: 1199, dtype: object",,1282.7900092,0,제외,0,0,0,0,0,0,0,0,0,0,0,0,0,0,0,,,,0.7,75.29,,,,,0,,2026-09-30 13:33:17
285490,노바텍,"market    KOSDAQ
market       KSQ
Name: 1200, dtype: object",,1281.7907172,0,제외,0,0,0,0,0,0,0,0,0,0,0,0,0,0,0,,,,0.89,38.12,,,,,0,,2026-09-30 13:33:18
214390,경보제약,"market    KOSPI
market      STK
Name: 1202, dtype: object",,1276.626324,0,제외,0,0,0,0,0,0,0,0,0,0,0,0,0,0,0,,,,0.5,58.6,,,,,0,,2026-09-30 13:33:21
322510,제이엘케이,"market    KOSDAQ
market       KSQ
Name: 1201, dtype: object",,1278.5768324,0,제외,0,0,0,0,0,0,0,0,0,0,0,0,0,0,0,,,,0.42,54.23,,,,,0,,2026-09-30 13:33:20
457550,우진엔텍,"market    KOSDAQ
market       KSQ
Name: 1203, dtype: object",,1273.9015586,0,제외,0,0,0,0,0,0,0,0,0,0,0,0,0,0,0,,,,0.33,39.31,,,,,0,,2026-09-30 13:33:21
297090,씨에스베어링,"market    KOSDAQ
market       KSQ
Name: 1204, dtype: object",,1273.509,0,제외,0,0,0,0,0,0,0,0,0,0,0,0,0,0,0,,,,0.68,48.65,,,,,0,,2026-09-30 13:33:23
115500,케이씨에스,"market    KOSDAQ
market       KSQ
Name: 1205, dtype: object",,1273.2,0,제외,0,0,0,0,0,0,0,0,0,0,0,0,0,0,0,,,,0.44,38.8,,,,,0,,2026-09-30 13:33:24
039840,디오,"market    KOSDAQ
market       KSQ
Name: 1207, dtype: object",,1267.795746,0,제외,0,0,0,0,0,0,0,0,0,0,0,0,0,0,0,,,,0.45,48.97,,,,,0,,2026-09-30 13:33:27
079960,동양이엔피,"market    KOSDAQ
market       KSQ
Name: 1209, dtype: object",,1264.1475492,0,제외,0,0,0,0,0,0,0,0,0,0,0,0,0,0,0,,,,0.74,44.07,,,,,0,,2026-09-30 13:33:28
115440,우리넷,"market    KOSDAQ
market       KSQ
Name: 1208, dtype: object",,1266.1704516,0,제외,0,0,0,0,0,0,0,0,0,0,0,0,0,0,0,,,,1.63,54.29,,,,,0,,2026-09-30 13:33:27
950190,고스트스튜디오,"market    KOSDAQ
market       KSQ
Name: 1211, dtype: object",,1263.9564289,0,제외,0,0,0,0,0,0,0,0,0,0,0,0,0,0,0,,,,0.21,77.69,,,,,0,,2026-09-30 13:33:31
402490,그린리소스,"market    KOSDAQ
market       KSQ
Name: 1212, dtype: object",,1263.3671882,0,제외,0,0,0,0,0,0,0,0,0,0,0,0,0,0,0,,,,0.83,30.06,,,,,0,,2026-09-30 13:33:32
036690,코맥스,"market    KOSDAQ
market       KSQ
Name: 1213, dtype: object",,1256.92107675,0,제외,0,0,0,0,0,0,0,0,0,0,0,0,0,0,0,,,,,,,,,,0,,2026-09-30 13:33:33
408920,메쎄이상,"market    KOSDAQ
market       KSQ
Name: 1215, dtype: object",,1249.4179495,0,제외,0,0,0,0,0,0,0,0,0,0,0,0,0,0,0,,,,0.71,66.02,,,,,0,,2026-09-30 13:33:34
282880,코윈로보틱스,"market    KOSDAQ
market       KSQ
Name: 1216, dtype: object",,1247.7585494,0,제외,0,0,0,0,0,0,0,0,0,0,0,0,0,0,0,,,,0.25,50.97,,,,,0,,2026-09-30 13:33:36
003010,혜인,"market    KOSPI
market      STK
Name: 1217, dtype: object",,1245.849206,0,제외,0,0,0,0,0,0,0,0,0,0,0,0,0,0,0,,,,1.04,73.74,,,,,0,,2026-09-30 13:33:37
092220,KEC,"market    KOSPI
market      STK
Name: 1218, dtype: object",,1244.731468,0,제외,0,0,0,0,0,0,0,0,0,0,0,0,0,0,0,,,,0.65,29.67,,,,,0,,2026-09-30 13:33:38
361390,제노코,"market    KOSDAQ
market       KSQ
Name: 1219, dtype: object",,1244.3094918,0,제외,0,0,0,0,0,0,0,0,0,0,0,0,0,0,0,,,,0.38,34.69,,,,,0,,2026-09-30 13:33:40
013520,화승코퍼레이션,"market    KOSPI
market      STK
Name: 1220, dtype: object",,1243.7736122,0,제외,0,0,0,0,0,0,0,0,0,0,0,0,0,0,0,,,,1.42,62.62,,,,,0,,2026-09-30 13:33:41
009270,신원,"market    KOSPI
market      STK
Name: 1221, dtype: object",,1242.96335619,0,제외,0,0,0,0,0,0,0,0,0,0,0,0,0,0,0,,,,0.16,57.3,,,,,0,,2026-09-30 13:33:41
078000,텔코웨어,"market    KOSPI
market      STK
Name: 1222, dtype: object",,1240.9423411,0,제외,0,0,0,0,0,0,0,0,0,0,0,0,0,0,0,,,,0.71,49.0,,,,,0,,2026-09-30 13:33:42
042510,라온시큐어,"market    KOSDAQ
market       KSQ
Name: 1223, dtype: object",,1240.5209876,0,제외,0,0,0,0,0,0,0,0,0,0,0,0,0,0,0,,,,0.24,65.62,,,,,0,,2026-09-30 13:33:44
011690,와이투솔루션,"market    KOSPI
market      STK
Name: 1224, dtype: object",,1240.4181556,0,제외,0,0,0,0,0,0,0,0,0,0,0,0,0,0,0,,,,1.1,34.29,,,,,0,,2026-09-30 13:33:44
095700,제넥신,"market    KOSDAQ
market       KSQ
Name: 1225, dtype: object",,1238.7014368,0,제외,0,0,0,0,0,0,0,0,0,0,0,0,0,0,0,,,,0.15,36.45,,,,,0,,2026-09-30 13:33:47
338840,와이바이오로직스,"market    KOSDAQ
market       KSQ
Name: 1227, dtype: object",,1236.9301989,0,제외,0,0,0,0,0,0,0,0,0,0,0,0,0,0,0,,,,0.59,21.26,,,,,0,,2026-09-30 13:33:48
004960,한신공영,"market    KOSPI
market      STK
Name: 1226, dtype: object",,1238.065114,0,제외,0,0,0,0,0,0,0,0,0,0,0,0,0,0,0,,,,1.05,55.46,,,,,0,,2026-09-30 13:33:47
256940,킵스파마,"market    KOSDAQ
market       KSQ
Name: 1229, dtype: object",,1234.8060405,0,제외,0,0,0,0,0,0,0,0,0,0,0,0,0,0,0,,,,1.06,47.28,,,,,0,,2026-09-30 13:33:50
080420,모다이노칩,"market    KOSDAQ
market       KSQ
Name: 1228, dtype: object",,1235.685141,0,제외,0,0,0,0,0,0,0,0,0,0,0,0,0,0,0,,,,0.82,68.95,,,,,0,,2026-09-30 13:33:50
417010,나노팀,"market    KOSDAQ
market       KSQ
Name: 1230, dtype: object",,1234.5709536,0,제외,0,0,0,0,0,0,0,0,0,0,0,0,0,0,0,,,,0.14,38.17,,,,,0,,2026-09-30 13:33:51
027710,팜스토리,"market    KOSDAQ
market       KSQ
Name: 1231, dtype: object",,1231.15343,0,제외,0,0,0,0,0,0,0,0,0,0,0,0,0,0,0,,,,0.32,67.39,,,,,0,,2026-09-30 13:33:54
002210,동성제약,"market    KOSPI
market      STK
Name: 1232, dtype: object",,1230.93251918,0,제외,0,0,0,0,0,0,0,0,0,0,0,0,0,0,0,,,,0.51,50.53,,,,,0,,2026-09-30 13:33:55
210540,디와이파워,"market    KOSPI
market      STK
Name: 1233, dtype: object",,1228.9421004,0,제외,0,0,0,0,0,0,0,0,0,0,0,0,0,0,0,,,,0.54,67.97,,,,,0,,2026-09-30 13:33:56
351320,넥사다이내믹스,"market    KOSDAQ
market       KSQ
Name: 1236, dtype: object",,1224.797909,0,제외,0,0,0,0,0,0,0,0,0,0,0,0,0,0,0,,,,0.19,69.42,,,,,0,,2026-09-30 13:33:59
307750,국전,"market    KOSDAQ
market       KSQ
Name: 1235, dtype: object",,1225.4887376,0,제외,0,0,0,0,0,0,0,0,0,0,0,0,0,0,0,,,,0.22,37.75,,,,,0,,2026-09-30 13:33:59
021320,KCC건설,"market    KOSDAQ
market       KSQ
Name: 1238, dtype: object",,1221.94,0,제외,0,0,0,0,0,0,0,0,0,0,0,0,0,0,0,,,,0.17,74.62,,,,,0,,2026-09-30 13:34:04
001360,삼성제약,"market    KOSPI
market      STK
Name: 1240, dtype: object",,1221.28216463,0,제외,0,0,0,0,0,0,0,0,0,0,0,0,0,0,0,,,,0.72,56.21,,,,,0,,2026-09-30 13:34:05
108230,톱텍,"market    KOSDAQ
market       KSQ
Name: 1241, dtype: object",,1220.5461645,0,제외,0,0,0,0,0,0,0,0,0,0,0,0,0,0,0,,,,0.22,60.93,,,,,0,,2026-09-30 13:34:06
474170,루미르,"market    KOSDAQ
market       KSQ
Name: 1242, dtype: object",,1220.512176,0,제외,0,0,0,0,0,0,0,0,0,0,0,0,0,0,0,,,,0.66,30.64,,,,,0,,2026-09-30 13:34:07
006060,화승인더,"market    KOSPI
market      STK
Name: 1243, dtype: object",,1219.806,0,제외,0,0,0,0,0,0,0,0,0,0,0,0,0,0,0,,,,0.77,50.8,,,,,0,,2026-09-30 13:34:08
005800,신영와코루,"market    KOSPI
market      STK
Name: 1245, dtype: object",,1215.0,0,제외,0,0,0,0,0,0,0,0,0,0,0,0,0,0,0,,,,0.37,61.07,,,,,0,,2026-09-30 13:34:12
293580,나우IB,"market    KOSDAQ
market       KSQ
Name: 1247, dtype: object",,1204.6610655,0,제외,0,0,0,0,0,0,0,0,0,0,0,0,0,0,0,,,,0.27,37.85,,,,,0,,2026-09-30 13:34:13
321370,센서뷰,"market    KOSDAQ
market       KSQ
Name: 1246, dtype: object",,1206.22804708,0,제외,0,0,0,0,0,0,0,0,0,0,0,0,0,0,0,,,,0.21,35.16,,,,,0,,2026-09-30 13:34:13
009070,KCTC,"market    KOSPI
market      STK
Name: 1249, dtype: object",,1203.0,0,제외,0,0,0,0,0,0,0,0,0,0,0,0,0,0,0,,,,0.48,47.85,,,,,0,,2026-09-30 13:34:15
015590,DKME,"market    KOSPI
market      STK
Name: 1244, dtype: object",,1217.4358224,0,제외,0,0,0,0,0,0,0,0,0,0,0,0,0,0,0,,,,0.48,52.93,,,,,0,,2026-09-30 13:34:11
001520,동양,"market    KOSPI
market      STK
Name: 1250, dtype: object",,1202.98041936,0,제외,0,0,0,0,0,0,0,0,0,0,0,0,0,0,0,,,,0.27,42.86,,,,,0,,2026-09-30 13:34:20
217950,파마리서치바이오,"market    KONEX
market      KNX
Name: 1251, dtype: object",,1200.58988,0,제외,0,0,0,0,0,0,0,0,0,0,0,0,0,0,0,,,,0.41,76.64,,,,,0,,2026-09-30 13:34:20
214420,토니모리,"market    KOSPI
market      STK
Name: 1252, dtype: object",,1199.13173015,0,제외,0,0,0,0,0,0,0,0,0,0,0,0,0,0,0,,,,0.52,44.2,,,,,0,,2026-09-30 13:34:20
037560,LG헬로비전,"market    KOSPI
market      STK
Name: 1253, dtype: object",,1198.8774702,0,제외,0,0,0,0,0,0,0,0,0,0,0,0,0,0,0,,,,0.8,41.72,,,,,0,,2026-09-30 13:34:22
089470,HDC현대EP,"market    KOSPI
market      STK
Name: 1255, dtype: object",,1196.25,0,제외,0,0,0,0,0,0,0,0,0,0,0,0,0,0,0,,,,1.75,56.74,,,,,0,,2026-09-30 13:34:22
008830,대동기어,"market    KOSDAQ
market       KSQ
Name: 1254, dtype: object",,1198.86975,0,제외,0,0,0,0,0,0,0,0,0,0,0,0,0,0,0,,,,0.5,33.13,,,,,0,,2026-09-30 13:34:22
095190,신화프리텍,"market    KOSDAQ
market       KSQ
Name: 1256, dtype: object",,1192.96124536,0,제외,0,0,0,0,0,0,0,0,0,0,0,0,0,0,0,,,,0.31,62.87,,,,,0,,2026-09-30 13:34:26
001210,금호전기,"market    KOSPI
market      STK
Name: 1258, dtype: object",,1186.900306,0,제외,0,0,0,0,0,0,0,0,0,0,0,0,0,0,0,,,,0.15,65.02,,,,,0,,2026-09-30 13:34:27
002620,제일파마홀딩스,"market    KOSPI
market      STK
Name: 1259, dtype: object",,1183.6256055,0,제외,0,0,0,0,0,0,0,0,0,0,0,0,0,0,0,,,,0.54,75.03,,,,,0,,2026-09-30 13:34:28
308080,바이젠셀,"market    KOSDAQ
market       KSQ
Name: 1261, dtype: object",,1180.757376,0,제외,0,0,0,0,0,0,0,0,0,0,0,0,0,0,0,,,,0.31,33.24,,,,,0,,2026-09-30 13:34:29
037350,성도이엔지,"market    KOSDAQ
market       KSQ
Name: 1262, dtype: object",,1175.733,0,제외,0,0,0,0,0,0,0,0,0,0,0,0,0,0,0,,,,0.48,53.49,,,,,0,,2026-09-30 13:34:33
166480,코아스템켐온,"market    KOSDAQ
market       KSQ
Name: 1264, dtype: object",,1168.4353096,0,제외,0,0,0,0,0,0,0,0,0,0,0,0,0,0,0,,,,0.94,36.39,,,,,0,,2026-09-30 13:34:33
041440,현대에버다임,"market    KOSDAQ
market       KSQ
Name: 1263, dtype: object",,1168.632136,0,제외,0,0,0,0,0,0,0,0,0,0,0,0,0,0,0,,,,0.32,57.51,,,,,0,,2026-09-30 13:34:33
017510,세명전기,"market    KOSDAQ
market       KSQ
Name: 1265, dtype: object",,1167.8436,0,제외,0,0,0,0,0,0,0,0,0,0,0,0,0,0,0,,,,0.51,42.29,,,,,0,,2026-09-30 13:34:35
297890,HB솔루션,"market    KOSDAQ
market       KSQ
Name: 1267, dtype: object",,1164.40335088,0,제외,0,0,0,0,0,0,0,0,0,0,0,0,0,0,0,,,,1.26,51.5,,,,,0,,2026-09-30 13:34:35
014530,극동유화,"market    KOSPI
market      STK
Name: 1268, dtype: object",,1162.895157,0,제외,0,0,0,0,0,0,0,0,0,0,0,0,0,0,0,,,,0.07,51.78,,,,,0,,2026-09-30 13:34:39
002390,한독,"market    KOSPI
market      STK
Name: 1270, dtype: object",,1160.2658319,0,제외,0,0,0,0,0,0,0,0,0,0,0,0,0,0,0,,,,0.38,72.51,,,,,0,,2026-09-30 13:34:40
041590,플래스크,"market    KOSDAQ
market       KSQ
Name: 1269, dtype: object",,1160.6401446,0,제외,0,0,0,0,0,0,0,0,0,0,0,0,0,0,0,,,,,,,,,,0,,2026-09-30 13:34:40
238540,나노솔루션,"market    KONEX
market      KNX
Name: 1271, dtype: object",,1160.11032,0,제외,0,0,0,0,0,0,0,0,0,0,0,0,0,0,0,,,,,,,,,,0,,2026-09-30 13:34:41
333430,일승,"market    KOSDAQ
market       KSQ
Name: 1272, dtype: object",,1159.93469925,0,제외,0,0,0,0,0,0,0,0,0,0,0,0,0,0,0,,,,0.78,40.32,,,,,0,,2026-09-30 13:34:42
079650,서산,"market    KOSDAQ
market       KSQ
Name: 1274, dtype: object",,1152.0,0,제외,0,0,0,0,0,0,0,0,0,0,0,0,0,0,0,,,,0.16,56.31,,,,,0,,2026-09-30 13:34:46
053080,케이엔솔,"market    KOSDAQ
market       KSQ
Name: 1276, dtype: object",,1151.7829002,0,제외,0,0,0,0,0,0,0,0,0,0,0,0,0,0,0,,,,1.44,48.45,,,,,0,,2026-09-30 13:34:46
083500,에프엔에스테크,"market    KOSDAQ
market       KSQ
Name: 1277, dtype: object",,1150.4332145,0,제외,0,0,0,0,0,0,0,0,0,0,0,0,0,0,0,,,,1.36,56.98,,,,,0,,2026-09-30 13:34:48
331920,셀레믹스,"market    KOSDAQ
market       KSQ
Name: 1279, dtype: object",,1149.463854,0,제외,0,0,0,0,0,0,0,0,0,0,0,0,0,0,0,,,,0.39,52.32,,,,,0,,2026-09-30 13:34:48
290740,액트로,"market    KOSDAQ
market       KSQ
Name: 1280, dtype: object",,1149.4242562,0,제외,0,0,0,0,0,0,0,0,0,0,0,0,0,0,0,,,,0.31,36.24,,,,,0,,2026-09-30 13:34:52
016740,두올,"market    KOSPI
market      STK
Name: 1281, dtype: object",,1145.5272588,0,제외,0,0,0,0,0,0,0,0,0,0,0,0,0,0,0,,,,0.32,73.34,,,,,0,,2026-09-30 13:34:53
017550,수산세보틱스,"market    KOSPI
market      STK
Name: 1282, dtype: object",,1145.0240355,0,제외,0,0,0,0,0,0,0,0,0,0,0,0,0,0,0,,,,0.56,45.44,,,,,0,,2026-09-30 13:34:53
299030,하나기술,"market    KOSDAQ
market       KSQ
Name: 1284, dtype: object",,1143.27213,0,제외,0,0,0,0,0,0,0,0,0,0,0,0,0,0,0,,,,1.35,39.78,,,,,0,,2026-09-30 13:34:55
336680,탑런토탈솔루션,"market    KOSDAQ
market       KSQ
Name: 1285, dtype: object",,1143.0502936,0,제외,0,0,0,0,0,0,0,0,0,0,0,0,0,0,0,,,,0.5,55.97,,,,,0,,2026-09-30 13:34:55
172670,에이엘티,"market    KOSDAQ
market       KSQ
Name: 1283, dtype: object",,1143.3290484,0,제외,0,0,0,0,0,0,0,0,0,0,0,0,0,0,0,,,,1.08,60.24,,,,,0,,2026-09-30 13:34:54
443670,에스피소프트,"market    KOSDAQ
market       KSQ
Name: 1286, dtype: object",,1142.9028464,0,제외,0,0,0,0,0,0,0,0,0,0,0,0,0,0,0,,,,0.06,65.84,,,,,0,,2026-09-30 13:35:00
474610,RF시스템즈,"market    KOSDAQ
market       KSQ
Name: 1288, dtype: object",,1138.80238,0,제외,0,0,0,0,0,0,0,0,0,0,0,0,0,0,0,,,,0.44,44.62,,,,,0,,2026-09-30 13:35:01
047310,파워로직스,"market    KOSDAQ
market       KSQ
Name: 1287, dtype: object",,1142.255556,0,제외,0,0,0,0,0,0,0,0,0,0,0,0,0,0,0,,,,0.59,45.33,,,,,0,,2026-09-30 13:35:00
458650,성우,"market    KOSDAQ
market       KSQ
Name: 1289, dtype: object",,1137.452652,0,제외,0,0,0,0,0,0,0,0,0,0,0,0,0,0,0,,,,1.6,48.45,,,,,0,,2026-09-30 13:35:02
122450,KX,"market    KOSDAQ
market       KSQ
Name: 1291, dtype: object",,1133.9418002,0,제외,0,0,0,0,0,0,0,0,0,0,0,0,0,0,0,,,,0.42,56.95,,,,,0,,2026-09-30 13:35:02
067990,도이치모터스,"market    KOSDAQ
market       KSQ
Name: 1293, dtype: object",,1126.40783,0,제외,0,0,0,0,0,0,0,0,0,0,0,0,0,0,0,,,,0.94,66.58,,,,,0,,2026-09-30 13:35:08
002460,HS화성,"market    KOSPI
market      STK
Name: 1294, dtype: object",,1124.62,0,제외,0,0,0,0,0,0,0,0,0,0,0,0,0,0,0,,,,0.34,70.22,,,,,0,,2026-09-30 13:35:08
063570,NICE인프라,"market    KOSDAQ
market       KSQ
Name: 1295, dtype: object",,1120.0454784,0,제외,0,0,0,0,0,0,0,0,0,0,0,0,0,0,0,,,,1.73,67.49,,,,,0,,2026-09-30 13:35:09
153890,져스텍,"market    KOSDAQ
market       KSQ
Name: 1292, dtype: object",,1126.7035175,0,제외,0,0,0,0,0,0,0,0,0,0,0,0,0,0,0,,,,0.7,21.91,,,,,0,,2026-09-30 13:35:08
201490,미투온,"market    KOSDAQ
market       KSQ
Name: 1300, dtype: object",,1115.8790566,0,제외,0,0,0,0,0,0,0,0,0,0,0,0,0,0,0,,,,0.12,49.28,,,,,0,,2026-09-30 13:35:16
083420,그린케미칼,"market    KOSPI
market      STK
Name: 1299, dtype: object",,1116.0,0,제외,0,0,0,0,0,0,0,0,0,0,0,0,0,0,0,,,,0.83,60.17,,,,,0,,2026-09-30 13:35:15
396470,워트,"market    KOSDAQ
market       KSQ
Name: 1301, dtype: object",,1115.504,0,제외,0,0,0,0,0,0,0,0,0,0,0,0,0,0,0,,,,1.03,63.32,,,,,0,,2026-09-30 13:35:17
090850,현대이지웰,"market    KOSDAQ
market       KSQ
Name: 1303, dtype: object",,1111.53230335,0,제외,0,0,0,0,0,0,0,0,0,0,0,0,0,0,0,,,,0.36,73.54,,,,,0,,2026-09-30 13:35:21
079430,현대리바트,"market    KOSPI
market      STK
Name: 1305, dtype: object",,1106.28111,0,제외,0,0,0,0,0,0,0,0,0,0,0,0,0,0,0,,,,1.79,61.61,,,,,0,,2026-09-30 13:35:23
016710,대성홀딩스,"market    KOSPI
market      STK
Name: 1304, dtype: object",,1108.5637251,0,제외,0,0,0,0,0,0,0,0,0,0,0,0,0,0,0,,,,0.4,73.0,,,,,0,,2026-09-30 13:35:21
217820,원익피앤이,"market    KOSDAQ
market       KSQ
Name: 1307, dtype: object",,1100.9457688,0,제외,0,0,0,0,0,0,0,0,0,0,0,0,0,0,0,,,,0.17,49.95,,,,,0,,2026-09-30 13:35:24
086980,쇼박스,"market    KOSDAQ
market       KSQ
Name: 1308, dtype: object",,1099.53318,0,제외,0,0,0,0,0,0,0,0,0,0,0,0,0,0,0,,,,1.26,54.69,,,,,0,,2026-09-30 13:35:25
101170,우림피티에스,"market    KOSDAQ
market       KSQ
Name: 1309, dtype: object",,1098.9,0,제외,0,0,0,0,0,0,0,0,0,0,0,0,0,0,0,,,,0.49,33.75,,,,,0,,2026-09-30 13:35:28
473980,노머스,"market    KOSDAQ
market       KSQ
Name: 1310, dtype: object",,1098.0696768,0,제외,0,0,0,0,0,0,0,0,0,0,0,0,0,0,0,,,,0.7,27.69,,,,,0,,2026-09-30 13:35:29
011810,STX,"market    KOSPI
market      STK
Name: 1311, dtype: object",,1094.9328231,0,제외,0,0,0,0,0,0,0,0,0,0,0,0,0,0,0,,,,,,,,,,0,,2026-09-30 13:35:29
389020,자람테크놀로지,"market    KOSDAQ
market       KSQ
Name: 1312, dtype: object",,1091.6934642,0,제외,0,0,0,0,0,0,0,0,0,0,0,0,0,0,0,,,,0.46,24.45,,,,,0,,2026-09-30 13:35:30
310200,애니플러스,"market    KOSDAQ
market       KSQ
Name: 1313, dtype: object",,1090.2032724,0,제외,0,0,0,0,0,0,0,0,0,0,0,0,0,0,0,,,,1.51,48.44,,,,,0,,2026-09-30 13:35:31
013570,디와이,"market    KOSPI
market      STK
Name: 1314, dtype: object",,1089.6328062,0,제외,0,0,0,0,0,0,0,0,0,0,0,0,0,0,0,,,,0.43,73.14,,,,,0,,2026-09-30 13:35:32
008040,사조동아원,"market    KOSPI
market      STK
Name: 1315, dtype: object",,1086.81342,0,제외,0,0,0,0,0,0,0,0,0,0,0,0,0,0,0,,,,0.11,51.04,,,,,0,,2026-09-30 13:35:35
255440,야스,"market    KOSDAQ
market       KSQ
Name: 1316, dtype: object",,1085.1198,0,제외,0,0,0,0,0,0,0,0,0,0,0,0,0,0,0,,,,1.65,61.71,,,,,0,,2026-09-30 13:35:35
040300,YTN,"market    KOSDAQ
market       KSQ
Name: 1317, dtype: object",,1082.267446,0,제외,0,0,0,0,0,0,0,0,0,0,0,0,0,0,0,,,,0.2,46.22,,,,,0,,2026-09-30 13:35:36
217270,넵튠,"market    KOSDAQ
market       KSQ
Name: 1319, dtype: object",,1079.72554305,0,제외,0,0,0,0,0,0,0,0,0,0,0,0,0,0,0,,,,0.43,36.86,,,,,0,,2026-09-30 13:35:37
036630,세종텔레콤,"market    KOSDAQ
market       KSQ
Name: 1318, dtype: object",,1080.8,0,제외,0,0,0,0,0,0,0,0,0,0,0,0,0,0,0,,,,0.22,49.97,,,,,0,,2026-09-30 13:35:37
067900,와이엔텍,"market    KOSDAQ
market       KSQ
Name: 1320, dtype: object",,1077.4198128,0,제외,0,0,0,0,0,0,0,0,0,0,0,0,0,0,0,,,,0.38,72.53,,,,,0,,2026-09-30 13:35:38
039340,한국경제TV,"market    KOSDAQ
market       KSQ
Name: 1321, dtype: object",,1075.8,0,제외,0,0,0,0,0,0,0,0,0,0,0,0,0,0,0,,,,0.58,78.87,,,,,0,,2026-09-30 13:35:42
242040,나무AX,"market    KOSDAQ
market       KSQ
Name: 1322, dtype: object",,1074.5244972,0,제외,0,0,0,0,0,0,0,0,0,0,0,0,0,0,0,,,,0.82,28.06,,,,,0,,2026-09-30 13:35:42
039560,다산네트웍스,"market    KOSDAQ
market       KSQ
Name: 1323, dtype: object",,1074.3561234,0,제외,0,0,0,0,0,0,0,0,0,0,0,0,0,0,0,,,,0.38,41.82,,,,,0,,2026-09-30 13:35:43
009580,무림P&P,"market    KOSPI
market      STK
Name: 1324, dtype: object",,1072.7351728,0,제외,0,0,0,0,0,0,0,0,0,0,0,0,0,0,0,,,,0.18,39.05,,,,,0,,2026-09-30 13:35:44
129920,대성하이텍,"market    KOSDAQ
market       KSQ
Name: 1325, dtype: object",,1072.413936,0,제외,0,0,0,0,0,0,0,0,0,0,0,0,0,0,0,,,,0.88,43.0,,,,,0,,2026-09-30 13:35:44
012800,대창,"market    KOSPI
market      STK
Name: 1326, dtype: object",,1070.90086325,0,제외,0,0,0,0,0,0,0,0,0,0,0,0,0,0,0,,,,0.52,56.61,,,,,0,,2026-09-30 13:35:46
120240,대정화금,"market    KOSDAQ
market       KSQ
Name: 1328, dtype: object",,1064.177868,0,제외,0,0,0,0,0,0,0,0,0,0,0,0,0,0,0,,,,1.03,97.11,,,,,0,,2026-09-30 13:35:49
339950,아이비김영,"market    KOSDAQ
market       KSQ
Name: 1327, dtype: object",,1065.2357235,0,제외,0,0,0,0,0,0,0,0,0,0,0,0,0,0,0,,,,0.52,76.67,,,,,0,,2026-09-30 13:35:49
012200,계양전기,"market    KOSPI
market      STK
Name: 1329, dtype: object",,1062.68487,0,제외,0,0,0,0,0,0,0,0,0,0,0,0,0,0,0,,,,0.69,22.34,,,,,0,,2026-09-30 13:35:51
131030,옵투스제약,"market    KOSDAQ
market       KSQ
Name: 1330, dtype: object",,1062.324718,0,제외,0,0,0,0,0,0,0,0,0,0,0,0,0,0,0,,,,0.67,28.96,,,,,0,,2026-09-30 13:35:51
0011A0,액스비스,"market    KOSDAQ
market       KSQ
Name: 1332, dtype: object",,1054.71262,0,제외,0,0,0,0,0,0,0,0,0,0,0,0,0,0,0,,,,0.53,22.31,,,,,0,,2026-09-30 13:35:53
106190,하이텍팜,"market    KOSDAQ
market       KSQ
Name: 1331, dtype: object",,1056.9373962,0,제외,0,0,0,0,0,0,0,0,0,0,0,0,0,0,0,,,,0.6,39.72,,,,,0,,2026-09-30 13:35:51
021820,세원정공,"market    KOSPI
market      STK
Name: 1336, dtype: object",,1052.0,0,제외,0,0,0,0,0,0,0,0,0,0,0,0,0,0,0,,,,0.23,59.48,,,,,0,,2026-09-30 13:35:59
37550L,DL이앤씨2우(전환),"market    KOSPI
market      STK
Name: 1338, dtype: object",,1049.639647,0,제외,0,0,0,0,0,0,0,0,0,0,0,0,0,0,0,,,,0.08,77.98,,,,,0,,2026-09-30 13:36:00
334970,프레스티지바이오로직스,"market    KOSDAQ
market       KSQ
Name: 1335, dtype: object",,1052.77070498,0,제외,0,0,0,0,0,0,0,0,0,0,0,0,0,0,0,,,,0.61,35.71,,,,,0,,2026-09-30 13:35:59
475230,엔알비,"market    KOSDAQ
market       KSQ
Name: 1337, dtype: object",,1051.7229095,0,제외,0,0,0,0,0,0,0,0,0,0,0,0,0,0,0,,,,0.43,32.55,,,,,0,,2026-09-30 13:36:00
289930,웨이비스,"market    KOSDAQ
market       KSQ
Name: 1339, dtype: object",,1049.290998,0,제외,0,0,0,0,0,0,0,0,0,0,0,0,0,0,0,,,,0.34,32.41,,,,,0,,2026-09-30 13:36:03
053350,이니텍,"market    KOSDAQ
market       KSQ
Name: 1340, dtype: object",,1046.0005875,0,제외,0,0,0,0,0,0,0,0,0,0,0,0,0,0,0,,,,0.28,47.35,,,,,0,,2026-09-30 13:36:05
004250,NPC,"market    KOSPI
market      STK
Name: 1341, dtype: object",,1044.684,0,제외,0,0,0,0,0,0,0,0,0,0,0,0,0,0,0,,,,0.4,64.15,,,,,0,,2026-09-30 13:36:07
311320,지오엘리먼트,"market    KOSDAQ
market       KSQ
Name: 1342, dtype: object",,1041.962656,0,제외,0,0,0,0,0,0,0,0,0,0,0,0,0,0,0,,,,0.63,69.88,,,,,0,,2026-09-30 13:36:09
130580,나이스디앤비,"market    KOSDAQ
market       KSQ
Name: 1343, dtype: object",,1041.04,0,제외,0,0,0,0,0,0,0,0,0,0,0,0,0,0,0,,,,1.0,96.57,,,,,0,,2026-09-30 13:36:09
419050,삼기에너지솔루션즈,"market    KOSDAQ
market       KSQ
Name: 1346, dtype: object",,1038.111756,0,제외,0,0,0,0,0,0,0,0,0,0,0,0,0,0,0,,,,0.85,73.71,,,,,0,,2026-09-30 13:36:12
010100,한국무브넥스,"market    KOSPI
market      STK
Name: 1345, dtype: object",,1038.359322,0,제외,0,0,0,0,0,0,0,0,0,0,0,0,0,0,0,,,,0.77,43.08,,,,,0,,2026-09-30 13:36:11
120030,조선선재,"market    KOSPI
market      STK
Name: 1347, dtype: object",,1036.304424,0,제외,0,0,0,0,0,0,0,0,0,0,0,0,0,0,0,,,,1.0,69.1,,,,,0,,2026-09-30 13:36:14
053700,삼보모터스,"market    KOSDAQ
market       KSQ
Name: 1350, dtype: object",,1028.5566445,0,제외,0,0,0,0,0,0,0,0,0,0,0,0,0,0,0,,,,0.65,38.84,,,,,0,,2026-09-30 13:36:18
027970,한국제지,"market    KOSPI
market      STK
Name: 1349, dtype: object",,1028.7153952,0,제외,0,0,0,0,0,0,0,0,0,0,0,0,0,0,0,,,,0.37,63.83,,,,,0,,2026-09-30 13:36:18
014580,태경비케이,"market    KOSPI
market      STK
Name: 1348, dtype: object",,1035.745405,0,제외,0,0,0,0,0,0,0,0,0,0,0,0,0,0,0,,,,1.05,72.46,,,,,0,,2026-09-30 13:36:16
012320,경동인베스트,"market    KOSPI
market      STK
Name: 1351, dtype: object",,1025.2374705,0,제외,0,0,0,0,0,0,0,0,0,0,0,0,0,0,0,,,,0.52,42.0,,,,,0,,2026-09-30 13:36:19
038540,상상인,"market    KOSDAQ
market       KSQ
Name: 1352, dtype: object",,1024.12707363,0,제외,0,0,0,0,0,0,0,0,0,0,0,0,0,0,0,,,,0.46,73.48,,,,,0,,2026-09-30 13:36:21
036010,아비코전자,"market    KOSDAQ
market       KSQ
Name: 1354, dtype: object",,1018.2387444,0,제외,0,0,0,0,0,0,0,0,0,0,0,0,0,0,0,,,,1.24,53.65,,,,,0,,2026-09-30 13:36:24
246710,티앤알바이오팹,"market    KOSDAQ
market       KSQ
Name: 1356, dtype: object",,1015.2539352,0,제외,0,0,0,0,0,0,0,0,0,0,0,0,0,0,0,,,,1.05,43.65,,,,,0,,2026-09-30 13:36:25
006660,삼성공조,"market    KOSPI
market      STK
Name: 1357, dtype: object",,1014.9766186,0,제외,0,0,0,0,0,0,0,0,0,0,0,0,0,0,0,,,,0.33,62.4,,,,,0,,2026-09-30 13:36:26
125210,아모그린텍,"market    KOSDAQ
market       KSQ
Name: 1358, dtype: object",,1014.552585,0,제외,0,0,0,0,0,0,0,0,0,0,0,0,0,0,0,,,,0.27,36.54,,,,,0,,2026-09-30 13:36:29
209640,와이제이링크,"market    KOSDAQ
market       KSQ
Name: 1359, dtype: object",,1013.9981549,0,제외,0,0,0,0,0,0,0,0,0,0,0,0,0,0,0,,,,0.32,34.01,,,,,0,,2026-09-30 13:36:31
267850,아시아나IDT,"market    KOSPI
market      STK
Name: 1360, dtype: object",,1013.43,0,제외,0,0,0,0,0,0,0,0,0,0,0,0,0,0,0,,,,0.39,71.27,,,,,0,,2026-09-30 13:36:31
100700,세운메디칼,"market    KOSDAQ
market       KSQ
Name: 1361, dtype: object",,1011.78,0,제외,0,0,0,0,0,0,0,0,0,0,0,0,0,0,0,,,,0.2,66.62,,,,,0,,2026-09-30 13:36:31
123040,엠에스오토텍,"market    KOSDAQ
market       KSQ
Name: 1362, dtype: object",,1011.44702885,0,제외,0,0,0,0,0,0,0,0,0,0,0,0,0,0,0,,,,0.25,48.88,,,,,0,,2026-09-30 13:36:32
119650,KC코트렐,"market    KOSPI
market      STK
Name: 1363, dtype: object",,1007.82913662,0,제외,0,0,0,0,0,0,0,0,0,0,0,0,0,0,0,,,,,,,,,,0,,2026-09-30 13:36:33
123690,한국화장품,"market    KOSPI
market      STK
Name: 1364, dtype: object",,1007.4636,0,제외,0,0,0,0,0,0,0,0,0,0,0,0,0,0,0,,,,0.11,47.71,,,,,0,,2026-09-30 13:36:36
453450,그리드위즈,"market    KOSDAQ
market       KSQ
Name: 1365, dtype: object",,1005.55215,0,제외,0,0,0,0,0,0,0,0,0,0,0,0,0,0,0,,,,1.37,42.28,,,,,0,,2026-09-30 13:36:37
261780,아리바이오랩,"market    KOSDAQ
market       KSQ
Name: 1366, dtype: object",,1004.7723672,0,제외,0,0,0,0,0,0,0,0,0,0,0,0,0,0,0,,,,0.73,51.56,,,,,0,,2026-09-30 13:36:38
248170,샘표식품,"market    KOSPI
market      STK
Name: 1367, dtype: object",,1000.454634,0,제외,0,0,0,0,0,0,0,0,0,0,0,0,0,0,0,,,,0.12,60.36,,,,,0,,2026-09-30 13:36:38
063170,서울옥션,"market    KOSDAQ
market       KSQ
Name: 1368, dtype: object",,998.9138054,0,제외,0,0,0,0,0,0,0,0,0,0,0,0,0,0,0,,,,0.38,56.48,,,,,0,,2026-09-30 13:36:38
182360,큐브엔터,"market    KOSDAQ
market       KSQ
Name: 1369, dtype: object",,997.9624212,0,제외,0,0,0,0,0,0,0,0,0,0,0,0,0,0,0,,,,1.23,39.57,,,,,0,,2026-09-30 13:36:39
109740,디에스케이,"market    KOSDAQ
market       KSQ
Name: 1370, dtype: object",,997.563132,0,제외,0,0,0,0,0,0,0,0,0,0,0,0,0,0,0,,,,1.96,43.37,,,,,0,,2026-09-30 13:36:42
309960,LB인베스트먼트,"market    KOSDAQ
market       KSQ
Name: 1371, dtype: object",,994.85869115,0,제외,0,0,0,0,0,0,0,0,0,0,0,0,0,0,0,,,,1.0,55.16,,,,,0,,2026-09-30 13:36:44
475580,에이럭스,"market    KOSDAQ
market       KSQ
Name: 1372, dtype: object",,994.6177,0,제외,0,0,0,0,0,0,0,0,0,0,0,0,0,0,0,,,,0.11,46.58,,,,,0,,2026-09-30 13:36:45
246720,아스타,"market    KOSDAQ
market       KSQ
Name: 1373, dtype: object",,994.34491,0,제외,0,0,0,0,0,0,0,0,0,0,0,0,0,0,0,,,,,54.78,,,,,0,,2026-09-30 13:36:45
411080,샌즈랩,"market    KOSDAQ
market       KSQ
Name: 1375, dtype: object",,992.39647,0,제외,0,0,0,0,0,0,0,0,0,0,0,0,0,0,0,,,,0.11,62.74,,,,,0,,2026-09-30 13:36:46
006620,동구바이오제약,"market    KOSDAQ
market       KSQ
Name: 1376, dtype: object",,992.0049712,0,제외,0,0,0,0,0,0,0,0,0,0,0,0,0,0,0,,,,1.06,54.93,,,,,0,,2026-09-30 13:36:49
175250,아이큐어,"market    KOSDAQ
market       KSQ
Name: 1377, dtype: object",,987.781072,0,제외,0,0,0,0,0,0,0,0,0,0,0,0,0,0,0,,,,0.34,48.48,,,,,0,,2026-09-30 13:36:51
357880,SKAI,"market    KOSDAQ
market       KSQ
Name: 1378, dtype: object",,987.08803683,0,제외,0,0,0,0,0,0,0,0,0,0,0,0,0,0,0,,,,0.46,29.58,,,,,0,,2026-09-30 13:36:52
002450,삼익악기,"market    KOSPI
market      STK
Name: 1380, dtype: object",,984.9763552,0,제외,0,0,0,0,0,0,0,0,0,0,0,0,0,0,0,,,,0.78,79.87,,,,,0,,2026-09-30 13:36:53
250060,모비스,"market    KOSDAQ
market       KSQ
Name: 1382, dtype: object",,984.4422084,0,제외,0,0,0,0,0,0,0,0,0,0,0,0,0,0,0,,,,1.22,33.0,,,,,0,,2026-09-30 13:36:56
323990,박셀바이오,"market    KOSDAQ
market       KSQ
Name: 1384, dtype: object",,981.459959,0,제외,0,0,0,0,0,0,0,0,0,0,0,0,0,0,0,,,,0.23,36.89,,,,,0,,2026-09-30 13:37:00
366030,나인앤컴퍼니,"market    KOSDAQ
market       KSQ
Name: 1385, dtype: object",,980.911705,0,제외,0,0,0,0,0,0,0,0,0,0,0,0,0,0,0,,,,0.82,61.06,,,,,0,,2026-09-30 13:37:01
048550,SM C&C,"market    KOSDAQ
market       KSQ
Name: 1386, dtype: object",,979.7191006,0,제외,0,0,0,0,0,0,0,0,0,0,0,0,0,0,0,,,,0.87,53.26,,,,,0,,2026-09-30 13:37:01
059210,메타바이오메드,"market    KOSDAQ
market       KSQ
Name: 1387, dtype: object",,979.53059225,0,제외,0,0,0,0,0,0,0,0,0,0,0,0,0,0,0,,,,0.8,56.13,,,,,0,,2026-09-30 13:37:02
011280,태림포장,"market    KOSPI
market      STK
Name: 1388, dtype: object",,979.2461502,0,제외,0,0,0,0,0,0,0,0,0,0,0,0,0,0,0,,,,0.56,48.76,,,,,0,,2026-09-30 13:37:04
021080,에이티넘인베스트,"market    KOSDAQ
market       KSQ
Name: 1389, dtype: object",,979.2,0,제외,0,0,0,0,0,0,0,0,0,0,0,0,0,0,0,,,,0.49,51.25,,,,,0,,2026-09-30 13:37:08
307930,컴퍼니케이,"market    KOSDAQ
market       KSQ
Name: 1391, dtype: object",,977.186,0,제외,0,0,0,0,0,0,0,0,0,0,0,0,0,0,0,,,,0.28,56.76,,,,,0,,2026-09-30 13:37:08
109670,씨싸이트,"market    KOSDAQ
market       KSQ
Name: 1393, dtype: object",,976.4635146,0,제외,0,0,0,0,0,0,0,0,0,0,0,0,0,0,0,,,,0.99,100.0,,,,,0,,2026-09-30 13:37:10
070960,모나용평,"market    KOSPI
market      STK
Name: 1392, dtype: object",,977.1066599,0,제외,0,0,0,0,0,0,0,0,0,0,0,0,0,0,0,,,,0.61,48.47,,,,,0,,2026-09-30 13:37:09
035000,HS애드,"market    KOSPI
market      STK
Name: 1394, dtype: object",,974.0794044,0,제외,0,0,0,0,0,0,0,0,0,0,0,0,0,0,0,,,,1.86,64.22,,,,,0,,2026-09-30 13:37:12
099750,이지케어텍,"market    KOSDAQ
market       KSQ
Name: 1395, dtype: object",,973.8990349,0,제외,0,0,0,0,0,0,0,0,0,0,0,0,0,0,0,,,,0.54,61.13,,,,,0,,2026-09-30 13:37:15
066790,씨씨에스,"market    KOSDAQ
market       KSQ
Name: 1396, dtype: object",,973.55245995,0,제외,0,0,0,0,0,0,0,0,0,0,0,0,0,0,0,,,,,,,,,,0,,2026-09-30 13:37:16
493330,지에프아이,"market    KOSDAQ
market       KSQ
Name: 1397, dtype: object",,972.781073,0,제외,0,0,0,0,0,0,0,0,0,0,0,0,0,0,0,,,,0.35,50.97,,,,,0,,2026-09-30 13:37:16
317770,엑스페릭스,"market    KOSDAQ
market       KSQ
Name: 1398, dtype: object",,971.1713025,0,제외,0,0,0,0,0,0,0,0,0,0,0,0,0,0,0,,,,0.71,55.44,,,,,0,,2026-09-30 13:37:17
235980,메드팩토,"market    KOSDAQ
market       KSQ
Name: 1399, dtype: object",,969.9859243,0,제외,0,0,0,0,0,0,0,0,0,0,0,0,0,0,0,,,,0.47,33.29,,,,,0,,2026-09-30 13:37:18
049950,미래컴퍼니,"market    KOSDAQ
market       KSQ
Name: 1400, dtype: object",,969.96724,0,제외,0,0,0,0,0,0,0,0,0,0,0,0,0,0,0,,,,1.85,50.53,,,,,0,,2026-09-30 13:37:19
306620,지아이에스,"market    KOSDAQ
market       KSQ
Name: 1402, dtype: object",,968.4321168,0,제외,0,0,0,0,0,0,0,0,0,0,0,0,0,0,0,,,,0.72,49.52,,,,,0,,2026-09-30 13:37:24
298540,더네이쳐홀딩스,"market    KOSDAQ
market       KSQ
Name: 1401, dtype: object",,969.1392234,0,제외,0,0,0,0,0,0,0,0,0,0,0,0,0,0,0,,,,0.38,63.59,,,,,0,,2026-09-30 13:37:23
008700,아남전자,"market    KOSPI
market      STK
Name: 1405, dtype: object",,966.3739946,0,제외,0,0,0,0,0,0,0,0,0,0,0,0,0,0,0,,,,1.3,64.96,,,,,0,,2026-09-30 13:37:25
068240,다원시스,"market    KOSDAQ
market       KSQ
Name: 1406, dtype: object",,965.5349561,0,제외,0,0,0,0,0,0,0,0,0,0,0,0,0,0,0,,,,,39.84,,,,,0,,2026-09-30 13:37:26
086960,MDS테크,"market    KOSDAQ
market       KSQ
Name: 1409, dtype: object",,961.147942,0,제외,0,0,0,0,0,0,0,0,0,0,0,0,0,0,0,,,,1.08,50.51,,,,,0,,2026-09-30 13:37:31
008260,NI스틸,"market    KOSPI
market      STK
Name: 1407, dtype: object",,963.8239429,0,제외,0,0,0,0,0,0,0,0,0,0,0,0,0,0,0,,,,1.03,72.9,,,,,0,,2026-09-30 13:37:30
198440,강동씨앤엘,"market    KOSDAQ
market       KSQ
Name: 1410, dtype: object",,957.24008616,0,제외,0,0,0,0,0,0,0,0,0,0,0,0,0,0,0,,,,0.1,53.65,,,,,0,,2026-09-30 13:37:31
417310,코람코더원리츠,"market    KOSPI
market      STK
Name: 1411, dtype: object",,955.46,0,제외,0,0,0,0,0,0,0,0,0,0,0,0,0,0,0,,,,0.91,95.75,,,,,0,,2026-09-30 13:37:32
264900,크라운제과,"market    KOSPI
market      STK
Name: 1412, dtype: object",,954.31737,0,제외,0,0,0,0,0,0,0,0,0,0,0,0,0,0,0,,,,0.77,75.79,,,,,0,,2026-09-30 13:37:32
045970,코아시아,"market    KOSDAQ
market       KSQ
Name: 1408, dtype: object",,961.8087178,0,제외,0,0,0,0,0,0,0,0,0,0,0,0,0,0,0,,,,0.48,46.62,,,,,0,,2026-09-30 13:37:31
205100,엑셈,"market    KOSDAQ
market       KSQ
Name: 1413, dtype: object",,952.3051734,0,제외,0,0,0,0,0,0,0,0,0,0,0,0,0,0,0,,,,0.64,55.2,,,,,0,,2026-09-30 13:37:38
330350,위더스제약,"market    KOSDAQ
market       KSQ
Name: 1414, dtype: object",,950.37696,0,제외,0,0,0,0,0,0,0,0,0,0,0,0,0,0,0,,,,0.05,60.08,,,,,0,,2026-09-30 13:37:38
017650,대림제지,"market    KOSDAQ
market       KSQ
Name: 1415, dtype: object",,948.78,0,제외,0,0,0,0,0,0,0,0,0,0,0,0,0,0,0,,,,1.22,98.64,,,,,0,,2026-09-30 13:37:39
002780,진흥기업,"market    KOSPI
market      STK
Name: 1416, dtype: object",,947.0210274,0,제외,0,0,0,0,0,0,0,0,0,0,0,0,0,0,0,,,,0.25,39.76,,,,,0,,2026-09-30 13:37:39
189330,씨이랩,"market    KOSDAQ
market       KSQ
Name: 1417, dtype: object",,944.7959988,0,제외,0,0,0,0,0,0,0,0,0,0,0,0,0,0,0,,,,0.52,53.04,,,,,0,,2026-09-30 13:37:39
014790,HL D&I,"market    KOSPI
market      STK
Name: 1418, dtype: object",,942.6791649,0,제외,0,0,0,0,0,0,0,0,0,0,0,0,0,0,0,,,,1.01,61.29,,,,,0,,2026-09-30 13:37:39
013700,까뮤이앤씨,"market    KOSPI
market      STK
Name: 1419, dtype: object",,938.088031,0,제외,0,0,0,0,0,0,0,0,0,0,0,0,0,0,0,,,,0.14,78.1,,,,,0,,2026-09-30 13:37:44
067830,세이브존I&C,"market    KOSPI
market      STK
Name: 1420, dtype: object",,937.78445075,0,제외,0,0,0,0,0,0,0,0,0,0,0,0,0,0,0,,,,0.31,55.38,,,,,0,,2026-09-30 13:37:45
162300,신스틸,"market    KOSDAQ
market       KSQ
Name: 1421, dtype: object",,937.2532332,0,제외,0,0,0,0,0,0,0,0,0,0,0,0,0,0,0,,,,1.4,73.06,,,,,0,,2026-09-30 13:37:46
187790,나노,"market    KOSDAQ
market       KSQ
Name: 1423, dtype: object",,936.0191905,0,제외,0,0,0,0,0,0,0,0,0,0,0,0,0,0,0,,,,0.51,40.28,,,,,0,,2026-09-30 13:37:46
074430,아미노로직스,"market    KOSDAQ
market       KSQ
Name: 1426, dtype: object",,933.6238164,0,제외,0,0,0,0,0,0,0,0,0,0,0,0,0,0,0,,,,0.45,54.02,,,,,0,,2026-09-30 13:37:52
052420,오성첨단소재,"market    KOSDAQ
market       KSQ
Name: 1427, dtype: object",,933.2844622,0,제외,0,0,0,0,0,0,0,0,0,0,0,0,0,0,0,,,,0.42,46.28,,,,,0,,2026-09-30 13:37:53
007210,벽산,"market    KOSPI
market      STK
Name: 1425, dtype: object",,933.9944,0,제외,0,0,0,0,0,0,0,0,0,0,0,0,0,0,0,,,,0.53,62.46,,,,,0,,2026-09-30 13:37:52
002200,한국수출포장,"market    KOSPI
market      STK
Name: 1428, dtype: object",,932.97335685,0,제외,0,0,0,0,0,0,0,0,0,0,0,0,0,0,0,,,,0.17,73.71,,,,,0,,2026-09-30 13:37:53
037030,파워넷,"market    KOSDAQ
market       KSQ
Name: 1429, dtype: object",,932.4998576,0,제외,0,0,0,0,0,0,0,0,0,0,0,0,0,0,0,,,,0.84,35.14,,,,,0,,2026-09-30 13:37:53
007540,샘표,"market    KOSPI
market      STK
Name: 1430, dtype: object",,931.146216,0,제외,0,0,0,0,0,0,0,0,0,0,0,0,0,0,0,,,,0.15,63.41,,,,,0,,2026-09-30 13:37:53
091120,이엠텍,"market    KOSDAQ
market       KSQ
Name: 1432, dtype: object",,928.6051312,0,제외,0,0,0,0,0,0,0,0,0,0,0,0,0,0,0,,,,1.58,51.9,,,,,0,,2026-09-30 13:37:59
042500,링네트,"market    KOSDAQ
market       KSQ
Name: 1433, dtype: object",,927.3115904,0,제외,0,0,0,0,0,0,0,0,0,0,0,0,0,0,0,,,,0.84,56.28,,,,,0,,2026-09-30 13:37:59
025620,차AI헬스케어,"market    KOSPI
market      STK
Name: 1435, dtype: object",,919.3006365,0,제외,0,0,0,0,0,0,0,0,0,0,0,0,0,0,0,,,,0.3,25.53,,,,,0,,2026-09-30 13:38:01
380550,뉴로핏,"market    KOSDAQ
market       KSQ
Name: 1434, dtype: object",,925.8939294,0,제외,0,0,0,0,0,0,0,0,0,0,0,0,0,0,0,,,,0.47,20.46,,,,,0,,2026-09-30 13:38:00
002230,피에스텍,"market    KOSDAQ
market       KSQ
Name: 1431, dtype: object",,930.264035,0,제외,0,0,0,0,0,0,0,0,0,0,0,0,0,0,0,,,,0.87,29.96,,,,,0,,2026-09-30 13:37:59
036220,오상헬스케어,"market    KOSDAQ
market       KSQ
Name: 1436, dtype: object",,918.6645072,0,제외,0,0,0,0,0,0,0,0,0,0,0,0,0,0,0,,,,0.11,37.5,,,,,0,,2026-09-30 13:38:01
005860,한일사료,"market    KOSDAQ
market       KSQ
Name: 1437, dtype: object",,918.1058605,0,제외,0,0,0,0,0,0,0,0,0,0,0,0,0,0,0,,,,0.16,43.91,,,,,0,,2026-09-30 13:38:07
282720,금양그린파워,"market    KOSDAQ
market       KSQ
Name: 1441, dtype: object",,913.8103,0,제외,0,0,0,0,0,0,0,0,0,0,0,0,0,0,0,,,,1.57,36.83,,,,,0,,2026-09-30 13:38:09
303810,동국생명과학,"market    KOSDAQ
market       KSQ
Name: 1440, dtype: object",,914.746404,0,제외,0,0,0,0,0,0,0,0,0,0,0,0,0,0,0,,,,1.48,64.96,,,,,0,,2026-09-30 13:38:09
363280,티와이홀딩스,"market    KOSPI
market      STK
Name: 1442, dtype: object",,912.22152665,0,제외,0,0,0,0,0,0,0,0,0,0,0,0,0,0,0,,,,0.33,62.35,,,,,0,,2026-09-30 13:38:10
058850,KTcs,"market    KOSPI
market      STK
Name: 1444, dtype: object",,910.8979,0,제외,0,0,0,0,0,0,0,0,0,0,0,0,0,0,0,,,,0.89,69.17,,,,,0,,2026-09-30 13:38:15
001275,부국증권우,"market    KOSPI
market      STK
Name: 1447, dtype: object",,907.5,0,제외,0,0,0,0,0,0,0,0,0,0,0,0,0,0,0,,,,0.91,73.07,,,,,0,,2026-09-30 13:38:18
053580,웹케시,"market    KOSDAQ
market       KSQ
Name: 1446, dtype: object",,909.4014072,0,제외,0,0,0,0,0,0,0,0,0,0,0,0,0,0,0,,,,1.0,48.37,,,,,0,,2026-09-30 13:38:17
109610,에스와이,"market    KOSDAQ
market       KSQ
Name: 1448, dtype: object",,907.23227,0,제외,0,0,0,0,0,0,0,0,0,0,0,0,0,0,0,,,,0.54,53.88,,,,,0,,2026-09-30 13:38:18
036580,팜스코,"market    KOSPI
market      STK
Name: 1445, dtype: object",,910.8529864,0,제외,0,0,0,0,0,0,0,0,0,0,0,0,0,0,0,,,,0.35,51.59,,,,,0,,2026-09-30 13:38:17
006840,AK홀딩스,"market    KOSPI
market      STK
Name: 1449, dtype: object",,904.8084163,0,제외,0,0,0,0,0,0,0,0,0,0,0,0,0,0,0,,,,0.18,60.18,,,,,0,,2026-09-30 13:38:22
357580,아모센스,"market    KOSDAQ
market       KSQ
Name: 1450, dtype: object",,901.916793,0,제외,0,0,0,0,0,0,0,0,0,0,0,0,0,0,0,,,,1.99,26.19,,,,,0,,2026-09-30 13:38:24
052460,아이크래프트,"market    KOSDAQ
market       KSQ
Name: 1453, dtype: object",,896.9272704,0,제외,0,0,0,0,0,0,0,0,0,0,0,0,0,0,0,,,,0.31,72.71,,,,,0,,2026-09-30 13:38:25
432470,케이엔에스,"market    KOSDAQ
market       KSQ
Name: 1452, dtype: object",,898.2073344,0,제외,0,0,0,0,0,0,0,0,0,0,0,0,0,0,0,,,,0.16,50.39,,,,,0,,2026-09-30 13:38:25
139990,아주스틸,"market    KOSPI
market      STK
Name: 1451, dtype: object",,899.1256048,0,제외,0,0,0,0,0,0,0,0,0,0,0,0,0,0,0,,,,1.6,50.28,,,,,0,,2026-09-30 13:38:25
023900,풍국주정,"market    KOSDAQ
market       KSQ
Name: 1454, dtype: object",,894.6,0,제외,0,0,0,0,0,0,0,0,0,0,0,0,0,0,0,,,,0.35,54.95,,,,,0,,2026-09-30 13:38:26
322180,LS티라유텍,"market    KOSDAQ
market       KSQ
Name: 1456, dtype: object",,894.2380096,0,제외,0,0,0,0,0,0,0,0,0,0,0,0,0,0,0,,,,0.83,35.55,,,,,0,,2026-09-30 13:38:32
019180,티에이치엔,"market    KOSPI
market      STK
Name: 1458, dtype: object",,891.9,0,제외,0,0,0,0,0,0,0,0,0,0,0,0,0,0,0,,,,0.6,48.59,,,,,0,,2026-09-30 13:38:32
307870,비투엔,"market    KOSDAQ
market       KSQ
Name: 1457, dtype: object",,892.33441285,0,제외,0,0,0,0,0,0,0,0,0,0,0,0,0,0,0,,,,0.21,71.22,,,,,0,,2026-09-30 13:38:32
066590,스모트로닉,"market    KOSDAQ
market       KSQ
Name: 1462, dtype: object",,887.65865415,0,제외,0,0,0,0,0,0,0,0,0,0,0,0,0,0,0,,,,0.58,54.05,,,,,0,,2026-09-30 13:38:38
001290,상상인증권,"market    KOSPI
market      STK
Name: 1464, dtype: object",,886.1976416,0,제외,0,0,0,0,0,0,0,0,0,0,0,0,0,0,0,,,,0.16,46.86,,,,,0,,2026-09-30 13:38:39
033560,블루콤,"market    KOSDAQ
market       KSQ
Name: 1465, dtype: object",,885.78,0,제외,0,0,0,0,0,0,0,0,0,0,0,0,0,0,0,,,,0.61,96.36,,,,,0,,2026-09-30 13:38:39
234300,에스트래픽,"market    KOSDAQ
market       KSQ
Name: 1466, dtype: object",,885.613239,0,제외,0,0,0,0,0,0,0,0,0,0,0,0,0,0,0,,,,0.39,77.22,,,,,0,,2026-09-30 13:38:40
013310,아진산업,"market    KOSDAQ
market       KSQ
Name: 1467, dtype: object",,884.7900696,0,제외,0,0,0,0,0,0,0,0,0,0,0,0,0,0,0,,,,0.55,46.48,,,,,0,,2026-09-30 13:38:43
234030,싸이닉솔루션,"market    KOSDAQ
market       KSQ
Name: 1468, dtype: object",,884.00725,0,제외,0,0,0,0,0,0,0,0,0,0,0,0,0,0,0,,,,1.96,29.37,,,,,0,,2026-09-30 13:38:45
047560,이스트소프트,"market    KOSDAQ
market       KSQ
Name: 1470, dtype: object",,882.6564582,0,제외,0,0,0,0,0,0,0,0,0,0,0,0,0,0,0,,,,0.51,32.25,,,,,0,,2026-09-30 13:38:45
052900,KX하이텍,"market    KOSDAQ
market       KSQ
Name: 1469, dtype: object",,883.9830777,0,제외,0,0,0,0,0,0,0,0,0,0,0,0,0,0,0,,,,1.93,48.31,,,,,0,,2026-09-30 13:38:45
357230,에이치피오,"market    KOSDAQ
market       KSQ
Name: 1473, dtype: object",,879.5510388,0,제외,0,0,0,0,0,0,0,0,0,0,0,0,0,0,0,,,,0.8,65.55,,,,,0,,2026-09-30 13:38:50
048910,대원미디어,"market    KOSDAQ
market       KSQ
Name: 1474, dtype: object",,875.4946416,0,제외,0,0,0,0,0,0,0,0,0,0,0,0,0,0,0,,,,1.06,73.03,,,,,0,,2026-09-30 13:38:52
048530,인트론바이오,"market    KOSDAQ
market       KSQ
Name: 1475, dtype: object",,872.6921635,0,제외,0,0,0,0,0,0,0,0,0,0,0,0,0,0,0,,,,0.66,40.37,,,,,0,,2026-09-30 13:38:52
062970,한국첨단소재,"market    KOSDAQ
market       KSQ
Name: 1477, dtype: object",,870.5380247,0,제외,0,0,0,0,0,0,0,0,0,0,0,0,0,0,0,,,,0.14,28.6,,,,,0,,2026-09-30 13:38:53
457370,한켐,"market    KOSDAQ
market       KSQ
Name: 1476, dtype: object",,871.250472,0,제외,0,0,0,0,0,0,0,0,0,0,0,0,0,0,0,,,,0.29,62.97,,,,,0,,2026-09-30 13:38:52
0007J0,인벤테라,"market    KOSDAQ
market       KSQ
Name: 1479, dtype: object",,869.161397,0,제외,0,0,0,0,0,0,0,0,0,0,0,0,0,0,0,,,,1.2,18.49,,,,,0,,2026-09-30 13:38:57
362320,청담글로벌,"market    KOSDAQ
market       KSQ
Name: 1480, dtype: object",,867.0332223,0,제외,0,0,0,0,0,0,0,0,0,0,0,0,0,0,0,,,,0.6,42.7,,,,,0,,2026-09-30 13:38:58
096240,크레버스,"market    KOSDAQ
market       KSQ
Name: 1481, dtype: object",,864.102392,0,제외,0,0,0,0,0,0,0,0,0,0,0,0,0,0,0,,,,0.46,59.33,,,,,0,,2026-09-30 13:38:59
014950,삼익제약,"market    KOSDAQ
market       KSQ
Name: 1482, dtype: object",,862.7922916,0,제외,0,0,0,0,0,0,0,0,0,0,0,0,0,0,0,,,,0.21,34.53,,,,,0,,2026-09-30 13:39:00
192410,오늘이엔엠,"market    KOSDAQ
market       KSQ
Name: 1484, dtype: object",,858.8394969,0,제외,0,0,0,0,0,0,0,0,0,0,0,0,0,0,0,,,,0.33,39.77,,,,,0,,2026-09-30 13:39:01
100130,동국S&C,"market    KOSDAQ
market       KSQ
Name: 1485, dtype: object",,858.28786,0,제외,0,0,0,0,0,0,0,0,0,0,0,0,0,0,0,,,,0.35,54.67,,,,,0,,2026-09-30 13:39:04
004140,동방,"market    KOSPI
market      STK
Name: 1486, dtype: object",,858.21489374,0,제외,0,0,0,0,0,0,0,0,0,0,0,0,0,0,0,,,,1.18,55.32,,,,,0,,2026-09-30 13:39:05
478560,블랙야크아이앤씨,"market    KOSDAQ
market       KSQ
Name: 1488, dtype: object",,851.1083191,0,제외,0,0,0,0,0,0,0,0,0,0,0,0,0,0,0,,,,0.71,78.92,,,,,0,,2026-09-30 13:39:06
033290,로젠,"market    KOSDAQ
market       KSQ
Name: 1487, dtype: object",,853.01421219,0,제외,0,0,0,0,0,0,0,0,0,0,0,0,0,0,0,,,,0.98,61.29,,,,,0,,2026-09-30 13:39:06
078140,대봉엘에스,"market    KOSDAQ
market       KSQ
Name: 1489, dtype: object",,848.1232935,0,제외,0,0,0,0,0,0,0,0,0,0,0,0,0,0,0,,,,0.73,54.5,,,,,0,,2026-09-30 13:39:06
263720,디앤씨미디어,"market    KOSDAQ
market       KSQ
Name: 1493, dtype: object",,842.4945968,0,제외,0,0,0,0,0,0,0,0,0,0,0,0,0,0,0,,,,0.83,41.37,,,,,0,,2026-09-30 13:39:13
226400,오스테오닉,"market    KOSDAQ
market       KSQ
Name: 1494, dtype: object",,841.96024075,0,제외,0,0,0,0,0,0,0,0,0,0,0,0,0,0,0,,,,1.74,49.63,,,,,0,,2026-09-30 13:39:13
007980,TP,"market    KOSPI
market      STK
Name: 1496, dtype: object",,841.338459,0,제외,0,0,0,0,0,0,0,0,0,0,0,0,0,0,0,,,,1.91,79.82,,,,,0,,2026-09-30 13:39:14
183490,엔지켐생명과학,"market    KOSDAQ
market       KSQ
Name: 1499, dtype: object",,837.9383265,0,제외,0,0,0,0,0,0,0,0,0,0,0,0,0,0,0,,,,,56.06,,,,,0,,2026-09-30 13:39:19
049180,셀루메드,"market    KOSDAQ
market       KSQ
Name: 1497, dtype: object",,839.75227728,0,제외,0,0,0,0,0,0,0,0,0,0,0,0,0,0,0,,,,,33.92,,,,,0,,2026-09-30 13:39:19
185490,아이진,"market    KOSDAQ
market       KSQ
Name: 1500, dtype: object",,836.4963204,0,제외,0,0,0,0,0,0,0,0,0,0,0,0,0,0,0,,,,0.43,68.98,,,,,0,,2026-09-30 13:39:20
086710,선진뷰티사이언스,"market    KOSDAQ
market       KSQ
Name: 1501, dtype: object",,835.92468,0,제외,0,0,0,0,0,0,0,0,0,0,0,0,0,0,0,,,,0.53,57.66,,,,,0,,2026-09-30 13:39:20
330730,스톤브릿지벤처스,"market    KOSDAQ
market       KSQ
Name: 1502, dtype: object",,834.376614,0,제외,0,0,0,0,0,0,0,0,0,0,0,0,0,0,0,,,,0.62,63.2,,,,,0,,2026-09-30 13:39:21
044990,에이치엔에스하이텍,"market    KOSDAQ
market       KSQ
Name: 1503, dtype: object",,833.10007,0,제외,0,0,0,0,0,0,0,0,0,0,0,0,0,0,0,,,,0.36,45.41,,,,,0,,2026-09-30 13:39:26
085670,뉴프렉스,"market    KOSDAQ
market       KSQ
Name: 1504, dtype: object",,833.025874,0,제외,0,0,0,0,0,0,0,0,0,0,0,0,0,0,0,,,,1.03,46.63,,,,,0,,2026-09-30 13:39:26
058820,CMG제약,"market    KOSDAQ
market       KSQ
Name: 1505, dtype: object",,832.45438472,0,제외,0,0,0,0,0,0,0,0,0,0,0,0,0,0,0,,,,0.72,25.49,,,,,0,,2026-09-30 13:39:26
038110,에코플라스틱,"market    KOSDAQ
market       KSQ
Name: 1506, dtype: object",,829.5628055,0,제외,0,0,0,0,0,0,0,0,0,0,0,0,0,0,0,,,,0.4,38.9,,,,,0,,2026-09-30 13:39:27
066700,테라젠이텍스,"market    KOSDAQ
market       KSQ
Name: 1507, dtype: object",,828.4979848,0,제외,0,0,0,0,0,0,0,0,0,0,0,0,0,0,0,,,,0.82,65.42,,,,,0,,2026-09-30 13:39:27
223250,드림씨아이에스,"market    KOSDAQ
market       KSQ
Name: 1511, dtype: object",,826.5749184,0,제외,0,0,0,0,0,0,0,0,0,0,0,0,0,0,0,,,,0.25,38.83,,,,,0,,2026-09-30 13:39:33
025950,동신건설,"market    KOSDAQ
market       KSQ
Name: 1509, dtype: object",,828.24,0,제외,0,0,0,0,0,0,0,0,0,0,0,0,0,0,0,,,,0.62,32.78,,,,,0,,2026-09-30 13:39:32
33626K,두산퓨얼셀1우,"market    KOSPI
market      STK
Name: 1510, dtype: object",,827.24398,0,제외,0,0,0,0,0,0,0,0,0,0,0,0,0,0,0,,,,0.13,44.99,,,,,0,,2026-09-30 13:39:33
029480,광무,"market    KOSDAQ
market       KSQ
Name: 1514, dtype: object",,819.94368236,0,제외,0,0,0,0,0,0,0,0,0,0,0,0,0,0,0,,,,0.56,43.99,,,,,0,,2026-09-30 13:39:34
215100,로보로보,"market    KOSDAQ
market       KSQ
Name: 1517, dtype: object",,811.9033146,0,제외,0,0,0,0,0,0,0,0,0,0,0,0,0,0,0,,,,0.61,26.14,,,,,0,,2026-09-30 13:39:39
412540,제일엠앤에스,"market    KOSDAQ
market       KSQ
Name: 1518, dtype: object",,810.63616775,0,제외,0,0,0,0,0,0,0,0,0,0,0,0,0,0,0,,,,,,,,,,0,,2026-09-30 13:39:40
101330,모베이스,"market    KOSDAQ
market       KSQ
Name: 1520, dtype: object",,810.146015,0,제외,0,0,0,0,0,0,0,0,0,0,0,0,0,0,0,,,,1.43,38.29,,,,,0,,2026-09-30 13:39:41
250030,진코스텍,"market    KONEX
market      KNX
Name: 1521, dtype: object",,809.74124,0,제외,0,0,0,0,0,0,0,0,0,0,0,0,0,0,0,,,,1.68,95.24,,,,,0,,2026-09-30 13:39:47
066430,아이로보틱스,"market    KOSDAQ
market       KSQ
Name: 1522, dtype: object",,806.5616056,0,제외,0,0,0,0,0,0,0,0,0,0,0,0,0,0,0,,,,0.41,41.04,,,,,0,,2026-09-30 13:39:47
078890,가온그룹,"market    KOSDAQ
market       KSQ
Name: 1523, dtype: object",,805.1700091,0,제외,0,0,0,0,0,0,0,0,0,0,0,0,0,0,0,,,,0.46,40.06,,,,,0,,2026-09-30 13:39:47
094860,네오리진,"market    KOSDAQ
market       KSQ
Name: 1524, dtype: object",,805.14781224,0,제외,0,0,0,0,0,0,0,0,0,0,0,0,0,0,0,,,,0.74,78.95,,,,,0,,2026-09-30 13:39:48
067000,조이시티,"market    KOSDAQ
market       KSQ
Name: 1525, dtype: object",,800.3944567,0,제외,0,0,0,0,0,0,0,0,0,0,0,0,0,0,0,,,,0.64,34.69,,,,,0,,2026-09-30 13:39:48
000590,CS홀딩스,"market    KOSPI
market      STK
Name: 1526, dtype: object",,800.056026,0,제외,0,0,0,0,0,0,0,0,0,0,0,0,0,0,0,,,,0.21,76.15,,,,,0,,2026-09-30 13:39:49
032300,한국파마,"market    KOSDAQ
market       KSQ
Name: 1528, dtype: object",,799.4611833,0,제외,0,0,0,0,0,0,0,0,0,0,0,0,0,0,0,,,,0.34,49.83,,,,,0,,2026-09-30 13:39:54
100590,머큐리,"market    KOSDAQ
market       KSQ
Name: 1527, dtype: object",,799.55977425,0,제외,0,0,0,0,0,0,0,0,0,0,0,0,0,0,0,,,,0.19,37.18,,,,,0,,2026-09-30 13:39:54
049080,기가레인,"market    KOSDAQ
market       KSQ
Name: 1529, dtype: object",,798.7522294,0,제외,0,0,0,0,0,0,0,0,0,0,0,0,0,0,0,,,,0.25,30.18,,,,,0,,2026-09-30 13:39:54
011700,한신기계,"market    KOSPI
market      STK
Name: 1530, dtype: object",,798.1753146,0,제외,0,0,0,0,0,0,0,0,0,0,0,0,0,0,0,,,,0.41,41.54,,,,,0,,2026-09-30 13:39:55
302550,리메드,"market    KOSDAQ
market       KSQ
Name: 1531, dtype: object",,797.74659255,0,제외,0,0,0,0,0,0,0,0,0,0,0,0,0,0,0,,,,0.38,57.13,,,,,0,,2026-09-30 13:39:55
063080,컴투스홀딩스,"market    KOSDAQ
market       KSQ
Name: 1532, dtype: object",,797.3587128,0,제외,0,0,0,0,0,0,0,0,0,0,0,0,0,0,0,,,,0.85,42.82,,,,,0,,2026-09-30 13:39:56
147760,피엠티,"market    KOSDAQ
market       KSQ
Name: 1533, dtype: object",,796.0,0,제외,0,0,0,0,0,0,0,0,0,0,0,0,0,0,0,,,,1.43,39.82,,,,,0,,2026-09-30 13:40:02
089230,THE E&M,"market    KOSDAQ
market       KSQ
Name: 1534, dtype: object",,794.3402831,0,제외,0,0,0,0,0,0,0,0,0,0,0,0,0,0,0,,,,0.94,44.44,,,,,0,,2026-09-30 13:40:02
023800,인지컨트롤스,"market    KOSPI
market      STK
Name: 1535, dtype: object",,793.6216894,0,제외,0,0,0,0,0,0,0,0,0,0,0,0,0,0,0,,,,0.86,60.05,,,,,0,,2026-09-30 13:40:02
294630,서남,"market    KOSDAQ
market       KSQ
Name: 1536, dtype: object",,792.3254521,0,제외,0,0,0,0,0,0,0,0,0,0,0,0,0,0,0,,,,0.36,42.38,,,,,0,,2026-09-30 13:40:02
111380,동인기연,"market    KOSPI
market      STK
Name: 1538, dtype: object",,791.7376,0,제외,0,0,0,0,0,0,0,0,0,0,0,0,0,0,0,,,,0.6,74.5,,,,,0,,2026-09-30 13:40:04
418470,KT밀리의서재,"market    KOSDAQ
market       KSQ
Name: 1540, dtype: object",,789.7657458,0,제외,0,0,0,0,0,0,0,0,0,0,0,0,0,0,0,,,,0.93,57.82,,,,,0,,2026-09-30 13:40:09
137950,제이씨케미칼,"market    KOSDAQ
market       KSQ
Name: 1541, dtype: object",,789.3940063,0,제외,0,0,0,0,0,0,0,0,0,0,0,0,0,0,0,,,,0.55,56.17,,,,,0,,2026-09-30 13:40:09
058400,KNN,"market    KOSDAQ
market       KSQ
Name: 1542, dtype: object",,789.2811312,0,제외,0,0,0,0,0,0,0,0,0,0,0,0,0,0,0,,,,0.85,66.7,,,,,0,,2026-09-30 13:40:10
054670,대한뉴팜,"market    KOSDAQ
market       KSQ
Name: 1543, dtype: object",,786.649616,0,제외,0,0,0,0,0,0,0,0,0,0,0,0,0,0,0,,,,1.5,69.37,,,,,0,,2026-09-30 13:40:10
001260,남광토건,"market    KOSPI
market      STK
Name: 1544, dtype: object",,786.60576,0,제외,0,0,0,0,0,0,0,0,0,0,0,0,0,0,0,,,,1.2,59.33,,,,,0,,2026-09-30 13:40:11
007820,엠엑스로보틱스,"market    KOSDAQ
market       KSQ
Name: 1546, dtype: object",,785.9992203,0,제외,0,0,0,0,0,0,0,0,0,0,0,0,0,0,0,,,,0.38,44.46,,,,,0,,2026-09-30 13:40:16
047820,초록뱀미디어,"market    KOSDAQ
market       KSQ
Name: 1545, dtype: object",,786.1938495,0,제외,0,0,0,0,0,0,0,0,0,0,0,0,0,0,0,,,,1.79,40.62,,,,,0,,2026-09-30 13:40:16
009180,한솔로지스틱스,"market    KOSPI
market      STK
Name: 1547, dtype: object",,785.5475175,0,제외,0,0,0,0,0,0,0,0,0,0,0,0,0,0,0,,,,1.08,74.4,,,,,0,,2026-09-30 13:40:16
066980,한성크린텍,"market    KOSDAQ
market       KSQ
Name: 1549, dtype: object",,785.0595638,0,제외,0,0,0,0,0,0,0,0,0,0,0,0,0,0,0,,,,0.54,53.44,,,,,0,,2026-09-30 13:40:17
365330,에스와이스틸텍,"market    KOSDAQ
market       KSQ
Name: 1548, dtype: object",,785.17615,0,제외,0,0,0,0,0,0,0,0,0,0,0,0,0,0,0,,,,0.7,34.26,,,,,0,,2026-09-30 13:40:17
149980,하이로닉,"market    KOSDAQ
market       KSQ
Name: 1550, dtype: object",,784.2764976,0,제외,0,0,0,0,0,0,0,0,0,0,0,0,0,0,0,,,,0.34,48.74,,,,,0,,2026-09-30 13:40:18
389030,지니너스,"market    KOSDAQ
market       KSQ
Name: 1552, dtype: object",,781.54265664,0,제외,0,0,0,0,0,0,0,0,0,0,0,0,0,0,0,,,,1.44,30.83,,,,,0,,2026-09-30 13:40:23
475430,키스트론,"market    KOSDAQ
market       KSQ
Name: 1554, dtype: object",,780.8548125,0,제외,0,0,0,0,0,0,0,0,0,0,0,0,0,0,0,,,,1.07,56.14,,,,,0,,2026-09-30 13:40:24
131370,알서포트,"market    KOSDAQ
market       KSQ
Name: 1555, dtype: object",,779.29742429,0,제외,0,0,0,0,0,0,0,0,0,0,0,0,0,0,0,,,,0.56,47.51,,,,,0,,2026-09-30 13:40:24
142280,녹십자엠에스,"market    KOSDAQ
market       KSQ
Name: 1556, dtype: object",,778.7985075,0,제외,0,0,0,0,0,0,0,0,0,0,0,0,0,0,0,,,,0.22,49.1,,,,,0,,2026-09-30 13:40:25
007610,선도전기,"market    KOSPI
market      STK
Name: 1561, dtype: object",,774.0,0,제외,0,0,0,0,0,0,0,0,0,0,0,0,0,0,0,,,,0.22,25.86,,,,,0,,2026-09-30 13:40:30
396270,넥스트칩,"market    KOSDAQ
market       KSQ
Name: 1557, dtype: object",,777.78774315,0,제외,0,0,0,0,0,0,0,0,0,0,0,0,0,0,0,,,,0.76,31.44,,,,,0,,2026-09-30 13:40:30
360070,탑머티리얼,"market    KOSDAQ
market       KSQ
Name: 1558, dtype: object",,777.4248807,0,제외,0,0,0,0,0,0,0,0,0,0,0,0,0,0,0,,,,1.89,33.61,,,,,0,,2026-09-30 13:40:30
0015S0,페스카로,"market    KOSDAQ
market       KSQ
Name: 1560, dtype: object",,774.538305,0,제외,0,0,0,0,0,0,0,0,0,0,0,0,0,0,0,,,,0.14,16.55,,,,,0,,2026-09-30 13:40:30
382840,원준,"market    KOSDAQ
market       KSQ
Name: 1559, dtype: object",,777.3234729,0,제외,0,0,0,0,0,0,0,0,0,0,0,0,0,0,0,,,,0.31,41.81,,,,,0,,2026-09-30 13:40:30
004590,한국가구,"market    KOSDAQ
market       KSQ
Name: 1562, dtype: object",,774.0,0,제외,0,0,0,0,0,0,0,0,0,0,0,0,0,0,0,,,,1.35,60.65,,,,,0,,2026-09-30 13:40:32
024880,케이피에프,"market    KOSDAQ
market       KSQ
Name: 1564, dtype: object",,773.7350112,0,제외,0,0,0,0,0,0,0,0,0,0,0,0,0,0,0,,,,0.86,56.32,,,,,0,,2026-09-30 13:40:37
079810,APS이노베이션,"market    KOSDAQ
market       KSQ
Name: 1563, dtype: object",,773.9349793,0,제외,0,0,0,0,0,0,0,0,0,0,0,0,0,0,0,,,,0.48,42.3,,,,,0,,2026-09-30 13:40:37
225530,HC보광산업,"market    KOSDAQ
market       KSQ
Name: 1565, dtype: object",,766.7471397,0,제외,0,0,0,0,0,0,0,0,0,0,0,0,0,0,0,,,,0.8,46.43,,,,,0,,2026-09-30 13:40:37
124560,태웅로직스,"market    KOSDAQ
market       KSQ
Name: 1566, dtype: object",,766.6720578,0,제외,0,0,0,0,0,0,0,0,0,0,0,0,0,0,0,,,,0.65,58.86,,,,,0,,2026-09-30 13:40:37
040160,누리플렉스,"market    KOSDAQ
market       KSQ
Name: 1567, dtype: object",,766.4761395,0,제외,0,0,0,0,0,0,0,0,0,0,0,0,0,0,0,,,,0.69,34.47,,,,,0,,2026-09-30 13:40:37
005740,크라운해태홀딩스,"market    KOSPI
market      STK
Name: 1568, dtype: object",,766.1231052,0,제외,0,0,0,0,0,0,0,0,0,0,0,0,0,0,0,,,,0.39,63.31,,,,,0,,2026-09-30 13:40:38
163560,동일고무벨트,"market    KOSPI
market      STK
Name: 1572, dtype: object",,763.11,0,제외,0,0,0,0,0,0,0,0,0,0,0,0,0,0,0,,,,0.56,62.87,,,,,0,,2026-09-30 13:40:44
389140,포바이포,"market    KOSDAQ
market       KSQ
Name: 1571, dtype: object",,763.4308225,0,제외,0,0,0,0,0,0,0,0,0,0,0,0,0,0,0,,,,1.44,36.3,,,,,0,,2026-09-30 13:40:44
088390,이녹스,"market    KOSDAQ
market       KSQ
Name: 1569, dtype: object",,765.8848704,0,제외,0,0,0,0,0,0,0,0,0,0,0,0,0,0,0,,,,0.61,47.17,,,,,0,,2026-09-30 13:40:43
0117P0,피스피스스튜디오,"market    KOSDAQ
market       KSQ
Name: 1570, dtype: object",,765.121194,0,제외,0,0,0,0,0,0,0,0,0,0,0,0,0,0,0,,,,0.67,12.69,,,,,0,,2026-09-30 13:40:44
000440,중앙에너비스,"market    KOSDAQ
market       KSQ
Name: 1573, dtype: object",,762.823425,0,제외,0,0,0,0,0,0,0,0,0,0,0,0,0,0,0,,,,0.07,32.61,,,,,0,,2026-09-30 13:40:44
0017J0,세미티에스,"market    KOSDAQ
market       KSQ
Name: 1574, dtype: object",,762.8213373,0,제외,0,0,0,0,0,0,0,0,0,0,0,0,0,0,0,,,,0.95,30.07,,,,,0,,2026-09-30 13:40:45
073640,테라사이언스,"market    KOSDAQ
market       KSQ
Name: 1576, dtype: object",,761.1171558,0,제외,0,0,0,0,0,0,0,0,0,0,0,0,0,0,0,,,,,,,,,,0,,2026-09-30 13:40:51
004840,DRB동일,"market    KOSPI
market      STK
Name: 1579, dtype: object",,759.3311416,0,제외,0,0,0,0,0,0,0,0,0,0,0,0,0,0,0,,,,0.27,61.59,,,,,0,,2026-09-30 13:40:51
388870,파로스아이바이오,"market    KOSDAQ
market       KSQ
Name: 1577, dtype: object",,759.9262084,0,제외,0,0,0,0,0,0,0,0,0,0,0,0,0,0,0,,,,1.15,48.18,,,,,0,,2026-09-30 13:40:51
381620,제닉스로보틱스,"market    KOSDAQ
market       KSQ
Name: 1578, dtype: object",,759.527568,0,제외,0,0,0,0,0,0,0,0,0,0,0,0,0,0,0,,,,0.53,29.49,,,,,0,,2026-09-30 13:40:51
030960,양지사,"market    KOSDAQ
market       KSQ
Name: 1580, dtype: object",,756.653,0,제외,0,0,0,0,0,0,0,0,0,0,0,0,0,0,0,,,,0.23,48.83,,,,,0,,2026-09-30 13:40:52
084680,이월드,"market    KOSPI
market      STK
Name: 1581, dtype: object",,754.40894676,0,제외,0,0,0,0,0,0,0,0,0,0,0,0,0,0,0,,,,0.75,25.33,,,,,0,,2026-09-30 13:40:58
041930,SY동아,"market    KOSDAQ
market       KSQ
Name: 1582, dtype: object",,753.92,0,제외,0,0,0,0,0,0,0,0,0,0,0,0,0,0,0,,,,0.02,57.23,,,,,0,,2026-09-30 13:40:58
102370,케이옥션,"market    KOSDAQ
market       KSQ
Name: 1584, dtype: object",,753.349239,0,제외,0,0,0,0,0,0,0,0,0,0,0,0,0,0,0,,,,1.0,59.92,,,,,0,,2026-09-30 13:40:58
012700,리드코프,"market    KOSDAQ
market       KSQ
Name: 1586, dtype: object",,752.5509654,0,제외,0,0,0,0,0,0,0,0,0,0,0,0,0,0,0,,,,0.5,69.32,,,,,0,,2026-09-30 13:40:59
302430,이노메트리,"market    KOSDAQ
market       KSQ
Name: 1588, dtype: object",,747.9847704,0,제외,0,0,0,0,0,0,0,0,0,0,0,0,0,0,0,,,,0.32,66.72,,,,,0,,2026-09-30 13:41:05
011320,유니크,"market    KOSDAQ
market       KSQ
Name: 1589, dtype: object",,746.74486175,0,제외,0,0,0,0,0,0,0,0,0,0,0,0,0,0,0,,,,1.0,75.63,,,,,0,,2026-09-30 13:41:05
002220,한일철강,"market    KOSPI
market      STK
Name: 1587, dtype: object",,748.863753,0,제외,0,0,0,0,0,0,0,0,0,0,0,0,0,0,0,,,,0.85,43.74,,,,,0,,2026-09-30 13:41:05
950130,엑세스바이오,"market    KOSDAQ
market       KSQ
Name: 1590, dtype: object",,745.6852808,0,제외,0,0,0,0,0,0,0,0,0,0,0,0,0,0,0,,,,1.99,40.44,,,,,0,,2026-09-30 13:41:05
331380,포커스에이아이,"market    KOSDAQ
market       KSQ
Name: 1592, dtype: object",,744.74857405,0,제외,0,0,0,0,0,0,0,0,0,0,0,0,0,0,0,,,,0.65,54.53,,,,,0,,2026-09-30 13:41:06
066310,큐에스아이,"market    KOSDAQ
market       KSQ
Name: 1591, dtype: object",,745.4383284,0,제외,0,0,0,0,0,0,0,0,0,0,0,0,0,0,0,,,,0.52,35.96,,,,,0,,2026-09-30 13:41:05
060590,씨티씨바이오,"market    KOSDAQ
market       KSQ
Name: 1596, dtype: object",,742.357314,0,제외,0,0,0,0,0,0,0,0,0,0,0,0,0,0,0,,,,1.32,40.49,,,,,0,,2026-09-30 13:41:12
040910,아이씨디,"market    KOSDAQ
market       KSQ
Name: 1595, dtype: object",,743.3278475,0,제외,0,0,0,0,0,0,0,0,0,0,0,0,0,0,0,,,,1.16,58.62,,,,,0,,2026-09-30 13:41:12
253840,수젠텍,"market    KOSDAQ
market       KSQ
Name: 1594, dtype: object",,743.39808,0,제외,0,0,0,0,0,0,0,0,0,0,0,0,0,0,0,,,,0.36,54.12,,,,,0,,2026-09-30 13:41:12
058630,엠게임,"market    KOSDAQ
market       KSQ
Name: 1593, dtype: object",,744.3325591,0,제외,0,0,0,0,0,0,0,0,0,0,0,0,0,0,0,,,,1.37,56.16,,,,,0,,2026-09-30 13:41:12
060570,드림어스컴퍼니,"market    KOSDAQ
market       KSQ
Name: 1598, dtype: object",,740.2746843,0,제외,0,0,0,0,0,0,0,0,0,0,0,0,0,0,0,,,,0.11,49.17,,,,,0,,2026-09-30 13:41:12
451250,삐아,"market    KOSDAQ
market       KSQ
Name: 1597, dtype: object",,740.3534948,0,제외,0,0,0,0,0,0,0,0,0,0,0,0,0,0,0,,,,0.71,55.86,,,,,0,,2026-09-30 13:41:12
168330,내츄럴엔도텍,"market    KOSDAQ
market       KSQ
Name: 1599, dtype: object",,739.88917,0,제외,0,0,0,0,0,0,0,0,0,0,0,0,0,0,0,,,,0.82,56.83,,,,,0,,2026-09-30 13:41:19
011370,서한,"market    KOSDAQ
market       KSQ
Name: 1600, dtype: object",,739.55936045,0,제외,0,0,0,0,0,0,0,0,0,0,0,0,0,0,0,,,,0.24,59.13,,,,,0,,2026-09-30 13:41:19
487580,폴레드,"market    KOSDAQ
market       KSQ
Name: 1603, dtype: object",,736.59868425,0,제외,0,0,0,0,0,0,0,0,0,0,0,0,0,0,0,,,,0.91,11.25,,,,,0,,2026-09-30 13:41:19
170030,현대공업,"market    KOSDAQ
market       KSQ
Name: 1604, dtype: object",,735.553,0,제외,0,0,0,0,0,0,0,0,0,0,0,0,0,0,0,,,,0.89,65.92,,,,,0,,2026-09-30 13:41:19
084730,팅크웨어,"market    KOSDAQ
market       KSQ
Name: 1601, dtype: object",,737.6657536,0,제외,0,0,0,0,0,0,0,0,0,0,0,0,0,0,0,,,,0.04,61.88,,,,,0,,2026-09-30 13:41:19
041910,폴라리스AI파마,"market    KOSDAQ
market       KSQ
Name: 1607, dtype: object",,734.569255,0,제외,0,0,0,0,0,0,0,0,0,0,0,0,0,0,0,,,,1.3,54.02,,,,,0,,2026-09-30 13:41:25
013360,일성건설,"market    KOSPI
market      STK
Name: 1608, dtype: object",,734.1981192,0,제외,0,0,0,0,0,0,0,0,0,0,0,0,0,0,0,,,,0.52,47.84,,,,,0,,2026-09-30 13:41:26
000105,유한양행우,"market    KOSPI
market      STK
Name: 1605, dtype: object",,734.9376,0,제외,0,0,0,0,0,0,0,0,0,0,0,0,0,0,0,,,,0.55,55.59,,,,,0,,2026-09-30 13:41:25
019550,SBI인베스트먼트,"market    KOSDAQ
market       KSQ
Name: 1606, dtype: object",,734.73432288,0,제외,0,0,0,0,0,0,0,0,0,0,0,0,0,0,0,,,,0.45,48.02,,,,,0,,2026-09-30 13:41:25
017480,삼현철강,"market    KOSDAQ
market       KSQ
Name: 1610, dtype: object",,733.537275,0,제외,0,0,0,0,0,0,0,0,0,0,0,0,0,0,0,,,,0.7,77.36,,,,,0,,2026-09-30 13:41:26
347890,엠엑스온,"market    KOSDAQ
market       KSQ
Name: 1614, dtype: object",,729.8664516,0,제외,0,0,0,0,0,0,0,0,0,0,0,0,0,0,0,,,,0.33,54.03,,,,,0,,2026-09-30 13:41:32
214330,금호에이치티,"market    KOSPI
market      STK
Name: 1612, dtype: object",,730.9393371,0,제외,0,0,0,0,0,0,0,0,0,0,0,0,0,0,0,,,,0.44,39.55,,,,,0,,2026-09-30 13:41:32
010960,삼호개발,"market    KOSPI
market      STK
Name: 1611, dtype: object",,733.248,0,제외,0,0,0,0,0,0,0,0,0,0,0,0,0,0,0,,,,0.58,55.82,,,,,0,,2026-09-30 13:41:32
083790,CG인바이츠,"market    KOSDAQ
market       KSQ
Name: 1613, dtype: object",,730.494729,0,제외,0,0,0,0,0,0,0,0,0,0,0,0,0,0,0,,,,1.01,51.68,,,,,0,,2026-09-30 13:41:32
055490,테이팩스,"market    KOSPI
market      STK
Name: 1616, dtype: object",,726.61347,0,제외,0,0,0,0,0,0,0,0,0,0,0,0,0,0,0,,,,0.4,66.48,,,,,0,,2026-09-30 13:41:33
013870,지엠비코리아,"market    KOSPI
market      STK
Name: 1618, dtype: object",,725.700254,0,제외,0,0,0,0,0,0,0,0,0,0,0,0,0,0,0,,,,0.63,52.87,,,,,0,,2026-09-30 13:41:39
039010,현대에이치티,"market    KOSDAQ
market       KSQ
Name: 1617, dtype: object",,726.225,0,제외,0,0,0,0,0,0,0,0,0,0,0,0,0,0,0,,,,0.68,67.31,,,,,0,,2026-09-30 13:41:39
038680,에스넷,"market    KOSDAQ
market       KSQ
Name: 1620, dtype: object",,723.8245367,0,제외,0,0,0,0,0,0,0,0,0,0,0,0,0,0,0,,,,1.13,57.56,,,,,0,,2026-09-30 13:41:39
053280,예스24,"market    KOSDAQ
market       KSQ
Name: 1621, dtype: object",,723.75,0,제외,0,0,0,0,0,0,0,0,0,0,0,0,0,0,0,,,,0.45,73.27,,,,,0,,2026-09-30 13:41:39
065510,휴비츠,"market    KOSDAQ
market       KSQ
Name: 1619, dtype: object",,724.467807,0,제외,0,0,0,0,0,0,0,0,0,0,0,0,0,0,0,,,,1.19,66.3,,,,,0,,2026-09-30 13:41:39
024740,한일단조,"market    KOSDAQ
market       KSQ
Name: 1622, dtype: object",,723.735078,0,제외,0,0,0,0,0,0,0,0,0,0,0,0,0,0,0,,,,1.13,46.15,,,,,0,,2026-09-30 13:41:40
263800,데이타솔루션,"market    KOSDAQ
market       KSQ
Name: 1624, dtype: object",,722.02941,0,제외,0,0,0,0,0,0,0,0,0,0,0,0,0,0,0,,,,0.52,51.09,,,,,0,,2026-09-30 13:41:46
107600,새빗켐,"market    KOSDAQ
market       KSQ
Name: 1623, dtype: object",,723.206912,0,제외,0,0,0,0,0,0,0,0,0,0,0,0,0,0,0,,,,0.97,30.18,,,,,0,,2026-09-30 13:41:46
109070,주성코퍼레이션,"market    KOSPI
market      STK
Name: 1627, dtype: object",,719.2753326,0,제외,0,0,0,0,0,0,0,0,0,0,0,0,0,0,0,,,,0.45,48.98,,,,,0,,2026-09-30 13:41:46
067170,오텍,"market    KOSDAQ
market       KSQ
Name: 1631, dtype: object",,715.51761635,0,제외,0,0,0,0,0,0,0,0,0,0,0,0,0,0,0,,,,0.54,50.0,,,,,0,,2026-09-30 13:41:53
020710,시공테크,"market    KOSDAQ
market       KSQ
Name: 1629, dtype: object",,717.717326,0,제외,0,0,0,0,0,0,0,0,0,0,0,0,0,0,0,,,,0.31,59.93,,,,,0,,2026-09-30 13:41:52
171120,라이온켐텍,"market    KOSDAQ
market       KSQ
Name: 1632, dtype: object",,714.8040416,0,제외,0,0,0,0,0,0,0,0,0,0,0,0,0,0,0,,,,0.83,54.71,,,,,0,,2026-09-30 13:41:53
208370,셀바스헬스케어,"market    KOSDAQ
market       KSQ
Name: 1630, dtype: object",,715.5876792,0,제외,0,0,0,0,0,0,0,0,0,0,0,0,0,0,0,,,,1.41,36.78,,,,,0,,2026-09-30 13:41:52
347000,센코,"market    KOSDAQ
market       KSQ
Name: 1634, dtype: object",,714.6249894,0,제외,0,0,0,0,0,0,0,0,0,0,0,0,0,0,0,,,,0.53,71.77,,,,,0,,2026-09-30 13:41:54
338100,NH프라임리츠,"market    KOSPI
market      STK
Name: 1633, dtype: object",,714.678,0,제외,0,0,0,0,0,0,0,0,0,0,0,0,0,0,0,,,,0.87,76.88,,,,,0,,2026-09-30 13:41:53
229500,노브메타파마,"market    KONEX
market      KNX
Name: 1635, dtype: object",,713.1777363,0,제외,0,0,0,0,0,0,0,0,0,0,0,0,0,0,0,,,,0.22,32.68,,,,,0,,2026-09-30 13:41:59
299660,셀리드,"market    KOSDAQ
market       KSQ
Name: 1638, dtype: object",,711.0217457,0,제외,0,0,0,0,0,0,0,0,0,0,0,0,0,0,0,,,,0.15,50.74,,,,,0,,2026-09-30 13:42:00
054040,한국컴퓨터,"market    KOSDAQ
market       KSQ
Name: 1637, dtype: object",,711.1545825,0,제외,0,0,0,0,0,0,0,0,0,0,0,0,0,0,0,,,,0.48,74.7,,,,,0,,2026-09-30 13:42:00
091590,남화토건,"market    KOSDAQ
market       KSQ
Name: 1639, dtype: object",,710.27,0,제외,0,0,0,0,0,0,0,0,0,0,0,0,0,0,0,,,,0.28,49.71,,,,,0,,2026-09-30 13:42:00
014160,대영포장,"market    KOSPI
market      STK
Name: 1640, dtype: object",,709.98429595,0,제외,0,0,0,0,0,0,0,0,0,0,0,0,0,0,0,,,,0.56,40.01,,,,,0,,2026-09-30 13:42:01
377480,마음AI,"market    KOSDAQ
market       KSQ
Name: 1641, dtype: object",,708.8944175,0,제외,0,0,0,0,0,0,0,0,0,0,0,0,0,0,0,,,,0.65,37.81,,,,,0,,2026-09-30 13:42:07
277880,티에스아이,"market    KOSDAQ
market       KSQ
Name: 1643, dtype: object",,708.4026684,0,제외,0,0,0,0,0,0,0,0,0,0,0,0,0,0,0,,,,0.84,54.5,,,,,0,,2026-09-30 13:42:07
038460,바이오스마트,"market    KOSDAQ
market       KSQ
Name: 1644, dtype: object",,707.687176,0,제외,0,0,0,0,0,0,0,0,0,0,0,0,0,0,0,,,,0.54,40.4,,,,,0,,2026-09-30 13:42:07
001020,페이퍼코리아,"market    KOSPI
market      STK
Name: 1645, dtype: object",,707.30567394,0,제외,0,0,0,0,0,0,0,0,0,0,0,0,0,0,0,,,,0.23,37.67,,,,,0,,2026-09-30 13:42:07
456570,아이엠지티,"market    KONEX
market      KNX
Name: 1646, dtype: object",,707.0631772,0,제외,0,0,0,0,0,0,0,0,0,0,0,0,0,0,0,,,,0.0,47.96,,,,,0,,2026-09-30 13:42:07
104460,디와이피엔에프,"market    KOSDAQ
market       KSQ
Name: 1648, dtype: object",,704.712767,0,제외,0,0,0,0,0,0,0,0,0,0,0,0,0,0,0,,,,1.05,40.24,,,,,0,,2026-09-30 13:42:13
128660,피제이메탈,"market    KOSDAQ
market       KSQ
Name: 1649, dtype: object",,704.4156796,0,제외,0,0,0,0,0,0,0,0,0,0,0,0,0,0,0,,,,0.61,68.72,,,,,0,,2026-09-30 13:42:13
045660,에이텍,"market    KOSDAQ
market       KSQ
Name: 1650, dtype: object",,703.752,0,제외,0,0,0,0,0,0,0,0,0,0,0,0,0,0,0,,,,0.66,64.37,,,,,0,,2026-09-30 13:42:14
039980,폴라리스AI,"market    KOSDAQ
market       KSQ
Name: 1651, dtype: object",,703.2413646,0,제외,0,0,0,0,0,0,0,0,0,0,0,0,0,0,0,,,,0.27,32.74,,,,,0,,2026-09-30 13:42:14
217330,싸이토젠,"market    KOSDAQ
market       KSQ
Name: 1652, dtype: object",,703.1382288,0,제외,0,0,0,0,0,0,0,0,0,0,0,0,0,0,0,,,,0.53,27.46,,,,,0,,2026-09-30 13:42:14
005750,대림바스,"market    KOSPI
market      STK
Name: 1655, dtype: object",,700.192528,0,제외,0,0,0,0,0,0,0,0,0,0,0,0,0,0,0,,,,0.79,65.5,,,,,0,,2026-09-30 13:42:20
004770,써니전자,"market    KOSPI
market      STK
Name: 1654, dtype: object",,700.91682612,0,제외,0,0,0,0,0,0,0,0,0,0,0,0,0,0,0,,,,0.1,72.61,,,,,0,,2026-09-30 13:42:20
413390,엠오티,"market    KOSDAQ
market       KSQ
Name: 1653, dtype: object",,701.959344,0,제외,0,0,0,0,0,0,0,0,0,0,0,0,0,0,0,,,,1.34,53.95,,,,,0,,2026-09-30 13:42:20
063160,종근당바이오,"market    KOSPI
market      STK
Name: 1656, dtype: object",,700.0087512,0,제외,0,0,0,0,0,0,0,0,0,0,0,0,0,0,0,,,,0.85,52.41,,,,,0,,2026-09-30 13:42:21
090470,제이스로보틱스,"market    KOSDAQ
market       KSQ
Name: 1657, dtype: object",,699.9375897,0,제외,0,0,0,0,0,0,0,0,0,0,0,0,0,0,0,,,,0.15,40.1,,,,,0,,2026-09-30 13:42:21
136150,원일티엔아이,"market    KOSDAQ
market       KSQ
Name: 1658, dtype: object",,699.816005,0,제외,0,0,0,0,0,0,0,0,0,0,0,0,0,0,0,,,,0.75,29.33,,,,,0,,2026-09-30 13:42:21
120115,코오롱인더우,"market    KOSPI
market      STK
Name: 1659, dtype: object",,698.88465,0,제외,0,0,0,0,0,0,0,0,0,0,0,0,0,0,0,,,,0.16,76.67,,,,,0,,2026-09-30 13:42:27
212710,아이에스티이,"market    KOSDAQ
market       KSQ
Name: 1660, dtype: object",,698.5069182,0,제외,0,0,0,0,0,0,0,0,0,0,0,0,0,0,0,,,,0.54,45.96,,,,,0,,2026-09-30 13:42:27
371950,풍원정밀,"market    KOSDAQ
market       KSQ
Name: 1661, dtype: object",,695.167795,0,제외,0,0,0,0,0,0,0,0,0,0,0,0,0,0,0,,,,0.99,14.92,,,,,0,,2026-09-30 13:42:27
294140,레몬,"market    KOSDAQ
market       KSQ
Name: 1662, dtype: object",,695.1234222,0,제외,0,0,0,0,0,0,0,0,0,0,0,0,0,0,0,,,,0.78,29.37,,,,,0,,2026-09-30 13:42:27
032850,비트컴퓨터,"market    KOSDAQ
market       KSQ
Name: 1663, dtype: object",,694.02248275,0,제외,0,0,0,0,0,0,0,0,0,0,0,0,0,0,0,,,,0.89,70.1,,,,,0,,2026-09-30 13:42:28
024830,세원물산,"market    KOSDAQ
market       KSQ
Name: 1664, dtype: object",,693.885,0,제외,0,0,0,0,0,0,0,0,0,0,0,0,0,0,0,,,,0.69,59.43,,,,,0,,2026-09-30 13:42:28
282620,기도산업,"market    KOSDAQ
market       KSQ
Name: 1666, dtype: object",,692.1494967,0,제외,0,0,0,0,0,0,0,0,0,0,0,0,0,0,0,,,,0.54,40.58,,,,,0,,2026-09-30 13:42:33
009770,삼정펄프,"market    KOSPI
market      STK
Name: 1665, dtype: object",,693.7419525,0,제외,0,0,0,0,0,0,0,0,0,0,0,0,0,0,0,,,,1.34,75.99,,,,,0,,2026-09-30 13:42:33
320000,한울반도체,"market    KOSDAQ
market       KSQ
Name: 1667, dtype: object",,692.058367,0,제외,0,0,0,0,0,0,0,0,0,0,0,0,0,0,0,,,,0.35,35.01,,,,,0,,2026-09-30 13:42:34
048430,유라테크,"market    KOSDAQ
market       KSQ
Name: 1668, dtype: object",,691.2,0,제외,0,0,0,0,0,0,0,0,0,0,0,0,0,0,0,,,,0.2,61.99,,,,,0,,2026-09-30 13:42:34
228340,동양파일,"market    KOSDAQ
market       KSQ
Name: 1669, dtype: object",,690.0,0,제외,0,0,0,0,0,0,0,0,0,0,0,0,0,0,0,,,,0.11,47.33,,,,,0,,2026-09-30 13:42:34
010040,한국내화,"market    KOSPI
market      STK
Name: 1670, dtype: object",,689.9266416,0,제외,0,0,0,0,0,0,0,0,0,0,0,0,0,0,0,,,,0.22,68.18,,,,,0,,2026-09-30 13:42:35
001560,제일연마,"market    KOSPI
market      STK
Name: 1671, dtype: object",,689.32,0,제외,0,0,0,0,0,0,0,0,0,0,0,0,0,0,0,,,,0.02,70.7,,,,,0,,2026-09-30 13:42:40
110790,크리스에프앤씨,"market    KOSDAQ
market       KSQ
Name: 1673, dtype: object",,688.870224,0,제외,0,0,0,0,0,0,0,0,0,0,0,0,0,0,0,,,,0.6,59.9,,,,,0,,2026-09-30 13:42:40
095720,웅진씽크빅,"market    KOSPI
market      STK
Name: 1672, dtype: object",,689.31254105,0,제외,0,0,0,0,0,0,0,0,0,0,0,0,0,0,0,,,,0.91,35.27,,,,,0,,2026-09-30 13:42:40
004440,삼일씨엔에스,"market    KOSPI
market      STK
Name: 1674, dtype: object",,687.525138,0,제외,0,0,0,0,0,0,0,0,0,0,0,0,0,0,0,,,,0.4,49.05,,,,,0,,2026-09-30 13:42:41
228670,레이,"market    KOSDAQ
market       KSQ
Name: 1675, dtype: object",,686.5969219,0,제외,0,0,0,0,0,0,0,0,0,0,0,0,0,0,0,,,,0.55,37.21,,,,,0,,2026-09-30 13:42:41
096350,대창솔루션,"market    KOSDAQ
market       KSQ
Name: 1676, dtype: object",,685.4985732,0,제외,0,0,0,0,0,0,0,0,0,0,0,0,0,0,0,,,,0.32,44.47,,,,,0,,2026-09-30 13:42:41
049550,잉크테크,"market    KOSDAQ
market       KSQ
Name: 1678, dtype: object",,684.2590673,0,제외,0,0,0,0,0,0,0,0,0,0,0,0,0,0,0,,,,1.35,76.97,,,,,0,,2026-09-30 13:42:47
011150,CJ씨푸드,"market    KOSPI
market      STK
Name: 1679, dtype: object",,683.76261019,0,제외,0,0,0,0,0,0,0,0,0,0,0,0,0,0,0,,,,0.62,57.16,,,,,0,,2026-09-30 13:42:47
000180,성창기업지주,"market    KOSPI
market      STK
Name: 1680, dtype: object",,683.56568,0,제외,0,0,0,0,0,0,0,0,0,0,0,0,0,0,0,,,,0.19,52.95,,,,,0,,2026-09-30 13:42:47
451220,아이엠티,"market    KOSDAQ
market       KSQ
Name: 1682, dtype: object",,682.7287737,0,제외,0,0,0,0,0,0,0,0,0,0,0,0,0,0,0,,,,1.42,45.08,,,,,0,,2026-09-30 13:42:48
067570,엔브이에이치코리아,"market    KOSDAQ
market       KSQ
Name: 1683, dtype: object",,681.8889,0,제외,0,0,0,0,0,0,0,0,0,0,0,0,0,0,0,,,,0.3,65.23,,,,,0,,2026-09-30 13:42:53
031820,아이티센씨티에스,"market    KOSPI
market      STK
Name: 1684, dtype: object",,681.5197198,0,제외,0,0,0,0,0,0,0,0,0,0,0,0,0,0,0,,,,0.34,56.61,,,,,0,,2026-09-30 13:42:53
002700,신일전자,"market    KOSPI
market      STK
Name: 1685, dtype: object",,681.36235874,0,제외,0,0,0,0,0,0,0,0,0,0,0,0,0,0,0,,,,1.97,66.56,,,,,0,,2026-09-30 13:42:54
002720,국제약품,"market    KOSPI
market      STK
Name: 1686, dtype: object",,681.3465904,0,제외,0,0,0,0,0,0,0,0,0,0,0,0,0,0,0,,,,0.33,58.87,,,,,0,,2026-09-30 13:42:54
026150,특수건설,"market    KOSDAQ
market       KSQ
Name: 1688, dtype: object",,680.7976428,0,제외,0,0,0,0,0,0,0,0,0,0,0,0,0,0,0,,,,0.59,50.72,,,,,0,,2026-09-30 13:42:54
460940,피앤에스로보틱스,"market    KOSDAQ
market       KSQ
Name: 1687, dtype: object",,680.837168,0,제외,0,0,0,0,0,0,0,0,0,0,0,0,0,0,0,,,,0.28,34.12,,,,,0,,2026-09-30 13:42:54
054620,APS,"market    KOSDAQ
market       KSQ
Name: 1689, dtype: object",,679.66646595,0,제외,0,0,0,0,0,0,0,0,0,0,0,0,0,0,0,,,,1.65,34.59,,,,,0,,2026-09-30 13:43:00
084670,동양고속,"market    KOSPI
market      STK
Name: 1690, dtype: object",,679.0109305,0,제외,0,0,0,0,0,0,0,0,0,0,0,0,0,0,0,,,,0.59,13.57,,,,,0,,2026-09-30 13:43:00
117670,알파칩스,"market    KOSDAQ
market       KSQ
Name: 1691, dtype: object",,678.1653356,0,제외,0,0,0,0,0,0,0,0,0,0,0,0,0,0,0,,,,0.19,48.17,,,,,0,,2026-09-30 13:43:00
067370,선바이오,"market    KOSDAQ
market       KSQ
Name: 1693, dtype: object",,676.6467914,0,제외,0,0,0,0,0,0,0,0,0,0,0,0,0,0,0,,,,0.06,64.94,,,,,0,,2026-09-30 13:43:01
000230,일동홀딩스,"market    KOSPI
market      STK
Name: 1694, dtype: object",,676.26744,0,제외,0,0,0,0,0,0,0,0,0,0,0,0,0,0,0,,,,0.18,34.36,,,,,0,,2026-09-30 13:43:01
417790,트루엔,"market    KOSDAQ
market       KSQ
Name: 1695, dtype: object",,676.2580586,0,제외,0,0,0,0,0,0,0,0,0,0,0,0,0,0,0,,,,0.61,71.7,,,,,0,,2026-09-30 13:43:06
076610,해성옵틱스,"market    KOSDAQ
market       KSQ
Name: 1696, dtype: object",,675.53660379,0,제외,0,0,0,0,0,0,0,0,0,0,0,0,0,0,0,,,,0.62,38.29,,,,,0,,2026-09-30 13:43:06
337930,젝시믹스,"market    KOSDAQ
market       KSQ
Name: 1697, dtype: object",,675.38759925,0,제외,0,0,0,0,0,0,0,0,0,0,0,0,0,0,0,,,,1.15,36.81,,,,,0,,2026-09-30 13:43:06
019540,일지테크,"market    KOSDAQ
market       KSQ
Name: 1698, dtype: object",,674.999325,0,제외,0,0,0,0,0,0,0,0,0,0,0,0,0,0,0,,,,0.38,60.68,,,,,0,,2026-09-30 13:43:08
002800,신신제약,"market    KOSDAQ
market       KSQ
Name: 1699, dtype: object",,672.811675,0,제외,0,0,0,0,0,0,0,0,0,0,0,0,0,0,0,,,,0.09,63.38,,,,,0,,2026-09-30 13:43:08
950220,네오이뮨텍,"market    KOSDAQ
market       KSQ
Name: 1701, dtype: object",,670.552064,0,제외,0,0,0,0,0,0,0,0,0,0,0,0,0,0,0,,,,0.38,43.97,,,,,0,,2026-09-30 13:43:13
487400,케이앤에스아이앤씨,"market    KOSDAQ
market       KSQ
Name: 1702, dtype: object",,670.0355946,0,제외,0,0,0,0,0,0,0,0,0,0,0,0,0,0,0,,,,0.3,26.46,,,,,0,,2026-09-30 13:43:14
092040,아미코젠,"market    KOSDAQ
market       KSQ
Name: 1703, dtype: object",,669.81306876,0,제외,0,0,0,0,0,0,0,0,0,0,0,0,0,0,0,,,,0.33,21.61,,,,,0,,2026-09-30 13:43:14
204840,지엘팜텍,"market    KOSDAQ
market       KSQ
Name: 1704, dtype: object",,668.4724231,0,제외,0,0,0,0,0,0,0,0,0,0,0,0,0,0,0,,,,0.16,65.11,,,,,0,,2026-09-30 13:43:15
265560,영화테크,"market    KOSDAQ
market       KSQ
Name: 1705, dtype: object",,667.067232,0,제외,0,0,0,0,0,0,0,0,0,0,0,0,0,0,0,,,,0.74,56.21,,,,,0,,2026-09-30 13:43:15
123420,위메이드플레이,"market    KOSDAQ
market       KSQ
Name: 1706, dtype: object",,666.7067281,0,제외,0,0,0,0,0,0,0,0,0,0,0,0,0,0,0,,,,0.09,55.55,,,,,0,,2026-09-30 13:43:15
0155E0,해치텍,"market    KOSDAQ
market       KSQ
Name: 1707, dtype: object",,666.14001,0,제외,0,0,0,0,0,0,0,0,0,0,0,0,0,0,0,,,,0.2,56.5,,,,,0,,2026-09-30 13:43:20
085310,엔케이,"market    KOSPI
market      STK
Name: 1709, dtype: object",,662.4340082,0,제외,0,0,0,0,0,0,0,0,0,0,0,0,0,0,0,,,,0.89,50.71,,,,,0,,2026-09-30 13:43:21
079980,휴비스,"market    KOSPI
market      STK
Name: 1708, dtype: object",,665.16,0,제외,0,0,0,0,0,0,0,0,0,0,0,0,0,0,0,,,,0.39,48.65,,,,,0,,2026-09-30 13:43:20
010660,화천기계,"market    KOSPI
market      STK
Name: 1712, dtype: object",,661.1,0,제외,0,0,0,0,0,0,0,0,0,0,0,0,0,0,0,,,,0.66,45.12,,,,,0,,2026-09-30 13:43:22
155650,와이엠씨,"market    KOSDAQ
market       KSQ
Name: 1711, dtype: object",,661.2563763,0,제외,0,0,0,0,0,0,0,0,0,0,0,0,0,0,0,,,,0.94,68.23,,,,,0,,2026-09-30 13:43:22
019680,대교,"market    KOSPI
market      STK
Name: 1713, dtype: object",,659.4328015,0,제외,0,0,0,0,0,0,0,0,0,0,0,0,0,0,0,,,,0.33,35.78,,,,,0,,2026-09-30 13:43:26
214260,라파스,"market    KOSDAQ
market       KSQ
Name: 1714, dtype: object",,655.8010305,0,제외,0,0,0,0,0,0,0,0,0,0,0,0,0,0,0,,,,0.6,44.39,,,,,0,,2026-09-30 13:43:27
004720,팜젠사이언스,"market    KOSPI
market      STK
Name: 1716, dtype: object",,653.57843025,0,제외,0,0,0,0,0,0,0,0,0,0,0,0,0,0,0,,,,0.32,61.23,,,,,0,,2026-09-30 13:43:28
318160,셀바이오휴먼텍,"market    KOSDAQ
market       KSQ
Name: 1717, dtype: object",,651.7584074,0,제외,0,0,0,0,0,0,0,0,0,0,0,0,0,0,0,,,,0.18,64.2,,,,,0,,2026-09-30 13:43:28
187420,HLB제넥스,"market    KOSDAQ
market       KSQ
Name: 1718, dtype: object",,651.59314212,0,제외,0,0,0,0,0,0,0,0,0,0,0,0,0,0,0,,,,1.08,54.62,,,,,0,,2026-09-30 13:43:29
262260,에이프로,"market    KOSDAQ
market       KSQ
Name: 1719, dtype: object",,651.354912,0,제외,0,0,0,0,0,0,0,0,0,0,0,0,0,0,0,,,,0.57,33.76,,,,,0,,2026-09-30 13:43:32
0004V0,엔비알모션,"market    KOSDAQ
market       KSQ
Name: 1721, dtype: object",,650.7136944,0,제외,0,0,0,0,0,0,0,0,0,0,0,0,0,0,0,,,,0.38,20.0,,,,,0,,2026-09-30 13:43:34
040350,크레오에스지,"market    KOSDAQ
market       KSQ
Name: 1722, dtype: object",,648.3047994,0,제외,0,0,0,0,0,0,0,0,0,0,0,0,0,0,0,,,,0.48,25.98,,,,,0,,2026-09-30 13:43:34
100220,비상교육,"market    KOSPI
market      STK
Name: 1724, dtype: object",,646.58786475,0,제외,0,0,0,0,0,0,0,0,0,0,0,0,0,0,0,,,,0.19,66.6,,,,,0,,2026-09-30 13:43:35
111710,남화산업,"market    KOSDAQ
market       KSQ
Name: 1723, dtype: object",,647.4926,0,제외,0,0,0,0,0,0,0,0,0,0,0,0,0,0,0,,,,0.14,40.03,,,,,0,,2026-09-30 13:43:35
067920,이글루,"market    KOSDAQ
market       KSQ
Name: 1727, dtype: object",,643.2729615,0,제외,0,0,0,0,0,0,0,0,0,0,0,0,0,0,0,,,,0.44,67.13,,,,,0,,2026-09-30 13:43:40
061040,알에프텍,"market    KOSDAQ
market       KSQ
Name: 1726, dtype: object",,644.2334776,0,제외,0,0,0,0,0,0,0,0,0,0,0,0,0,0,0,,,,0.73,47.71,,,,,0,,2026-09-30 13:43:40
456070,이엔셀,"market    KOSDAQ
market       KSQ
Name: 1728, dtype: object",,643.0208411,0,제외,0,0,0,0,0,0,0,0,0,0,0,0,0,0,0,,,,0.21,27.97,,,,,0,,2026-09-30 13:43:41
006140,피제이전자,"market    KOSDAQ
market       KSQ
Name: 1729, dtype: object",,642.168,0,제외,0,0,0,0,0,0,0,0,0,0,0,0,0,0,0,,,,0.74,35.55,,,,,0,,2026-09-30 13:43:42
007280,한국특강,"market    KOSPI
market      STK
Name: 1730, dtype: object",,641.682496,0,제외,0,0,0,0,0,0,0,0,0,0,0,0,0,0,0,,,,1.35,62.92,,,,,0,,2026-09-30 13:43:42
417970,모델솔루션,"market    KOSDAQ
market       KSQ
Name: 1731, dtype: object",,641.58901,0,제외,0,0,0,0,0,0,0,0,0,0,0,0,0,0,0,,,,0.98,31.87,,,,,0,,2026-09-30 13:43:46
210980,SK디앤디,"market    KOSPI
market      STK
Name: 1732, dtype: object",,641.3688099,0,제외,0,0,0,0,0,0,0,0,0,0,0,0,0,0,0,,,,0.08,37.78,,,,,0,,2026-09-30 13:43:48
014970,삼륭물산,"market    KOSDAQ
market       KSQ
Name: 1734, dtype: object",,635.9925,0,제외,0,0,0,0,0,0,0,0,0,0,0,0,0,0,0,,,,0.11,36.4,,,,,0,,2026-09-30 13:43:48
222110,팬젠,"market    KOSDAQ
market       KSQ
Name: 1735, dtype: object",,635.85764845,0,제외,0,0,0,0,0,0,0,0,0,0,0,0,0,0,0,,,,0.24,55.82,,,,,0,,2026-09-30 13:43:50
043610,KT지니뮤직,"market    KOSDAQ
market       KSQ
Name: 1736, dtype: object",,634.62058296,0,제외,0,0,0,0,0,0,0,0,0,0,0,0,0,0,0,,,,1.78,51.11,,,,,0,,2026-09-30 13:43:50
049470,비트플래닛,"market    KOSDAQ
market       KSQ
Name: 1737, dtype: object",,633.3577831,0,제외,0,0,0,0,0,0,0,0,0,0,0,0,0,0,0,,,,0.25,14.74,,,,,0,,2026-09-30 13:43:53
382480,지아이텍,"market    KOSDAQ
market       KSQ
Name: 1739, dtype: object",,632.8628112,0,제외,0,0,0,0,0,0,0,0,0,0,0,0,0,0,0,,,,1.04,48.97,,,,,0,,2026-09-30 13:43:55
058730,다스코,"market    KOSPI
market      STK
Name: 1740, dtype: object",,632.85159375,0,제외,0,0,0,0,0,0,0,0,0,0,0,0,0,0,0,,,,0.13,53.79,,,,,0,,2026-09-30 13:43:55
095270,웨이브일렉트로,"market    KOSDAQ
market       KSQ
Name: 1742, dtype: object",,630.9486234,0,제외,0,0,0,0,0,0,0,0,0,0,0,0,0,0,0,,,,1.23,36.38,,,,,0,,2026-09-30 13:43:57
033130,디지틀조선,"market    KOSDAQ
market       KSQ
Name: 1741, dtype: object",,631.70184434,0,제외,0,0,0,0,0,0,0,0,0,0,0,0,0,0,0,,,,1.32,55.44,,,,,0,,2026-09-30 13:43:56
089850,유비벨록스,"market    KOSDAQ
market       KSQ
Name: 1743, dtype: object",,630.4525172,0,제외,0,0,0,0,0,0,0,0,0,0,0,0,0,0,0,,,,0.82,63.85,,,,,0,,2026-09-30 13:44:00
017370,우신시스템,"market    KOSPI
market      STK
Name: 1745, dtype: object",,628.1720522,0,제외,0,0,0,0,0,0,0,0,0,0,0,0,0,0,0,,,,0.54,44.01,,,,,0,,2026-09-30 13:44:01
089790,제이티,"market    KOSDAQ
market       KSQ
Name: 1744, dtype: object",,628.2147417,0,제외,0,0,0,0,0,0,0,0,0,0,0,0,0,0,0,,,,0.49,76.74,,,,,0,,2026-09-30 13:44:01
041460,한국전자인증,"market    KOSDAQ
market       KSQ
Name: 1746, dtype: object",,627.0,0,제외,0,0,0,0,0,0,0,0,0,0,0,0,0,0,0,,,,0.31,67.04,,,,,0,,2026-09-30 13:44:02
0156T0,에이치엘지노믹스,"market    KOSDAQ
market       KSQ
Name: 1748, dtype: object",,625.6857444,0,제외,0,0,0,0,0,0,0,0,0,0,0,0,0,0,0,,,,0.79,31.55,,,,,0,,2026-09-30 13:44:03
001840,이화공영,"market    KOSDAQ
market       KSQ
Name: 1747, dtype: object",,625.88831935,0,제외,0,0,0,0,0,0,0,0,0,0,0,0,0,0,0,,,,,,,,,,0,,2026-09-30 13:44:03
127710,아시아경제,"market    KOSDAQ
market       KSQ
Name: 1749, dtype: object",,625.0582899,0,제외,0,0,0,0,0,0,0,0,0,0,0,0,0,0,0,,,,1.2,76.74,,,,,0,,2026-09-30 13:44:07
043650,국순당,"market    KOSDAQ
market       KSQ
Name: 1750, dtype: object",,625.04064,0,제외,0,0,0,0,0,0,0,0,0,0,0,0,0,0,0,,,,0.2,69.57,,,,,0,,2026-09-30 13:44:07
009200,무림페이퍼,"market    KOSPI
market      STK
Name: 1752, dtype: object",,624.5557431,0,제외,0,0,0,0,0,0,0,0,0,0,0,0,0,0,0,,,,0.15,56.54,,,,,0,,2026-09-30 13:44:09
291230,컴투스엔,"market    KOSDAQ
market       KSQ
Name: 1753, dtype: object",,624.292006,0,제외,0,0,0,0,0,0,0,0,0,0,0,0,0,0,0,,,,0.34,35.13,,,,,0,,2026-09-30 13:44:10
241790,티이엠씨씨엔에스,"market    KOSDAQ
market       KSQ
Name: 1754, dtype: object",,624.1643616,0,제외,0,0,0,0,0,0,0,0,0,0,0,0,0,0,0,,,,0.49,63.67,,,,,0,,2026-09-30 13:44:10
315640,딥노이드,"market    KOSDAQ
market       KSQ
Name: 1755, dtype: object",,624.15993,0,제외,0,0,0,0,0,0,0,0,0,0,0,0,0,0,0,,,,0.74,41.4,,,,,0,,2026-09-30 13:44:13
214680,디알텍,"market    KOSDAQ
market       KSQ
Name: 1757, dtype: object",,623.57360085,0,제외,0,0,0,0,0,0,0,0,0,0,0,0,0,0,0,,,,0.11,31.42,,,,,0,,2026-09-30 13:44:15
081150,티플랙스,"market    KOSDAQ
market       KSQ
Name: 1756, dtype: object",,623.6979314,0,제외,0,0,0,0,0,0,0,0,0,0,0,0,0,0,0,,,,1.06,46.23,,,,,0,,2026-09-30 13:44:14
048770,TPC로보틱스,"market    KOSDAQ
market       KSQ
Name: 1758, dtype: object",,623.2102427,0,제외,0,0,0,0,0,0,0,0,0,0,0,0,0,0,0,,,,0.13,37.51,,,,,0,,2026-09-30 13:44:15
294090,이오플로우,"market    KOSDAQ
market       KSQ
Name: 1759, dtype: object",,622.9556645,0,제외,0,0,0,0,0,0,0,0,0,0,0,0,0,0,0,,,,,,,,,,0,,2026-09-30 13:44:16
241690,유니테크노,"market    KOSDAQ
market       KSQ
Name: 1760, dtype: object",,622.7794677,0,제외,0,0,0,0,0,0,0,0,0,0,0,0,0,0,0,,,,1.1,50.9,,,,,0,,2026-09-30 13:44:16
018500,동원모빌리티,"market    KOSPI
market      STK
Name: 1761, dtype: object",,622.30815823,0,제외,0,0,0,0,0,0,0,0,0,0,0,0,0,0,0,,,,0.4,69.09,,,,,0,,2026-09-30 13:44:20
331740,아우토크립트,"market    KOSDAQ
market       KSQ
Name: 1762, dtype: object",,622.1132258,0,제외,0,0,0,0,0,0,0,0,0,0,0,0,0,0,0,,,,0.32,28.04,,,,,0,,2026-09-30 13:44:21
036000,예림당,"market    KOSDAQ
market       KSQ
Name: 1763, dtype: object",,621.925479,0,제외,0,0,0,0,0,0,0,0,0,0,0,0,0,0,0,,,,1.2,67.53,,,,,0,,2026-09-30 13:44:21
352910,오비고,"market    KOSDAQ
market       KSQ
Name: 1764, dtype: object",,621.1479683,0,제외,0,0,0,0,0,0,0,0,0,0,0,0,0,0,0,,,,0.49,67.05,,,,,0,,2026-09-30 13:44:22
424960,스마트레이더시스템,"market    KOSDAQ
market       KSQ
Name: 1765, dtype: object",,620.6643915,0,제외,0,0,0,0,0,0,0,0,0,0,0,0,0,0,0,,,,0.68,38.04,,,,,0,,2026-09-30 13:44:23
0218L0,네오뷰,"market    KOSDAQ
market       KSQ
Name: 1766, dtype: object",,620.47818,0,제외,0,0,0,0,0,0,0,0,0,0,0,0,0,0,0,,,,0.65,46.45,,,,,0,,2026-09-30 13:44:23
016090,대현,"market    KOSPI
market      STK
Name: 1767, dtype: object",,619.95234,0,제외,0,0,0,0,0,0,0,0,0,0,0,0,0,0,0,,,,0.13,73.74,,,,,0,,2026-09-30 13:44:27
214270,FSN,"market    KOSDAQ
market       KSQ
Name: 1768, dtype: object",,619.49489684,0,제외,0,0,0,0,0,0,0,0,0,0,0,0,0,0,0,,,,0.31,49.68,,,,,0,,2026-09-30 13:44:28
483350,딜리셔스,"market    KOSDAQ
market       KSQ
Name: 1769, dtype: object",,618.081534,0,제외,0,0,0,0,0,0,0,0,0,0,0,0,0,0,0,,,,0.59,38.18,,,,,0,,2026-09-30 13:44:28
205470,휴마시스,"market    KOSDAQ
market       KSQ
Name: 1770, dtype: object",,616.875025,0,제외,0,0,0,0,0,0,0,0,0,0,0,0,0,0,0,,,,0.52,35.43,,,,,0,,2026-09-30 13:44:29
005670,푸드웰,"market    KOSDAQ
market       KSQ
Name: 1772, dtype: object",,614.0,0,제외,0,0,0,0,0,0,0,0,0,0,0,0,0,0,0,,,,1.9,59.98,,,,,0,,2026-09-30 13:44:30
126880,제이엔케이글로벌,"market    KOSDAQ
market       KSQ
Name: 1773, dtype: object",,613.9552595,0,제외,0,0,0,0,0,0,0,0,0,0,0,0,0,0,0,,,,1.63,48.46,,,,,0,,2026-09-30 13:44:33
016250,SGC E&C,"market    KOSDAQ
market       KSQ
Name: 1775, dtype: object",,613.0011962,0,제외,0,0,0,0,0,0,0,0,0,0,0,0,0,0,0,,,,0.84,56.51,,,,,0,,2026-09-30 13:44:35
004450,삼화왕관,"market    KOSPI
market      STK
Name: 1776, dtype: object",,612.9208255,0,제외,0,0,0,0,0,0,0,0,0,0,0,0,0,0,0,,,,0.69,77.37,,,,,0,,2026-09-30 13:44:36
072130,유엔젤,"market    KOSPI
market      STK
Name: 1777, dtype: object",,612.5556555,0,제외,0,0,0,0,0,0,0,0,0,0,0,0,0,0,0,,,,0.39,72.39,,,,,0,,2026-09-30 13:44:36
064240,홈캐스트,"market    KOSDAQ
market       KSQ
Name: 1778, dtype: object",,612.35353015,0,제외,0,0,0,0,0,0,0,0,0,0,0,0,0,0,0,,,,1.2,69.69,,,,,0,,2026-09-30 13:44:36
068290,삼성출판사,"market    KOSPI
market      STK
Name: 1779, dtype: object",,611.0,0,제외,0,0,0,0,0,0,0,0,0,0,0,0,0,0,0,,,,0.44,32.92,,,,,0,,2026-09-30 13:44:40
065530,와이어블,"market    KOSDAQ
market       KSQ
Name: 1780, dtype: object",,610.90095243,0,제외,0,0,0,0,0,0,0,0,0,0,0,0,0,0,0,,,,0.61,39.09,,,,,0,,2026-09-30 13:44:41
082210,옵트론텍,"market    KOSDAQ
market       KSQ
Name: 1781, dtype: object",,610.1101085,0,제외,0,0,0,0,0,0,0,0,0,0,0,0,0,0,0,,,,0.44,68.78,,,,,0,,2026-09-30 13:44:41
122350,삼기,"market    KOSDAQ
market       KSQ
Name: 1783, dtype: object",,609.5969052,0,제외,0,0,0,0,0,0,0,0,0,0,0,0,0,0,0,,,,0.28,67.59,,,,,0,,2026-09-30 13:44:42
065170,비엘팜텍,"market    KOSDAQ
market       KSQ
Name: 1782, dtype: object",,609.91637705,0,제외,0,0,0,0,0,0,0,0,0,0,0,0,0,0,0,,,,0.35,26.81,,,,,0,,2026-09-30 13:44:42
203400,에이비온,"market    KOSDAQ
market       KSQ
Name: 1784, dtype: object",,609.08481504,0,제외,0,0,0,0,0,0,0,0,0,0,0,0,0,0,0,,,,0.89,14.99,,,,,0,,2026-09-30 13:44:43
059270,해성에어로보틱스,"market    KOSDAQ
market       KSQ
Name: 1786, dtype: object",,608.5087955,0,제외,0,0,0,0,0,0,0,0,0,0,0,0,0,0,0,,,,0.75,25.51,,,,,0,,2026-09-30 13:44:48
900110,딥커머스,"market    KOSDAQ
market       KSQ
Name: 1789, dtype: object",,605.1066066,0,제외,0,0,0,0,0,0,0,0,0,0,0,0,0,0,0,,,,0.31,16.31,,,,,0,,2026-09-30 13:44:49
054300,팬스타엔터프라이즈,"market    KOSDAQ
market       KSQ
Name: 1791, dtype: object",,603.23269965,0,제외,0,0,0,0,0,0,0,0,0,0,0,0,0,0,0,,,,0.61,52.63,,,,,0,,2026-09-30 13:44:52
463020,뉴엔AI,"market    KOSDAQ
market       KSQ
Name: 1792, dtype: object",,603.04112,0,제외,0,0,0,0,0,0,0,0,0,0,0,0,0,0,0,,,,0.31,21.68,,,,,0,,2026-09-30 13:44:55
216050,인크로스,"market    KOSDAQ
market       KSQ
Name: 1793, dtype: object",,602.0019957,0,제외,0,0,0,0,0,0,0,0,0,0,0,0,0,0,0,,,,0.16,62.27,,,,,0,,2026-09-30 13:44:55
014470,부방,"market    KOSDAQ
market       KSQ
Name: 1794, dtype: object",,600.1622128,0,제외,0,0,0,0,0,0,0,0,0,0,0,0,0,0,0,,,,0.53,67.0,,,,,0,,2026-09-30 13:44:56
010470,오리콤,"market    KOSDAQ
market       KSQ
Name: 1795, dtype: object",,599.950005,0,제외,0,0,0,0,0,0,0,0,0,0,0,0,0,0,0,,,,0.41,72.5,,,,,0,,2026-09-30 13:44:56
002760,보락,"market    KOSPI
market      STK
Name: 1796, dtype: object",,599.0,0,제외,0,0,0,0,0,0,0,0,0,0,0,0,0,0,0,,,,1.02,65.55,,,,,0,,2026-09-30 13:44:57
007815,코리아써우,"market    KOSPI
market      STK
Name: 1797, dtype: object",,598.86738,0,제외,0,0,0,0,0,0,0,0,0,0,0,0,0,0,0,,,,0.36,64.23,,,,,0,,2026-09-30 13:45:00
056360,코위버,"market    KOSDAQ
market       KSQ
Name: 1798, dtype: object",,597.6048,0,제외,0,0,0,0,0,0,0,0,0,0,0,0,0,0,0,,,,0.64,42.82,,,,,0,,2026-09-30 13:45:01
094850,참좋은여행,"market    KOSDAQ
market       KSQ
Name: 1799, dtype: object",,595.0,0,제외,0,0,0,0,0,0,0,0,0,0,0,0,0,0,0,,,,0.6,54.7,,,,,0,,2026-09-30 13:45:02
033310,엠투엔,"market    KOSDAQ
market       KSQ
Name: 1800, dtype: object",,593.99069616,0,제외,0,0,0,0,0,0,0,0,0,0,0,0,0,0,0,,,,0.75,65.66,,,,,0,,2026-09-30 13:45:03
039020,이건홀딩스,"market    KOSDAQ
market       KSQ
Name: 1801, dtype: object",,593.9778467,0,제외,0,0,0,0,0,0,0,0,0,0,0,0,0,0,0,,,,1.32,49.91,,,,,0,,2026-09-30 13:45:03
049480,오픈베이스,"market    KOSDAQ
market       KSQ
Name: 1802, dtype: object",,593.56881487,0,제외,0,0,0,0,0,0,0,0,0,0,0,0,0,0,0,,,,0.53,45.72,,,,,0,,2026-09-30 13:45:03
950200,소마젠,"market    KOSDAQ
market       KSQ
Name: 1803, dtype: object",,593.43223505,0,제외,0,0,0,0,0,0,0,0,0,0,0,0,0,0,0,,,,0.31,65.46,,,,,0,,2026-09-30 13:45:07
221800,지구홀딩스,"market    KOSDAQ
market       KSQ
Name: 1804, dtype: object",,593.19023385,0,제외,0,0,0,0,0,0,0,0,0,0,0,0,0,0,0,,,,0.22,11.08,,,,,0,,2026-09-30 13:45:08
372910,한컴라이프케어,"market    KOSPI
market      STK
Name: 1805, dtype: object",,592.2322884,0,제외,0,0,0,0,0,0,0,0,0,0,0,0,0,0,0,,,,0.12,57.54,,,,,0,,2026-09-30 13:45:09
191420,테고사이언스,"market    KOSDAQ
market       KSQ
Name: 1806, dtype: object",,590.3231152,0,제외,0,0,0,0,0,0,0,0,0,0,0,0,0,0,0,,,,0.72,38.0,,,,,0,,2026-09-30 13:45:09
480370,씨케이솔루션,"market    KOSPI
market      STK
Name: 1808, dtype: object",,588.23829888,0,제외,0,0,0,0,0,0,0,0,0,0,0,0,0,0,0,,,,0.22,43.61,,,,,0,,2026-09-30 13:45:10
025550,한국선재,"market    KOSDAQ
market       KSQ
Name: 1807, dtype: object",,589.3734924,0,제외,0,0,0,0,0,0,0,0,0,0,0,0,0,0,0,,,,1.13,47.79,,,,,0,,2026-09-30 13:45:10
036090,위지트,"market    KOSDAQ
market       KSQ
Name: 1809, dtype: object",,588.04810348,0,제외,0,0,0,0,0,0,0,0,0,0,0,0,0,0,0,,,,0.12,49.71,,,,,0,,2026-09-30 13:45:12
460870,에스엠씨지,"market    KOSDAQ
market       KSQ
Name: 1810, dtype: object",,586.1404768,0,제외,0,0,0,0,0,0,0,0,0,0,0,0,0,0,0,,,,0.48,44.05,,,,,0,,2026-09-30 13:45:14
448710,코츠테크놀로지,"market    KOSDAQ
market       KSQ
Name: 1811, dtype: object",,586.1388828,0,제외,0,0,0,0,0,0,0,0,0,0,0,0,0,0,0,,,,0.93,42.65,,,,,0,,2026-09-30 13:45:15
033320,제이씨현시스템,"market    KOSDAQ
market       KSQ
Name: 1813, dtype: object",,583.9458976,0,제외,0,0,0,0,0,0,0,0,0,0,0,0,0,0,0,,,,0.23,52.83,,,,,0,,2026-09-30 13:45:16
192250,케이사인,"market    KOSDAQ
market       KSQ
Name: 1815, dtype: object",,583.0378125,0,제외,0,0,0,0,0,0,0,0,0,0,0,0,0,0,0,,,,0.43,51.38,,,,,0,,2026-09-30 13:45:19
000220,유유제약,"market    KOSPI
market      STK
Name: 1816, dtype: object",,582.656094,0,제외,0,0,0,0,0,0,0,0,0,0,0,0,0,0,0,,,,0.11,72.35,,,,,0,,2026-09-30 13:45:21
251630,브이원텍,"market    KOSDAQ
market       KSQ
Name: 1817, dtype: object",,581.915339,0,제외,0,0,0,0,0,0,0,0,0,0,0,0,0,0,0,,,,0.56,33.32,,,,,0,,2026-09-30 13:45:21
099520,DGI,"market    KOSDAQ
market       KSQ
Name: 1818, dtype: object",,581.41862016,0,제외,0,0,0,0,0,0,0,0,0,0,0,0,0,0,0,,,,,,,,,,0,,2026-09-30 13:45:23
299170,더블유에스아이,"market    KOSDAQ
market       KSQ
Name: 1820, dtype: object",,580.74291912,0,제외,0,0,0,0,0,0,0,0,0,0,0,0,0,0,0,,,,0.81,27.74,,,,,0,,2026-09-30 13:45:23
050960,수산아이앤티,"market    KOSDAQ
market       KSQ
Name: 1819, dtype: object",,581.2611,0,제외,0,0,0,0,0,0,0,0,0,0,0,0,0,0,0,,,,0.12,79.23,,,,,0,,2026-09-30 13:45:23
046210,HLB파나진,"market    KOSDAQ
market       KSQ
Name: 1821, dtype: object",,580.0262104,0,제외,0,0,0,0,0,0,0,0,0,0,0,0,0,0,0,,,,1.67,44.46,,,,,0,,2026-09-30 13:45:26
036120,서울평가정보,"market    KOSDAQ
market       KSQ
Name: 1822, dtype: object",,579.1896,0,제외,0,0,0,0,0,0,0,0,0,0,0,0,0,0,0,,,,1.73,65.73,,,,,0,,2026-09-30 13:45:28
111110,호전실업,"market    KOSPI
market      STK
Name: 1823, dtype: object",,577.5042,0,제외,0,0,0,0,0,0,0,0,0,0,0,0,0,0,0,,,,0.24,73.08,,,,,0,,2026-09-30 13:45:28
003925,남양유업우,"market    KOSPI
market      STK
Name: 1824, dtype: object",,576.800445,0,제외,0,0,0,0,0,0,0,0,0,0,0,0,0,0,0,,,,0.22,64.35,,,,,0,,2026-09-30 13:45:29
175140,아고스,"market    KOSDAQ
market       KSQ
Name: 1825, dtype: object",,576.2122443,0,제외,0,0,0,0,0,0,0,0,0,0,0,0,0,0,0,,,,0.97,41.55,,,,,0,,2026-09-30 13:45:29
003310,대주산업,"market    KOSDAQ
market       KSQ
Name: 1826, dtype: object",,574.771764,0,제외,0,0,0,0,0,0,0,0,0,0,0,0,0,0,0,,,,0.47,26.68,,,,,0,,2026-09-30 13:45:29
037440,희림,"market    KOSDAQ
market       KSQ
Name: 1827, dtype: object",,573.60597,0,제외,0,0,0,0,0,0,0,0,0,0,0,0,0,0,0,,,,0.37,55.97,,,,,0,,2026-09-30 13:45:32
045340,토탈소프트,"market    KOSDAQ
market       KSQ
Name: 1828, dtype: object",,573.38868,0,제외,0,0,0,0,0,0,0,0,0,0,0,0,0,0,0,,,,0.57,70.7,,,,,0,,2026-09-30 13:45:34
273640,와이엠텍,"market    KOSDAQ
market       KSQ
Name: 1829, dtype: object",,572.4252,0,제외,0,0,0,0,0,0,0,0,0,0,0,0,0,0,0,,,,0.86,37.24,,,,,0,,2026-09-30 13:45:35
003780,진양산업,"market    KOSPI
market      STK
Name: 1830, dtype: object",,572.0,0,제외,0,0,0,0,0,0,0,0,0,0,0,0,0,0,0,,,,0.39,54.02,,,,,0,,2026-09-30 13:45:36
060310,3S,"market    KOSDAQ
market       KSQ
Name: 1831, dtype: object",,571.9764512,0,제외,0,0,0,0,0,0,0,0,0,0,0,0,0,0,0,,,,0.55,54.35,,,,,0,,2026-09-30 13:45:36
090080,평화산업,"market    KOSPI
market      STK
Name: 1832, dtype: object",,569.88544842,0,제외,0,0,0,0,0,0,0,0,0,0,0,0,0,0,0,,,,1.0,96.13,,,,,0,,2026-09-30 13:45:36
261520,이지스,"market    KOSDAQ
market       KSQ
Name: 1833, dtype: object",,569.39012,0,제외,0,0,0,0,0,0,0,0,0,0,0,0,0,0,0,,,,0.3,16.58,,,,,0,,2026-09-30 13:45:39
129260,인터지스,"market    KOSPI
market      STK
Name: 1834, dtype: object",,567.58943592,0,제외,0,0,0,0,0,0,0,0,0,0,0,0,0,0,0,,,,0.36,67.62,,,,,0,,2026-09-30 13:45:41
317530,에피소드컴퍼니,"market    KOSDAQ
market       KSQ
Name: 1836, dtype: object",,566.8341768,0,제외,0,0,0,0,0,0,0,0,0,0,0,0,0,0,0,,,,1.85,53.57,,,,,0,,2026-09-30 13:45:42
215360,우리산업,"market    KOSDAQ
market       KSQ
Name: 1837, dtype: object",,566.194106,0,제외,0,0,0,0,0,0,0,0,0,0,0,0,0,0,0,,,,0.79,59.13,,,,,0,,2026-09-30 13:45:43
081180,쎄크,"market    KOSDAQ
market       KSQ
Name: 1838, dtype: object",,564.83424,0,제외,0,0,0,0,0,0,0,0,0,0,0,0,0,0,0,,,,0.68,32.77,,,,,0,,2026-09-30 13:45:43
053050,지에스이,"market    KOSDAQ
market       KSQ
Name: 1839, dtype: object",,564.66645151,0,제외,0,0,0,0,0,0,0,0,0,0,0,0,0,0,0,,,,0.15,43.73,,,,,0,,2026-09-30 13:45:45
333620,엔시스,"market    KOSDAQ
market       KSQ
Name: 1841, dtype: object",,561.993201,0,제외,0,0,0,0,0,0,0,0,0,0,0,0,0,0,0,,,,0.92,60.47,,,,,0,,2026-09-30 13:45:47
37550K,DL이앤씨우,"market    KOSPI
market      STK
Name: 1840, dtype: object",,564.407295,0,제외,0,0,0,0,0,0,0,0,0,0,0,0,0,0,0,,,,0.51,76.73,,,,,0,,2026-09-30 13:45:47
014990,인디에프,"market    KOSPI
market      STK
Name: 1843, dtype: object",,561.09407265,0,제외,0,0,0,0,0,0,0,0,0,0,0,0,0,0,0,,,,0.52,59.33,,,,,0,,2026-09-30 13:45:49
001465,BYC우,"market    KOSPI
market      STK
Name: 1844, dtype: object",,561.077925,0,제외,0,0,0,0,0,0,0,0,0,0,0,0,0,0,0,,,,0.67,74.71,,,,,0,,2026-09-30 13:45:50
033230,인성정보,"market    KOSDAQ
market       KSQ
Name: 1845, dtype: object",,560.720718,0,제외,0,0,0,0,0,0,0,0,0,0,0,0,0,0,0,,,,0.92,45.35,,,,,0,,2026-09-30 13:45:52
000725,현대건설우,"market    KOSPI
market      STK
Name: 1847, dtype: object",,558.98729,0,제외,0,0,0,0,0,0,0,0,0,0,0,0,0,0,0,,,,0.81,62.12,,,,,0,,2026-09-30 13:45:53
290660,다이나믹솔루션,"market    KOSDAQ
market       KSQ
Name: 1846, dtype: object",,559.89119616,0,제외,0,0,0,0,0,0,0,0,0,0,0,0,0,0,0,,,,0.47,37.76,,,,,0,,2026-09-30 13:45:53
007370,진양제약,"market    KOSDAQ
market       KSQ
Name: 1848, dtype: object",,557.60945715,0,제외,0,0,0,0,0,0,0,0,0,0,0,0,0,0,0,,,,1.44,65.73,,,,,0,,2026-09-30 13:45:55
006890,태경케미컬,"market    KOSPI
market      STK
Name: 1849, dtype: object",,557.38,0,제외,0,0,0,0,0,0,0,0,0,0,0,0,0,0,0,,,,0.4,41.37,,,,,0,,2026-09-30 13:45:56
424980,마이크로투나노,"market    KOSDAQ
market       KSQ
Name: 1851, dtype: object",,555.191882,0,제외,0,0,0,0,0,0,0,0,0,0,0,0,0,0,0,,,,0.72,58.45,,,,,0,,2026-09-30 13:45:59
340930,성원에너텍,"market    KOSDAQ
market       KSQ
Name: 1852, dtype: object",,555.1388271,0,제외,0,0,0,0,0,0,0,0,0,0,0,0,0,0,0,,,,,33.97,,,,,0,,2026-09-30 13:46:00
020760,일진디스플,"market    KOSPI
market      STK
Name: 1853, dtype: object",,555.03470462,0,제외,0,0,0,0,0,0,0,0,0,0,0,0,0,0,0,,,,,,,,,,0,,2026-09-30 13:46:00
365660,레몬헬스케어,"market    KOSDAQ
market       KSQ
Name: 1854, dtype: object",,554.3690308,0,제외,0,0,0,0,0,0,0,0,0,0,0,0,0,0,0,,,,0.27,20.44,,,,,0,,2026-09-30 13:46:02
0220WL,한화머시너리앤서비스홀딩스3우B,"market    KOSPI
market      STK
Name: 1855, dtype: object",,554.337833,0,제외,0,0,0,0,0,0,0,0,0,0,0,0,0,0,0,,,,0.97,30.09,,,,,0,,2026-09-30 13:46:03
238090,앤디포스,"market    KOSDAQ
market       KSQ
Name: 1856, dtype: object",,550.0475376,0,제외,0,0,0,0,0,0,0,0,0,0,0,0,0,0,0,,,,0.55,44.14,,,,,0,,2026-09-30 13:46:04
217480,에스디생명공학,"market    KOSDAQ
market       KSQ
Name: 1857, dtype: object",,547.56837359,0,제외,0,0,0,0,0,0,0,0,0,0,0,0,0,0,0,,,,,,,,,,0,,2026-09-30 13:46:05
443250,레뷰코퍼레이션,"market    KOSDAQ
market       KSQ
Name: 1858, dtype: object",,545.8957585,0,제외,0,0,0,0,0,0,0,0,0,0,0,0,0,0,0,,,,0.62,41.39,,,,,0,,2026-09-30 13:46:06
036670,삼양케이씨아이,"market    KOSDAQ
market       KSQ
Name: 1859, dtype: object",,545.54214,0,제외,0,0,0,0,0,0,0,0,0,0,0,0,0,0,0,,,,0.23,68.82,,,,,0,,2026-09-30 13:46:07
003465,유화증권우,"market    KOSPI
market      STK
Name: 1860, dtype: object",,545.26446,0,제외,0,0,0,0,0,0,0,0,0,0,0,0,0,0,0,,,,0.92,78.0,,,,,0,,2026-09-30 13:46:08
28513K,SK케미칼우,"market    KOSPI
market      STK
Name: 1861, dtype: object",,543.665253,0,제외,0,0,0,0,0,0,0,0,0,0,0,0,0,0,0,,,,0.92,75.22,,,,,0,,2026-09-30 13:46:09
092440,기신정기,"market    KOSPI
market      STK
Name: 1862, dtype: object",,543.12,0,제외,0,0,0,0,0,0,0,0,0,0,0,0,0,0,0,,,,1.3,70.32,,,,,0,,2026-09-30 13:46:11
061250,화일약품,"market    KOSDAQ
market       KSQ
Name: 1863, dtype: object",,542.934168,0,제외,0,0,0,0,0,0,0,0,0,0,0,0,0,0,0,,,,0.12,46.52,,,,,0,,2026-09-30 13:46:12
900300,오가닉티코스메틱,"market    KOSDAQ
market       KSQ
Name: 1864, dtype: object",,542.28555595,0,제외,0,0,0,0,0,0,0,0,0,0,0,0,0,0,0,,,,0.26,10.73,,,,,0,,2026-09-30 13:46:13
263600,덕우전자,"market    KOSDAQ
market       KSQ
Name: 1866, dtype: object",,540.8340245,0,제외,0,0,0,0,0,0,0,0,0,0,0,0,0,0,0,,,,1.66,49.27,,,,,0,,2026-09-30 13:46:15
459100,위츠,"market    KOSDAQ
market       KSQ
Name: 1867, dtype: object",,540.663915,0,제외,0,0,0,0,0,0,0,0,0,0,0,0,0,0,0,,,,1.7,43.38,,,,,0,,2026-09-30 13:46:17
435570,에르코스,"market    KOSDAQ
market       KSQ
Name: 1868, dtype: object",,540.0440947,0,제외,0,0,0,0,0,0,0,0,0,0,0,0,0,0,0,,,,1.32,42.0,,,,,0,,2026-09-30 13:46:18
393210,토마토시스템,"market    KOSDAQ
market       KSQ
Name: 1870, dtype: object",,536.3595864,0,제외,0,0,0,0,0,0,0,0,0,0,0,0,0,0,0,,,,0.87,49.42,,,,,0,,2026-09-30 13:46:20
391710,코닉오토메이션,"market    KOSDAQ
market       KSQ
Name: 1869, dtype: object",,539.1489455,0,제외,0,0,0,0,0,0,0,0,0,0,0,0,0,0,0,,,,0.12,34.54,,,,,0,,2026-09-30 13:46:18
001550,조비,"market    KOSPI
market      STK
Name: 1872, dtype: object",,535.3198409,0,제외,0,0,0,0,0,0,0,0,0,0,0,0,0,0,0,,,,0.35,47.64,,,,,0,,2026-09-30 13:46:23
378850,화승알앤에이,"market    KOSPI
market      STK
Name: 1873, dtype: object",,534.67048745,0,제외,0,0,0,0,0,0,0,0,0,0,0,0,0,0,0,,,,0.75,62.56,,,,,0,,2026-09-30 13:46:25
040610,SG&G,"market    KOSDAQ
market       KSQ
Name: 1874, dtype: object",,534.3167973,0,제외,0,0,0,0,0,0,0,0,0,0,0,0,0,0,0,,,,0.62,62.87,,,,,0,,2026-09-30 13:46:25
35320K,대덕전자1우,"market    KOSPI
market      STK
Name: 1875, dtype: object",,533.3095855,0,제외,0,0,0,0,0,0,0,0,0,0,0,0,0,0,0,,,,0.75,51.35,,,,,0,,2026-09-30 13:46:27
288180,케이피항공산업,"market    KOSDAQ
market       KSQ
Name: 1876, dtype: object",,533.0541902,0,제외,0,0,0,0,0,0,0,0,0,0,0,0,0,0,0,,,,0.36,15.61,,,,,0,,2026-09-30 13:46:27
003475,유안타증권우,"market    KOSPI
market      STK
Name: 1877, dtype: object",,532.952992,0,제외,0,0,0,0,0,0,0,0,0,0,0,0,0,0,0,,,,0.64,70.27,,,,,0,,2026-09-30 13:46:28
396690,미래에셋글로벌리츠,"market    KOSPI
market      STK
Name: 1878, dtype: object",,532.699893,0,제외,0,0,0,0,0,0,0,0,0,0,0,0,0,0,0,,,,0.32,47.41,,,,,0,,2026-09-30 13:46:30
053270,구영테크,"market    KOSDAQ
market       KSQ
Name: 1883, dtype: object",,530.6654408,0,제외,0,0,0,0,0,0,0,0,0,0,0,0,0,0,0,,,,0.47,64.79,,,,,0,,2026-09-30 13:46:36
002410,범양건영,"market    KOSPI
market      STK
Name: 1881, dtype: object",,531.734517,0,제외,0,0,0,0,0,0,0,0,0,0,0,0,0,0,0,,,,,,,,,,0,,2026-09-30 13:46:34
088280,쏘닉스,"market    KOSDAQ
market       KSQ
Name: 1879, dtype: object",,532.1745675,0,제외,0,0,0,0,0,0,0,0,0,0,0,0,0,0,0,,,,0.48,35.71,,,,,0,,2026-09-30 13:46:31
420570,제이투케이바이오,"market    KOSDAQ
market       KSQ
Name: 1880, dtype: object",,532.120953,0,제외,0,0,0,0,0,0,0,0,0,0,0,0,0,0,0,,,,0.53,71.07,,,,,0,,2026-09-30 13:46:33
170790,파이오링크,"market    KOSDAQ
market       KSQ
Name: 1882, dtype: object",,530.978805,0,제외,0,0,0,0,0,0,0,0,0,0,0,0,0,0,0,,,,0.43,57.56,,,,,0,,2026-09-30 13:46:34
043710,코스리거글로벌,"market    KOSDAQ
market       KSQ
Name: 1884, dtype: object",,530.6281863,0,제외,0,0,0,0,0,0,0,0,0,0,0,0,0,0,0,,,,0.47,55.77,,,,,0,,2026-09-30 13:46:37
006980,우성,"market    KOSPI
market      STK
Name: 1885, dtype: object",,530.244,0,제외,0,0,0,0,0,0,0,0,0,0,0,0,0,0,0,,,,0.07,67.43,,,,,0,,2026-09-30 13:46:44
459550,알트,"market    KOSDAQ
market       KSQ
Name: 1889, dtype: object",,528.37494295,0,제외,0,0,0,0,0,0,0,0,0,0,0,0,0,0,0,,,,0.16,33.68,,,,,0,,2026-09-30 13:46:44
419080,엔젯,"market    KOSDAQ
market       KSQ
Name: 1886, dtype: object",,529.4574879,0,제외,0,0,0,0,0,0,0,0,0,0,0,0,0,0,0,,,,0.31,38.83,,,,,0,,2026-09-30 13:46:44
053160,프리엠스,"market    KOSDAQ
market       KSQ
Name: 1887, dtype: object",,529.2,0,제외,0,0,0,0,0,0,0,0,0,0,0,0,0,0,0,,,,0.74,79.34,,,,,0,,2026-09-30 13:46:44
024910,경창산업,"market    KOSDAQ
market       KSQ
Name: 1890, dtype: object",,524.74842325,0,제외,0,0,0,0,0,0,0,0,0,0,0,0,0,0,0,,,,0.92,48.2,,,,,0,,2026-09-30 13:46:44
457600,벡트,"market    KOSDAQ
market       KSQ
Name: 1892, dtype: object",,523.6265,0,제외,0,0,0,0,0,0,0,0,0,0,0,0,0,0,0,,,,0.77,66.4,,,,,0,,2026-09-30 13:46:50
006125,SK디스커버리우,"market    KOSPI
market      STK
Name: 1891, dtype: object",,524.0904775,0,제외,0,0,0,0,0,0,0,0,0,0,0,0,0,0,0,,,,0.43,97.37,,,,,0,,2026-09-30 13:46:50
317850,대모,"market    KOSDAQ
market       KSQ
Name: 1894, dtype: object",,517.778924,0,제외,0,0,0,0,0,0,0,0,0,0,0,0,0,0,0,,,,0.11,57.01,,,,,0,,2026-09-30 13:46:51
054930,유신,"market    KOSDAQ
market       KSQ
Name: 1893, dtype: object",,522.6,0,제외,0,0,0,0,0,0,0,0,0,0,0,0,0,0,0,,,,0.21,59.69,,,,,0,,2026-09-30 13:46:50
104620,노랑풍선,"market    KOSDAQ
market       KSQ
Name: 1895, dtype: object",,517.7650016,0,제외,0,0,0,0,0,0,0,0,0,0,0,0,0,0,0,,,,0.14,40.44,,,,,0,,2026-09-30 13:46:51
012690,모나리자,"market    KOSPI
market      STK
Name: 1896, dtype: object",,515.6546955,0,제외,0,0,0,0,0,0,0,0,0,0,0,0,0,0,0,,,,0.25,52.43,,,,,0,,2026-09-30 13:46:51
314140,알피바이오,"market    KOSDAQ
market       KSQ
Name: 1898, dtype: object",,514.7818434,0,제외,0,0,0,0,0,0,0,0,0,0,0,0,0,0,0,,,,0.74,64.62,,,,,0,,2026-09-30 13:46:57
163280,에어레인,"market    KOSDAQ
market       KSQ
Name: 1897, dtype: object",,515.5566562,0,제외,0,0,0,0,0,0,0,0,0,0,0,0,0,0,0,,,,0.74,39.87,,,,,0,,2026-09-30 13:46:57
024950,삼천리자전거,"market    KOSDAQ
market       KSQ
Name: 1899, dtype: object",,514.6,0,제외,0,0,0,0,0,0,0,0,0,0,0,0,0,0,0,,,,0.3,57.52,,,,,0,,2026-09-30 13:46:57
109080,옵티시스,"market    KOSDAQ
market       KSQ
Name: 1900, dtype: object",,514.5668,0,제외,0,0,0,0,0,0,0,0,0,0,0,0,0,0,0,,,,0.26,40.22,,,,,0,,2026-09-30 13:46:57
039240,경남스틸,"market    KOSDAQ
market       KSQ
Name: 1901, dtype: object",,514.50104828,0,제외,0,0,0,0,0,0,0,0,0,0,0,0,0,0,0,,,,0.7,56.03,,,,,0,,2026-09-30 13:46:58
010770,평화홀딩스,"market    KOSPI
market      STK
Name: 1902, dtype: object",,514.0851299,0,제외,0,0,0,0,0,0,0,0,0,0,0,0,0,0,0,,,,0.84,66.05,,,,,0,,2026-09-30 13:46:58
370090,퓨런티어,"market    KOSDAQ
market       KSQ
Name: 1903, dtype: object",,512.554117,0,제외,0,0,0,0,0,0,0,0,0,0,0,0,0,0,0,,,,0.24,31.64,,,,,0,,2026-09-30 13:47:04
052790,액토즈소프트,"market    KOSDAQ
market       KSQ
Name: 1905, dtype: object",,511.2687996,0,제외,0,0,0,0,0,0,0,0,0,0,0,0,0,0,0,,,,0.74,63.95,,,,,0,,2026-09-30 13:47:04
092300,현우산업,"market    KOSDAQ
market       KSQ
Name: 1906, dtype: object",,510.79922985,0,제외,0,0,0,0,0,0,0,0,0,0,0,0,0,0,0,,,,0.92,50.08,,,,,0,,2026-09-30 13:47:04
005305,롯데칠성우,"market    KOSPI
market      STK
Name: 1904, dtype: object",,512.47991,0,제외,0,0,0,0,0,0,0,0,0,0,0,0,0,0,0,,,,0.39,70.66,,,,,0,,2026-09-30 13:47:04
011230,삼화전자,"market    KOSPI
market      STK
Name: 1907, dtype: object",,509.809881,0,제외,0,0,0,0,0,0,0,0,0,0,0,0,0,0,0,,,,0.28,55.39,,,,,0,,2026-09-30 13:47:05
105760,포스뱅크,"market    KOSDAQ
market       KSQ
Name: 1908, dtype: object",,509.54435,0,제외,0,0,0,0,0,0,0,0,0,0,0,0,0,0,0,,,,0.25,72.39,,,,,0,,2026-09-30 13:47:05
015710,코콤,"market    KOSDAQ
market       KSQ
Name: 1909, dtype: object",,509.261025,0,제외,0,0,0,0,0,0,0,0,0,0,0,0,0,0,0,,,,0.71,63.77,,,,,0,,2026-09-30 13:47:11
123700,SJM,"market    KOSPI
market      STK
Name: 1910, dtype: object",,508.7196748,0,제외,0,0,0,0,0,0,0,0,0,0,0,0,0,0,0,,,,0.98,77.98,,,,,0,,2026-09-30 13:47:11
004830,덕성,"market    KOSPI
market      STK
Name: 1912, dtype: object",,507.248,0,제외,0,0,0,0,0,0,0,0,0,0,0,0,0,0,0,,,,0.41,54.87,,,,,0,,2026-09-30 13:47:12
179530,애드바이오텍,"market    KOSDAQ
market       KSQ
Name: 1913, dtype: object",,507.1851226,0,제외,0,0,0,0,0,0,0,0,0,0,0,0,0,0,0,,,,0.95,39.11,,,,,0,,2026-09-30 13:47:12
088910,동우팜투테이블,"market    KOSDAQ
market       KSQ
Name: 1914, dtype: object",,506.7187508,0,제외,0,0,0,0,0,0,0,0,0,0,0,0,0,0,0,,,,1.53,72.16,,,,,0,,2026-09-30 13:47:12
021050,서원,"market    KOSPI
market      STK
Name: 1915, dtype: object",,506.0791294,0,제외,0,0,0,0,0,0,0,0,0,0,0,0,0,0,0,,,,0.93,54.02,,,,,0,,2026-09-30 13:47:18
393970,대진첨단소재,"market    KOSDAQ
market       KSQ
Name: 1917, dtype: object",,504.285665,0,제외,0,0,0,0,0,0,0,0,0,0,0,0,0,0,0,,,,,33.75,,,,,0,,2026-09-30 13:47:18
023810,인팩,"market    KOSPI
market      STK
Name: 1918, dtype: object",,502.0,0,제외,0,0,0,0,0,0,0,0,0,0,0,0,0,0,0,,,,0.69,37.39,,,,,0,,2026-09-30 13:47:18
027050,코리아나,"market    KOSDAQ
market       KSQ
Name: 1916, dtype: object",,504.4,0,제외,0,0,0,0,0,0,0,0,0,0,0,0,0,0,0,,,,0.18,41.83,,,,,0,,2026-09-30 13:47:18
246690,TS인베스트먼트,"market    KOSDAQ
market       KSQ
Name: 1920, dtype: object",,501.7194714,0,제외,0,0,0,0,0,0,0,0,0,0,0,0,0,0,0,,,,0.55,45.46,,,,,0,,2026-09-30 13:47:19
256630,포인트엔지니어링,"market    KOSDAQ
market       KSQ
Name: 1921, dtype: object",,501.6746555,0,제외,0,0,0,0,0,0,0,0,0,0,0,0,0,0,0,,,,0.17,70.84,,,,,0,,2026-09-30 13:47:25
064800,포니링크,"market    KOSDAQ
market       KSQ
Name: 1923, dtype: object",,500.23775263,0,제외,0,0,0,0,0,0,0,0,0,0,0,0,0,0,0,,,,0.42,39.8,,,,,0,,2026-09-30 13:47:26
340810,시선AI,"market    KOSDAQ
market       KSQ
Name: 1922, dtype: object",,500.7864038,0,제외,0,0,0,0,0,0,0,0,0,0,0,0,0,0,0,,,,0.46,70.78,,,,,0,,2026-09-30 13:47:25
